;node_id;x;y;curve_id;is_boundary
0;1;0.0;0.0;0;True
1;2;0.01002004008016032;0.0;0;True
2;3;0.02004008016032064;0.0;0;True
3;4;0.03006012024048096;0.0;0;True
4;5;0.04008016032064128;0.0;0;True
5;6;0.0501002004008016;0.0;0;True
6;7;0.06012024048096192;0.0;0;True
7;8;0.07014028056112225;0.0;0;True
8;9;0.08016032064128256;0.0;0;True
9;10;0.09018036072144288;0.0;0;True
10;11;0.1002004008016032;0.0;0;True
11;12;0.11022044088176353;0.0;0;True
12;13;0.12024048096192384;0.0;0;True
13;14;0.13026052104208416;0.0;0;True
14;15;0.1402805611222445;0.0;0;True
15;16;0.1503006012024048;0.0;0;True
16;17;0.16032064128256512;0.0;0;True
17;18;0.17034068136272545;0.0;0;True
18;19;0.18036072144288576;0.0;0;True
19;20;0.1903807615230461;0.0;0;True
20;21;0.2004008016032064;0.0;0;True
21;22;0.21042084168336672;0.0;0;True
22;23;0.22044088176352705;0.0;0;True
23;24;0.23046092184368736;0.0;0;True
24;25;0.24048096192384769;0.0;0;True
25;26;0.250501002004008;0.0;0;True
26;27;0.2605210420841683;0.0;0;True
27;28;0.27054108216432865;0.0;0;True
28;29;0.280561122244489;0.0;0;True
29;30;0.2905811623246493;0.0;0;True
30;31;0.3006012024048096;0.0;0;True
31;32;0.3106212424849699;0.0;0;True
32;33;0.32064128256513025;0.0;0;True
33;34;0.3306613226452906;0.0;0;True
34;35;0.3406813627254509;0.0;0;True
35;36;0.3507014028056112;0.0;0;True
36;37;0.3607214428857715;0.0;0;True
37;38;0.37074148296593185;0.0;0;True
38;39;0.3807615230460922;0.0;0;True
39;40;0.3907815631262525;0.0;0;True
40;41;0.4008016032064128;0.0;0;True
41;42;0.4108216432865731;0.0;0;True
42;43;0.42084168336673344;0.0;0;True
43;44;0.4308617234468938;0.0;0;True
44;45;0.4408817635270541;0.0;0;True
45;46;0.45090180360721444;0.0;0;True
46;47;0.4609218436873747;0.0;0;True
47;48;0.47094188376753504;0.0;0;True
48;49;0.48096192384769537;0.0;0;True
49;50;0.4909819639278557;0.0;0;True
50;51;0.501002004008016;0.0;0;True
51;52;0.5110220440881763;0.0;0;True
52;53;0.5210420841683366;0.0;0;True
53;54;0.531062124248497;0.0;0;True
54;55;0.5410821643286573;0.0;0;True
55;56;0.5511022044088176;0.0;0;True
56;57;0.561122244488978;0.0;0;True
57;58;0.5711422845691383;0.0;0;True
58;59;0.5811623246492986;0.0;0;True
59;60;0.5911823647294588;0.0;0;True
60;61;0.6012024048096192;0.0;0;True
61;62;0.6112224448897795;0.0;0;True
62;63;0.6212424849699398;0.0;0;True
63;64;0.6312625250501002;0.0;0;True
64;65;0.6412825651302605;0.0;0;True
65;66;0.6513026052104208;0.0;0;True
66;67;0.6613226452905812;0.0;0;True
67;68;0.6713426853707415;0.0;0;True
68;69;0.6813627254509018;0.0;0;True
69;70;0.6913827655310621;0.0;0;True
70;71;0.7014028056112224;0.0;0;True
71;72;0.7114228456913827;0.0;0;True
72;73;0.721442885771543;0.0;0;True
73;74;0.7314629258517034;0.0;0;True
74;75;0.7414829659318637;0.0;0;True
75;76;0.751503006012024;0.0;0;True
76;77;0.7615230460921844;0.0;0;True
77;78;0.7715430861723447;0.0;0;True
78;79;0.781563126252505;0.0;0;True
79;80;0.7915831663326653;0.0;0;True
80;81;0.8016032064128256;0.0;0;True
81;82;0.8116232464929859;0.0;0;True
82;83;0.8216432865731462;0.0;0;True
83;84;0.8316633266533066;0.0;0;True
84;85;0.8416833667334669;0.0;0;True
85;86;0.8517034068136272;0.0;0;True
86;87;0.8617234468937875;0.0;0;True
87;88;0.8717434869739479;0.0;0;True
88;89;0.8817635270541082;0.0;0;True
89;90;0.8917835671342685;0.0;0;True
90;91;0.9018036072144289;0.0;0;True
91;92;0.9118236472945891;0.0;0;True
92;93;0.9218436873747494;0.0;0;True
93;94;0.9318637274549098;0.0;0;True
94;95;0.9418837675350701;0.0;0;True
95;96;0.9519038076152304;0.0;0;True
96;97;0.9619238476953907;0.0;0;True
97;98;0.9719438877755511;0.0;0;True
98;99;0.9819639278557114;0.0;0;True
99;100;0.9919839679358717;0.0;0;True
100;101;1.002004008016032;0.0;0;True
101;102;1.0120240480961924;0.0;0;True
102;103;1.0220440881763526;0.0;0;True
103;104;1.032064128256513;0.0;0;True
104;105;1.0420841683366733;0.0;0;True
105;106;1.0521042084168337;0.0;0;True
106;107;1.062124248496994;0.0;0;True
107;108;1.0721442885771542;0.0;0;True
108;109;1.0821643286573146;0.0;0;True
109;110;1.0921843687374748;0.0;0;True
110;111;1.1022044088176353;0.0;0;True
111;112;1.1122244488977955;0.0;0;True
112;113;1.122244488977956;0.0;0;True
113;114;1.1322645290581161;0.0;0;True
114;115;1.1422845691382766;0.0;0;True
115;116;1.1523046092184368;0.0;0;True
116;117;1.1623246492985972;0.0;0;True
117;118;1.1723446893787575;0.0;0;True
118;119;1.1823647294589177;0.0;0;True
119;120;1.1923847695390781;0.0;0;True
120;121;1.2024048096192383;0.0;0;True
121;122;1.2124248496993988;0.0;0;True
122;123;1.222444889779559;0.0;0;True
123;124;1.2324649298597194;0.0;0;True
124;125;1.2424849699398797;0.0;0;True
125;126;1.25250501002004;0.0;0;True
126;127;1.2625250501002003;0.0;0;True
127;128;1.2725450901803608;0.0;0;True
128;129;1.282565130260521;0.0;0;True
129;130;1.2925851703406812;0.0;0;True
130;131;1.3026052104208417;0.0;0;True
131;132;1.3126252505010019;0.0;0;True
132;133;1.3226452905811623;0.0;0;True
133;134;1.3326653306613225;0.0;0;True
134;135;1.342685370741483;0.0;0;True
135;136;1.3527054108216432;0.0;0;True
136;137;1.3627254509018036;0.0;0;True
137;138;1.3727454909819639;0.0;0;True
138;139;1.3827655310621243;0.0;0;True
139;140;1.3927855711422845;0.0;0;True
140;141;1.4028056112224447;0.0;0;True
141;142;1.4128256513026052;0.0;0;True
142;143;1.4228456913827654;0.0;0;True
143;144;1.4328657314629258;0.0;0;True
144;145;1.442885771543086;0.0;0;True
145;146;1.4529058116232465;0.0;0;True
146;147;1.4629258517034067;0.0;0;True
147;148;1.4729458917835672;0.0;0;True
148;149;1.4829659318637274;0.0;0;True
149;150;1.4929859719438878;0.0;0;True
150;151;1.503006012024048;0.0;0;True
151;152;1.5130260521042083;0.0;0;True
152;153;1.5230460921843687;0.0;0;True
153;154;1.533066132264529;0.0;0;True
154;155;1.5430861723446894;0.0;0;True
155;156;1.5531062124248496;0.0;0;True
156;157;1.56312625250501;0.0;0;True
157;158;1.5731462925851702;0.0;0;True
158;159;1.5831663326653307;0.0;0;True
159;160;1.593186372745491;0.0;0;True
160;161;1.6032064128256511;0.0;0;True
161;162;1.6132264529058116;0.0;0;True
162;163;1.6232464929859718;0.0;0;True
163;164;1.6332665330661322;0.0;0;True
164;165;1.6432865731462925;0.0;0;True
165;166;1.653306613226453;0.0;0;True
166;167;1.6633266533066131;0.0;0;True
167;168;1.6733466933867736;0.0;0;True
168;169;1.6833667334669338;0.0;0;True
169;170;1.6933867735470942;0.0;0;True
170;171;1.7034068136272544;0.0;0;True
171;172;1.7134268537074147;0.0;0;True
172;173;1.723446893787575;0.0;0;True
173;174;1.7334669338677353;0.0;0;True
174;175;1.7434869739478958;0.0;0;True
175;176;1.753507014028056;0.0;0;True
176;177;1.7635270541082164;0.0;0;True
177;178;1.7735470941883766;0.0;0;True
178;179;1.783567134268537;0.0;0;True
179;180;1.7935871743486973;0.0;0;True
180;181;1.8036072144288577;0.0;0;True
181;182;1.813627254509018;0.0;0;True
182;183;1.8236472945891782;0.0;0;True
183;184;1.8336673346693386;0.0;0;True
184;185;1.8436873747494988;0.0;0;True
185;186;1.8537074148296593;0.0;0;True
186;187;1.8637274549098195;0.0;0;True
187;188;1.87374749498998;0.0;0;True
188;189;1.8837675350701402;0.0;0;True
189;190;1.8937875751503006;0.0;0;True
190;191;1.9038076152304608;0.0;0;True
191;192;1.9138276553106213;0.0;0;True
192;193;1.9238476953907815;0.0;0;True
193;194;1.9338677354709417;0.0;0;True
194;195;1.9438877755511021;0.0;0;True
195;196;1.9539078156312624;0.0;0;True
196;197;1.9639278557114228;0.0;0;True
197;198;1.973947895791583;0.0;0;True
198;199;1.9839679358717435;0.0;0;True
199;200;1.9939879759519037;0.0;0;True
200;201;2.004008016032064;0.0;0;True
201;202;2.0140280561122244;0.0;0;True
202;203;2.024048096192385;0.0;0;True
203;204;2.034068136272545;0.0;0;True
204;205;2.0440881763527052;0.0;0;True
205;206;2.0541082164328657;0.0;0;True
206;207;2.064128256513026;0.0;0;True
207;208;2.074148296593186;0.0;0;True
208;209;2.0841683366733466;0.0;0;True
209;210;2.094188376753507;0.0;0;True
210;211;2.1042084168336674;0.0;0;True
211;212;2.1142284569138274;0.0;0;True
212;213;2.124248496993988;0.0;0;True
213;214;2.1342685370741483;0.0;0;True
214;215;2.1442885771543083;0.0;0;True
215;216;2.1543086172344688;0.0;0;True
216;217;2.164328657314629;0.0;0;True
217;218;2.1743486973947896;0.0;0;True
218;219;2.1843687374749496;0.0;0;True
219;220;2.19438877755511;0.0;0;True
220;221;2.2044088176352705;0.0;0;True
221;222;2.214428857715431;0.0;0;True
222;223;2.224448897795591;0.0;0;True
223;224;2.2344689378757514;0.0;0;True
224;225;2.244488977955912;0.0;0;True
225;226;2.254509018036072;0.0;0;True
226;227;2.2645290581162323;0.0;0;True
227;228;2.2745490981963927;0.0;0;True
228;229;2.284569138276553;0.0;0;True
229;230;2.294589178356713;0.0;0;True
230;231;2.3046092184368736;0.0;0;True
231;232;2.314629258517034;0.0;0;True
232;233;2.3246492985971945;0.0;0;True
233;234;2.3346693386773545;0.0;0;True
234;235;2.344689378757515;0.0;0;True
235;236;2.3547094188376754;0.0;0;True
236;237;2.3647294589178354;0.0;0;True
237;238;2.374749498997996;0.0;0;True
238;239;2.3847695390781563;0.0;0;True
239;240;2.3947895791583167;0.0;0;True
240;241;2.4048096192384767;0.0;0;True
241;242;2.414829659318637;0.0;0;True
242;243;2.4248496993987976;0.0;0;True
243;244;2.434869739478958;0.0;0;True
244;245;2.444889779559118;0.0;0;True
245;246;2.4549098196392785;0.0;0;True
246;247;2.464929859719439;0.0;0;True
247;248;2.474949899799599;0.0;0;True
248;249;2.4849699398797593;0.0;0;True
249;250;2.49498997995992;0.0;0;True
250;251;2.50501002004008;0.0;0;True
251;252;2.51503006012024;0.0;0;True
252;253;2.5250501002004007;0.0;0;True
253;254;2.535070140280561;0.0;0;True
254;255;2.5450901803607215;0.0;0;True
255;256;2.5551102204408815;0.0;0;True
256;257;2.565130260521042;0.0;0;True
257;258;2.5751503006012024;0.0;0;True
258;259;2.5851703406813624;0.0;0;True
259;260;2.595190380761523;0.0;0;True
260;261;2.6052104208416833;0.0;0;True
261;262;2.6152304609218437;0.0;0;True
262;263;2.6252505010020037;0.0;0;True
263;264;2.635270541082164;0.0;0;True
264;265;2.6452905811623246;0.0;0;True
265;266;2.655310621242485;0.0;0;True
266;267;2.665330661322645;0.0;0;True
267;268;2.6753507014028055;0.0;0;True
268;269;2.685370741482966;0.0;0;True
269;270;2.695390781563126;0.0;0;True
270;271;2.7054108216432864;0.0;0;True
271;272;2.715430861723447;0.0;0;True
272;273;2.7254509018036073;0.0;0;True
273;274;2.7354709418837673;0.0;0;True
274;275;2.7454909819639277;0.0;0;True
275;276;2.755511022044088;0.0;0;True
276;277;2.7655310621242486;0.0;0;True
277;278;2.7755511022044086;0.0;0;True
278;279;2.785571142284569;0.0;0;True
279;280;2.7955911823647295;0.0;0;True
280;281;2.8056112224448895;0.0;0;True
281;282;2.81563126252505;0.0;0;True
282;283;2.8256513026052104;0.0;0;True
283;284;2.835671342685371;0.0;0;True
284;285;2.845691382765531;0.0;0;True
285;286;2.8557114228456912;0.0;0;True
286;287;2.8657314629258517;0.0;0;True
287;288;2.875751503006012;0.0;0;True
288;289;2.885771543086172;0.0;0;True
289;290;2.8957915831663326;0.0;0;True
290;291;2.905811623246493;0.0;0;True
291;292;2.915831663326653;0.0;0;True
292;293;2.9258517034068134;0.0;0;True
293;294;2.935871743486974;0.0;0;True
294;295;2.9458917835671343;0.0;0;True
295;296;2.9559118236472943;0.0;0;True
296;297;2.9659318637274548;0.0;0;True
297;298;2.975951903807615;0.0;0;True
298;299;2.9859719438877756;0.0;0;True
299;300;2.9959919839679356;0.0;0;True
300;301;3.006012024048096;0.0;0;True
301;302;3.0160320641282565;0.0;0;True
302;303;3.0260521042084165;0.0;0;True
303;304;3.036072144288577;0.0;0;True
304;305;3.0460921843687374;0.0;0;True
305;306;3.056112224448898;0.0;0;True
306;307;3.066132264529058;0.0;0;True
307;308;3.0761523046092183;0.0;0;True
308;309;3.0861723446893787;0.0;0;True
309;310;3.096192384769539;0.0;0;True
310;311;3.106212424849699;0.0;0;True
311;312;3.1162324649298596;0.0;0;True
312;313;3.12625250501002;0.0;0;True
313;314;3.13627254509018;0.0;0;True
314;315;3.1462925851703405;0.0;0;True
315;316;3.156312625250501;0.0;0;True
316;317;3.1663326653306614;0.0;0;True
317;318;3.1763527054108214;0.0;0;True
318;319;3.186372745490982;0.0;0;True
319;320;3.1963927855711423;0.0;0;True
320;321;3.2064128256513023;0.0;0;True
321;322;3.2164328657314627;0.0;0;True
322;323;3.226452905811623;0.0;0;True
323;324;3.2364729458917836;0.0;0;True
324;325;3.2464929859719436;0.0;0;True
325;326;3.256513026052104;0.0;0;True
326;327;3.2665330661322645;0.0;0;True
327;328;3.276553106212425;0.0;0;True
328;329;3.286573146292585;0.0;0;True
329;330;3.2965931863727453;0.0;0;True
330;331;3.306613226452906;0.0;0;True
331;332;3.316633266533066;0.0;0;True
332;333;3.3266533066132262;0.0;0;True
333;334;3.3366733466933867;0.0;0;True
334;335;3.346693386773547;0.0;0;True
335;336;3.356713426853707;0.0;0;True
336;337;3.3667334669338675;0.0;0;True
337;338;3.376753507014028;0.0;0;True
338;339;3.3867735470941884;0.0;0;True
339;340;3.3967935871743484;0.0;0;True
340;341;3.406813627254509;0.0;0;True
341;342;3.4168336673346693;0.0;0;True
342;343;3.4268537074148293;0.0;0;True
343;344;3.4368737474949898;0.0;0;True
344;345;3.44689378757515;0.0;0;True
345;346;3.4569138276553106;0.0;0;True
346;347;3.4669338677354706;0.0;0;True
347;348;3.476953907815631;0.0;0;True
348;349;3.4869739478957915;0.0;0;True
349;350;3.496993987975952;0.0;0;True
350;351;3.507014028056112;0.0;0;True
351;352;3.5170340681362724;0.0;0;True
352;353;3.527054108216433;0.0;0;True
353;354;3.537074148296593;0.0;0;True
354;355;3.5470941883767533;0.0;0;True
355;356;3.5571142284569137;0.0;0;True
356;357;3.567134268537074;0.0;0;True
357;358;3.577154308617234;0.0;0;True
358;359;3.5871743486973946;0.0;0;True
359;360;3.597194388777555;0.0;0;True
360;361;3.6072144288577155;0.0;0;True
361;362;3.6172344689378755;0.0;0;True
362;363;3.627254509018036;0.0;0;True
363;364;3.6372745490981964;0.0;0;True
364;365;3.6472945891783564;0.0;0;True
365;366;3.657314629258517;0.0;0;True
366;367;3.6673346693386772;0.0;0;True
367;368;3.6773547094188377;0.0;0;True
368;369;3.6873747494989977;0.0;0;True
369;370;3.697394789579158;0.0;0;True
370;371;3.7074148296593186;0.0;0;True
371;372;3.717434869739479;0.0;0;True
372;373;3.727454909819639;0.0;0;True
373;374;3.7374749498997994;0.0;0;True
374;375;3.74749498997996;0.0;0;True
375;376;3.75751503006012;0.0;0;True
376;377;3.7675350701402803;0.0;0;True
377;378;3.7775551102204408;0.0;0;True
378;379;3.787575150300601;0.0;0;True
379;380;3.797595190380761;0.0;0;True
380;381;3.8076152304609217;0.0;0;True
381;382;3.817635270541082;0.0;0;True
382;383;3.8276553106212425;0.0;0;True
383;384;3.8376753507014025;0.0;0;True
384;385;3.847695390781563;0.0;0;True
385;386;3.8577154308617234;0.0;0;True
386;387;3.8677354709418834;0.0;0;True
387;388;3.877755511022044;0.0;0;True
388;389;3.8877755511022043;0.0;0;True
389;390;3.8977955911823647;0.0;0;True
390;391;3.9078156312625247;0.0;0;True
391;392;3.917835671342685;0.0;0;True
392;393;3.9278557114228456;0.0;0;True
393;394;3.937875751503006;0.0;0;True
394;395;3.947895791583166;0.0;0;True
395;396;3.9579158316633265;0.0;0;True
396;397;3.967935871743487;0.0;0;True
397;398;3.977955911823647;0.0;0;True
398;399;3.9879759519038074;0.0;0;True
399;400;3.997995991983968;0.0;0;True
400;401;4.008016032064128;0.0;0;True
401;402;4.018036072144288;0.0;0;True
402;403;4.028056112224449;0.0;0;True
403;404;4.038076152304609;0.0;0;True
404;405;4.04809619238477;0.0;0;True
405;406;4.05811623246493;0.0;0;True
406;407;4.06813627254509;0.0;0;True
407;408;4.07815631262525;0.0;0;True
408;409;4.0881763527054105;0.0;0;True
409;410;4.098196392785571;0.0;0;True
410;411;4.108216432865731;0.0;0;True
411;412;4.118236472945892;0.0;0;True
412;413;4.128256513026052;0.0;0;True
413;414;4.138276553106213;0.0;0;True
414;415;4.148296593186372;0.0;0;True
415;416;4.158316633266533;0.0;0;True
416;417;4.168336673346693;0.0;0;True
417;418;4.1783567134268536;0.0;0;True
418;419;4.188376753507014;0.0;0;True
419;420;4.198396793587174;0.0;0;True
420;421;4.208416833667335;0.0;0;True
421;422;4.218436873747494;0.0;0;True
422;423;4.228456913827655;0.0;0;True
423;424;4.238476953907815;0.0;0;True
424;425;4.248496993987976;0.0;0;True
425;426;4.258517034068136;0.0;0;True
426;427;4.268537074148297;0.0;0;True
427;428;4.278557114228457;0.0;0;True
428;429;4.288577154308617;0.0;0;True
429;430;4.298597194388777;0.0;0;True
430;431;4.3086172344689375;0.0;0;True
431;432;4.318637274549098;0.0;0;True
432;433;4.328657314629258;0.0;0;True
433;434;4.338677354709419;0.0;0;True
434;435;4.348697394789579;0.0;0;True
435;436;4.35871743486974;0.0;0;True
436;437;4.368737474949899;0.0;0;True
437;438;4.37875751503006;0.0;0;True
438;439;4.38877755511022;0.0;0;True
439;440;4.398797595190381;0.0;0;True
440;441;4.408817635270541;0.0;0;True
441;442;4.4188376753507015;0.0;0;True
442;443;4.428857715430862;0.0;0;True
443;444;4.4388777555110215;0.0;0;True
444;445;4.448897795591182;0.0;0;True
445;446;4.458917835671342;0.0;0;True
446;447;4.468937875751503;0.0;0;True
447;448;4.478957915831663;0.0;0;True
448;449;4.488977955911824;0.0;0;True
449;450;4.498997995991984;0.0;0;True
450;451;4.509018036072144;0.0;0;True
451;452;4.519038076152304;0.0;0;True
452;453;4.529058116232465;0.0;0;True
453;454;4.539078156312625;0.0;0;True
454;455;4.5490981963927855;0.0;0;True
455;456;4.559118236472946;0.0;0;True
456;457;4.569138276553106;0.0;0;True
457;458;4.579158316633267;0.0;0;True
458;459;4.589178356713426;0.0;0;True
459;460;4.599198396793587;0.0;0;True
460;461;4.609218436873747;0.0;0;True
461;462;4.619238476953908;0.0;0;True
462;463;4.629258517034068;0.0;0;True
463;464;4.6392785571142285;0.0;0;True
464;465;4.649298597194389;0.0;0;True
465;466;4.6593186372745485;0.0;0;True
466;467;4.669338677354709;0.0;0;True
467;468;4.679358717434869;0.0;0;True
468;469;4.68937875751503;0.0;0;True
469;470;4.69939879759519;0.0;0;True
470;471;4.709418837675351;0.0;0;True
471;472;4.719438877755511;0.0;0;True
472;473;4.729458917835671;0.0;0;True
473;474;4.739478957915831;0.0;0;True
474;475;4.749498997995992;0.0;0;True
475;476;4.759519038076152;0.0;0;True
476;477;4.7695390781563125;0.0;0;True
477;478;4.779559118236473;0.0;0;True
478;479;4.789579158316633;0.0;0;True
479;480;4.799599198396794;0.0;0;True
480;481;4.809619238476953;0.0;0;True
481;482;4.819639278557114;0.0;0;True
482;483;4.829659318637274;0.0;0;True
483;484;4.839679358717435;0.0;0;True
484;485;4.849699398797595;0.0;0;True
485;486;4.859719438877756;0.0;0;True
486;487;4.869739478957916;0.0;0;True
487;488;4.879759519038076;0.0;0;True
488;489;4.889779559118236;0.0;0;True
489;490;4.8997995991983965;0.0;0;True
490;491;4.909819639278557;0.0;0;True
491;492;4.919839679358717;0.0;0;True
492;493;4.929859719438878;0.0;0;True
493;494;4.939879759519038;0.0;0;True
494;495;4.949899799599198;0.0;0;True
495;496;4.959919839679358;0.0;0;True
496;497;4.969939879759519;0.0;0;True
497;498;4.979959919839679;0.0;0;True
498;499;4.98997995991984;0.0;0;True
499;500;5.0;0.0;0;True
500;501;0.0;0.041666666666666664;1;False
501;502;0.01002004008016032;0.041666666666666664;1;False
502;503;0.02004008016032064;0.041666666666666664;1;False
503;504;0.03006012024048096;0.041666666666666664;1;False
504;505;0.04008016032064128;0.041666666666666664;1;False
505;506;0.0501002004008016;0.041666666666666664;1;False
506;507;0.06012024048096192;0.041666666666666664;1;False
507;508;0.07014028056112225;0.041666666666666664;1;False
508;509;0.08016032064128256;0.041666666666666664;1;False
509;510;0.09018036072144288;0.041666666666666664;1;False
510;511;0.1002004008016032;0.041666666666666664;1;False
511;512;0.11022044088176353;0.041666666666666664;1;False
512;513;0.12024048096192384;0.041666666666666664;1;False
513;514;0.13026052104208416;0.041666666666666664;1;False
514;515;0.1402805611222445;0.041666666666666664;1;False
515;516;0.1503006012024048;0.041666666666666664;1;False
516;517;0.16032064128256512;0.041666666666666664;1;False
517;518;0.17034068136272545;0.041666666666666664;1;False
518;519;0.18036072144288576;0.041666666666666664;1;False
519;520;0.1903807615230461;0.041666666666666664;1;False
520;521;0.2004008016032064;0.041666666666666664;1;False
521;522;0.21042084168336672;0.041666666666666664;1;False
522;523;0.22044088176352705;0.041666666666666664;1;False
523;524;0.23046092184368736;0.041666666666666664;1;False
524;525;0.24048096192384769;0.041666666666666664;1;False
525;526;0.250501002004008;0.041666666666666664;1;False
526;527;0.2605210420841683;0.041666666666666664;1;False
527;528;0.27054108216432865;0.041666666666666664;1;False
528;529;0.280561122244489;0.041666666666666664;1;False
529;530;0.2905811623246493;0.041666666666666664;1;False
530;531;0.3006012024048096;0.041666666666666664;1;False
531;532;0.3106212424849699;0.041666666666666664;1;False
532;533;0.32064128256513025;0.041666666666666664;1;False
533;534;0.3306613226452906;0.041666666666666664;1;False
534;535;0.3406813627254509;0.041666666666666664;1;False
535;536;0.3507014028056112;0.041666666666666664;1;False
536;537;0.3607214428857715;0.041666666666666664;1;False
537;538;0.37074148296593185;0.041666666666666664;1;False
538;539;0.3807615230460922;0.041666666666666664;1;False
539;540;0.3907815631262525;0.041666666666666664;1;False
540;541;0.4008016032064128;0.041666666666666664;1;False
541;542;0.4108216432865731;0.041666666666666664;1;False
542;543;0.42084168336673344;0.041666666666666664;1;False
543;544;0.4308617234468938;0.041666666666666664;1;False
544;545;0.4408817635270541;0.041666666666666664;1;False
545;546;0.45090180360721444;0.041666666666666664;1;False
546;547;0.4609218436873747;0.041666666666666664;1;False
547;548;0.47094188376753504;0.041666666666666664;1;False
548;549;0.48096192384769537;0.041666666666666664;1;False
549;550;0.4909819639278557;0.041666666666666664;1;False
550;551;0.501002004008016;0.041666666666666664;1;False
551;552;0.5110220440881763;0.041666666666666664;1;False
552;553;0.5210420841683366;0.041666666666666664;1;False
553;554;0.531062124248497;0.041666666666666664;1;False
554;555;0.5410821643286573;0.041666666666666664;1;False
555;556;0.5511022044088176;0.041666666666666664;1;False
556;557;0.561122244488978;0.041666666666666664;1;False
557;558;0.5711422845691383;0.041666666666666664;1;False
558;559;0.5811623246492986;0.041666666666666664;1;False
559;560;0.5911823647294588;0.041666666666666664;1;False
560;561;0.6012024048096192;0.041666666666666664;1;False
561;562;0.6112224448897795;0.041666666666666664;1;False
562;563;0.6212424849699398;0.041666666666666664;1;False
563;564;0.6312625250501002;0.041666666666666664;1;False
564;565;0.6412825651302605;0.041666666666666664;1;False
565;566;0.6513026052104208;0.041666666666666664;1;False
566;567;0.6613226452905812;0.041666666666666664;1;False
567;568;0.6713426853707415;0.041666666666666664;1;False
568;569;0.6813627254509018;0.041666666666666664;1;False
569;570;0.6913827655310621;0.041666666666666664;1;False
570;571;0.7014028056112224;0.041666666666666664;1;False
571;572;0.7114228456913827;0.041666666666666664;1;False
572;573;0.721442885771543;0.041666666666666664;1;False
573;574;0.7314629258517034;0.041666666666666664;1;False
574;575;0.7414829659318637;0.041666666666666664;1;False
575;576;0.751503006012024;0.041666666666666664;1;False
576;577;0.7615230460921844;0.041666666666666664;1;False
577;578;0.7715430861723447;0.041666666666666664;1;False
578;579;0.781563126252505;0.041666666666666664;1;False
579;580;0.7915831663326653;0.041666666666666664;1;False
580;581;0.8016032064128256;0.041666666666666664;1;False
581;582;0.8116232464929859;0.041666666666666664;1;False
582;583;0.8216432865731462;0.041666666666666664;1;False
583;584;0.8316633266533066;0.041666666666666664;1;False
584;585;0.8416833667334669;0.041666666666666664;1;False
585;586;0.8517034068136272;0.041666666666666664;1;False
586;587;0.8617234468937875;0.041666666666666664;1;False
587;588;0.8717434869739479;0.041666666666666664;1;False
588;589;0.8817635270541082;0.041666666666666664;1;False
589;590;0.8917835671342685;0.041666666666666664;1;False
590;591;0.9018036072144289;0.041666666666666664;1;False
591;592;0.9118236472945891;0.041666666666666664;1;False
592;593;0.9218436873747494;0.041666666666666664;1;False
593;594;0.9318637274549098;0.041666666666666664;1;False
594;595;0.9418837675350701;0.041666666666666664;1;False
595;596;0.9519038076152304;0.041666666666666664;1;False
596;597;0.9619238476953907;0.041666666666666664;1;False
597;598;0.9719438877755511;0.041666666666666664;1;False
598;599;0.9819639278557114;0.041666666666666664;1;False
599;600;0.9919839679358717;0.041666666666666664;1;False
600;601;1.002004008016032;0.041666666666666664;1;False
601;602;1.0120240480961924;0.041666666666666664;1;False
602;603;1.0220440881763526;0.041666666666666664;1;False
603;604;1.032064128256513;0.041666666666666664;1;False
604;605;1.0420841683366733;0.041666666666666664;1;False
605;606;1.0521042084168337;0.041666666666666664;1;False
606;607;1.062124248496994;0.041666666666666664;1;False
607;608;1.0721442885771542;0.041666666666666664;1;False
608;609;1.0821643286573146;0.041666666666666664;1;False
609;610;1.0921843687374748;0.041666666666666664;1;False
610;611;1.1022044088176353;0.041666666666666664;1;False
611;612;1.1122244488977955;0.041666666666666664;1;False
612;613;1.122244488977956;0.041666666666666664;1;False
613;614;1.1322645290581161;0.041666666666666664;1;False
614;615;1.1422845691382766;0.041666666666666664;1;False
615;616;1.1523046092184368;0.041666666666666664;1;False
616;617;1.1623246492985972;0.041666666666666664;1;False
617;618;1.1723446893787575;0.041666666666666664;1;False
618;619;1.1823647294589177;0.041666666666666664;1;False
619;620;1.1923847695390781;0.041666666666666664;1;False
620;621;1.2024048096192383;0.041666666666666664;1;False
621;622;1.2124248496993988;0.041666666666666664;1;False
622;623;1.222444889779559;0.041666666666666664;1;False
623;624;1.2324649298597194;0.041666666666666664;1;False
624;625;1.2424849699398797;0.041666666666666664;1;False
625;626;1.25250501002004;0.041666666666666664;1;False
626;627;1.2625250501002003;0.041666666666666664;1;False
627;628;1.2725450901803608;0.041666666666666664;1;False
628;629;1.282565130260521;0.041666666666666664;1;False
629;630;1.2925851703406812;0.041666666666666664;1;False
630;631;1.3026052104208417;0.041666666666666664;1;False
631;632;1.3126252505010019;0.041666666666666664;1;False
632;633;1.3226452905811623;0.041666666666666664;1;False
633;634;1.3326653306613225;0.041666666666666664;1;False
634;635;1.342685370741483;0.041666666666666664;1;False
635;636;1.3527054108216432;0.041666666666666664;1;False
636;637;1.3627254509018036;0.041666666666666664;1;False
637;638;1.3727454909819639;0.041666666666666664;1;False
638;639;1.3827655310621243;0.041666666666666664;1;False
639;640;1.3927855711422845;0.041666666666666664;1;False
640;641;1.4028056112224447;0.041666666666666664;1;False
641;642;1.4128256513026052;0.041666666666666664;1;False
642;643;1.4228456913827654;0.041666666666666664;1;False
643;644;1.4328657314629258;0.041666666666666664;1;False
644;645;1.442885771543086;0.041666666666666664;1;False
645;646;1.4529058116232465;0.041666666666666664;1;False
646;647;1.4629258517034067;0.041666666666666664;1;False
647;648;1.4729458917835672;0.041666666666666664;1;False
648;649;1.4829659318637274;0.041666666666666664;1;False
649;650;1.4929859719438878;0.041666666666666664;1;False
650;651;1.503006012024048;0.041666666666666664;1;False
651;652;1.5130260521042083;0.041666666666666664;1;False
652;653;1.5230460921843687;0.041666666666666664;1;False
653;654;1.533066132264529;0.041666666666666664;1;False
654;655;1.5430861723446894;0.041666666666666664;1;False
655;656;1.5531062124248496;0.041666666666666664;1;False
656;657;1.56312625250501;0.041666666666666664;1;False
657;658;1.5731462925851702;0.041666666666666664;1;False
658;659;1.5831663326653307;0.041666666666666664;1;False
659;660;1.593186372745491;0.041666666666666664;1;False
660;661;1.6032064128256511;0.041666666666666664;1;False
661;662;1.6132264529058116;0.041666666666666664;1;False
662;663;1.6232464929859718;0.041666666666666664;1;False
663;664;1.6332665330661322;0.041666666666666664;1;False
664;665;1.6432865731462925;0.041666666666666664;1;False
665;666;1.653306613226453;0.041666666666666664;1;False
666;667;1.6633266533066131;0.041666666666666664;1;False
667;668;1.6733466933867736;0.041666666666666664;1;False
668;669;1.6833667334669338;0.041666666666666664;1;False
669;670;1.6933867735470942;0.041666666666666664;1;False
670;671;1.7034068136272544;0.041666666666666664;1;False
671;672;1.7134268537074147;0.041666666666666664;1;False
672;673;1.723446893787575;0.041666666666666664;1;False
673;674;1.7334669338677353;0.041666666666666664;1;False
674;675;1.7434869739478958;0.041666666666666664;1;False
675;676;1.753507014028056;0.041666666666666664;1;False
676;677;1.7635270541082164;0.041666666666666664;1;False
677;678;1.7735470941883766;0.041666666666666664;1;False
678;679;1.783567134268537;0.041666666666666664;1;False
679;680;1.7935871743486973;0.041666666666666664;1;False
680;681;1.8036072144288577;0.041666666666666664;1;False
681;682;1.813627254509018;0.041666666666666664;1;False
682;683;1.8236472945891782;0.041666666666666664;1;False
683;684;1.8336673346693386;0.041666666666666664;1;False
684;685;1.8436873747494988;0.041666666666666664;1;False
685;686;1.8537074148296593;0.041666666666666664;1;False
686;687;1.8637274549098195;0.041666666666666664;1;False
687;688;1.87374749498998;0.041666666666666664;1;False
688;689;1.8837675350701402;0.041666666666666664;1;False
689;690;1.8937875751503006;0.041666666666666664;1;False
690;691;1.9038076152304608;0.041666666666666664;1;False
691;692;1.9138276553106213;0.041666666666666664;1;False
692;693;1.9238476953907815;0.041666666666666664;1;False
693;694;1.9338677354709417;0.041666666666666664;1;False
694;695;1.9438877755511021;0.041666666666666664;1;False
695;696;1.9539078156312624;0.041666666666666664;1;False
696;697;1.9639278557114228;0.041666666666666664;1;False
697;698;1.973947895791583;0.041666666666666664;1;False
698;699;1.9839679358717435;0.041666666666666664;1;False
699;700;1.9939879759519037;0.041666666666666664;1;False
700;701;2.004008016032064;0.041666666666666664;1;False
701;702;2.0140280561122244;0.041666666666666664;1;False
702;703;2.024048096192385;0.041666666666666664;1;False
703;704;2.034068136272545;0.041666666666666664;1;False
704;705;2.0440881763527052;0.041666666666666664;1;False
705;706;2.0541082164328657;0.041666666666666664;1;False
706;707;2.064128256513026;0.041666666666666664;1;False
707;708;2.074148296593186;0.041666666666666664;1;False
708;709;2.0841683366733466;0.041666666666666664;1;False
709;710;2.094188376753507;0.041666666666666664;1;False
710;711;2.1042084168336674;0.041666666666666664;1;False
711;712;2.1142284569138274;0.041666666666666664;1;False
712;713;2.124248496993988;0.041666666666666664;1;False
713;714;2.1342685370741483;0.041666666666666664;1;False
714;715;2.1442885771543083;0.041666666666666664;1;False
715;716;2.1543086172344688;0.041666666666666664;1;False
716;717;2.164328657314629;0.041666666666666664;1;False
717;718;2.1743486973947896;0.041666666666666664;1;False
718;719;2.1843687374749496;0.041666666666666664;1;False
719;720;2.19438877755511;0.041666666666666664;1;False
720;721;2.2044088176352705;0.041666666666666664;1;False
721;722;2.214428857715431;0.041666666666666664;1;False
722;723;2.224448897795591;0.041666666666666664;1;False
723;724;2.2344689378757514;0.041666666666666664;1;False
724;725;2.244488977955912;0.041666666666666664;1;False
725;726;2.254509018036072;0.041666666666666664;1;False
726;727;2.2645290581162323;0.041666666666666664;1;False
727;728;2.2745490981963927;0.041666666666666664;1;False
728;729;2.284569138276553;0.041666666666666664;1;False
729;730;2.294589178356713;0.041666666666666664;1;False
730;731;2.3046092184368736;0.041666666666666664;1;False
731;732;2.314629258517034;0.041666666666666664;1;False
732;733;2.3246492985971945;0.041666666666666664;1;False
733;734;2.3346693386773545;0.041666666666666664;1;False
734;735;2.344689378757515;0.041666666666666664;1;False
735;736;2.3547094188376754;0.041666666666666664;1;False
736;737;2.3647294589178354;0.041666666666666664;1;False
737;738;2.374749498997996;0.041666666666666664;1;False
738;739;2.3847695390781563;0.041666666666666664;1;False
739;740;2.3947895791583167;0.041666666666666664;1;False
740;741;2.4048096192384767;0.041666666666666664;1;False
741;742;2.414829659318637;0.041666666666666664;1;False
742;743;2.4248496993987976;0.041666666666666664;1;False
743;744;2.434869739478958;0.041666666666666664;1;False
744;745;2.444889779559118;0.041666666666666664;1;False
745;746;2.4549098196392785;0.041666666666666664;1;False
746;747;2.464929859719439;0.041666666666666664;1;False
747;748;2.474949899799599;0.041666666666666664;1;False
748;749;2.4849699398797593;0.041666666666666664;1;False
749;750;2.49498997995992;0.041666666666666664;1;False
750;751;2.50501002004008;0.041666666666666664;1;False
751;752;2.51503006012024;0.041666666666666664;1;False
752;753;2.5250501002004007;0.041666666666666664;1;False
753;754;2.535070140280561;0.041666666666666664;1;False
754;755;2.5450901803607215;0.041666666666666664;1;False
755;756;2.5551102204408815;0.041666666666666664;1;False
756;757;2.565130260521042;0.041666666666666664;1;False
757;758;2.5751503006012024;0.041666666666666664;1;False
758;759;2.5851703406813624;0.041666666666666664;1;False
759;760;2.595190380761523;0.041666666666666664;1;False
760;761;2.6052104208416833;0.041666666666666664;1;False
761;762;2.6152304609218437;0.041666666666666664;1;False
762;763;2.6252505010020037;0.041666666666666664;1;False
763;764;2.635270541082164;0.041666666666666664;1;False
764;765;2.6452905811623246;0.041666666666666664;1;False
765;766;2.655310621242485;0.041666666666666664;1;False
766;767;2.665330661322645;0.041666666666666664;1;False
767;768;2.6753507014028055;0.041666666666666664;1;False
768;769;2.685370741482966;0.041666666666666664;1;False
769;770;2.695390781563126;0.041666666666666664;1;False
770;771;2.7054108216432864;0.041666666666666664;1;False
771;772;2.715430861723447;0.041666666666666664;1;False
772;773;2.7254509018036073;0.041666666666666664;1;False
773;774;2.7354709418837673;0.041666666666666664;1;False
774;775;2.7454909819639277;0.041666666666666664;1;False
775;776;2.755511022044088;0.041666666666666664;1;False
776;777;2.7655310621242486;0.041666666666666664;1;False
777;778;2.7755511022044086;0.041666666666666664;1;False
778;779;2.785571142284569;0.041666666666666664;1;False
779;780;2.7955911823647295;0.041666666666666664;1;False
780;781;2.8056112224448895;0.041666666666666664;1;False
781;782;2.81563126252505;0.041666666666666664;1;False
782;783;2.8256513026052104;0.041666666666666664;1;False
783;784;2.835671342685371;0.041666666666666664;1;False
784;785;2.845691382765531;0.041666666666666664;1;False
785;786;2.8557114228456912;0.041666666666666664;1;False
786;787;2.8657314629258517;0.041666666666666664;1;False
787;788;2.875751503006012;0.041666666666666664;1;False
788;789;2.885771543086172;0.041666666666666664;1;False
789;790;2.8957915831663326;0.041666666666666664;1;False
790;791;2.905811623246493;0.041666666666666664;1;False
791;792;2.915831663326653;0.041666666666666664;1;False
792;793;2.9258517034068134;0.041666666666666664;1;False
793;794;2.935871743486974;0.041666666666666664;1;False
794;795;2.9458917835671343;0.041666666666666664;1;False
795;796;2.9559118236472943;0.041666666666666664;1;False
796;797;2.9659318637274548;0.041666666666666664;1;False
797;798;2.975951903807615;0.041666666666666664;1;False
798;799;2.9859719438877756;0.041666666666666664;1;False
799;800;2.9959919839679356;0.041666666666666664;1;False
800;801;3.006012024048096;0.041666666666666664;1;False
801;802;3.0160320641282565;0.041666666666666664;1;False
802;803;3.0260521042084165;0.041666666666666664;1;False
803;804;3.036072144288577;0.041666666666666664;1;False
804;805;3.0460921843687374;0.041666666666666664;1;False
805;806;3.056112224448898;0.041666666666666664;1;False
806;807;3.066132264529058;0.041666666666666664;1;False
807;808;3.0761523046092183;0.041666666666666664;1;False
808;809;3.0861723446893787;0.041666666666666664;1;False
809;810;3.096192384769539;0.041666666666666664;1;False
810;811;3.106212424849699;0.041666666666666664;1;False
811;812;3.1162324649298596;0.041666666666666664;1;False
812;813;3.12625250501002;0.041666666666666664;1;False
813;814;3.13627254509018;0.041666666666666664;1;False
814;815;3.1462925851703405;0.041666666666666664;1;False
815;816;3.156312625250501;0.041666666666666664;1;False
816;817;3.1663326653306614;0.041666666666666664;1;False
817;818;3.1763527054108214;0.041666666666666664;1;False
818;819;3.186372745490982;0.041666666666666664;1;False
819;820;3.1963927855711423;0.041666666666666664;1;False
820;821;3.2064128256513023;0.041666666666666664;1;False
821;822;3.2164328657314627;0.041666666666666664;1;False
822;823;3.226452905811623;0.041666666666666664;1;False
823;824;3.2364729458917836;0.041666666666666664;1;False
824;825;3.2464929859719436;0.041666666666666664;1;False
825;826;3.256513026052104;0.041666666666666664;1;False
826;827;3.2665330661322645;0.041666666666666664;1;False
827;828;3.276553106212425;0.041666666666666664;1;False
828;829;3.286573146292585;0.041666666666666664;1;False
829;830;3.2965931863727453;0.041666666666666664;1;False
830;831;3.306613226452906;0.041666666666666664;1;False
831;832;3.316633266533066;0.041666666666666664;1;False
832;833;3.3266533066132262;0.041666666666666664;1;False
833;834;3.3366733466933867;0.041666666666666664;1;False
834;835;3.346693386773547;0.041666666666666664;1;False
835;836;3.356713426853707;0.041666666666666664;1;False
836;837;3.3667334669338675;0.041666666666666664;1;False
837;838;3.376753507014028;0.041666666666666664;1;False
838;839;3.3867735470941884;0.041666666666666664;1;False
839;840;3.3967935871743484;0.041666666666666664;1;False
840;841;3.406813627254509;0.041666666666666664;1;False
841;842;3.4168336673346693;0.041666666666666664;1;False
842;843;3.4268537074148293;0.041666666666666664;1;False
843;844;3.4368737474949898;0.041666666666666664;1;False
844;845;3.44689378757515;0.041666666666666664;1;False
845;846;3.4569138276553106;0.041666666666666664;1;False
846;847;3.4669338677354706;0.041666666666666664;1;False
847;848;3.476953907815631;0.041666666666666664;1;False
848;849;3.4869739478957915;0.041666666666666664;1;False
849;850;3.496993987975952;0.041666666666666664;1;False
850;851;3.507014028056112;0.041666666666666664;1;False
851;852;3.5170340681362724;0.041666666666666664;1;False
852;853;3.527054108216433;0.041666666666666664;1;False
853;854;3.537074148296593;0.041666666666666664;1;False
854;855;3.5470941883767533;0.041666666666666664;1;False
855;856;3.5571142284569137;0.041666666666666664;1;False
856;857;3.567134268537074;0.041666666666666664;1;False
857;858;3.577154308617234;0.041666666666666664;1;False
858;859;3.5871743486973946;0.041666666666666664;1;False
859;860;3.597194388777555;0.041666666666666664;1;False
860;861;3.6072144288577155;0.041666666666666664;1;False
861;862;3.6172344689378755;0.041666666666666664;1;False
862;863;3.627254509018036;0.041666666666666664;1;False
863;864;3.6372745490981964;0.041666666666666664;1;False
864;865;3.6472945891783564;0.041666666666666664;1;False
865;866;3.657314629258517;0.041666666666666664;1;False
866;867;3.6673346693386772;0.041666666666666664;1;False
867;868;3.6773547094188377;0.041666666666666664;1;False
868;869;3.6873747494989977;0.041666666666666664;1;False
869;870;3.697394789579158;0.041666666666666664;1;False
870;871;3.7074148296593186;0.041666666666666664;1;False
871;872;3.717434869739479;0.041666666666666664;1;False
872;873;3.727454909819639;0.041666666666666664;1;False
873;874;3.7374749498997994;0.041666666666666664;1;False
874;875;3.74749498997996;0.041666666666666664;1;False
875;876;3.75751503006012;0.041666666666666664;1;False
876;877;3.7675350701402803;0.041666666666666664;1;False
877;878;3.7775551102204408;0.041666666666666664;1;False
878;879;3.787575150300601;0.041666666666666664;1;False
879;880;3.797595190380761;0.041666666666666664;1;False
880;881;3.8076152304609217;0.041666666666666664;1;False
881;882;3.817635270541082;0.041666666666666664;1;False
882;883;3.8276553106212425;0.041666666666666664;1;False
883;884;3.8376753507014025;0.041666666666666664;1;False
884;885;3.847695390781563;0.041666666666666664;1;False
885;886;3.8577154308617234;0.041666666666666664;1;False
886;887;3.8677354709418834;0.041666666666666664;1;False
887;888;3.877755511022044;0.041666666666666664;1;False
888;889;3.8877755511022043;0.041666666666666664;1;False
889;890;3.8977955911823647;0.041666666666666664;1;False
890;891;3.9078156312625247;0.041666666666666664;1;False
891;892;3.917835671342685;0.041666666666666664;1;False
892;893;3.9278557114228456;0.041666666666666664;1;False
893;894;3.937875751503006;0.041666666666666664;1;False
894;895;3.947895791583166;0.041666666666666664;1;False
895;896;3.9579158316633265;0.041666666666666664;1;False
896;897;3.967935871743487;0.041666666666666664;1;False
897;898;3.977955911823647;0.041666666666666664;1;False
898;899;3.9879759519038074;0.041666666666666664;1;False
899;900;3.997995991983968;0.041666666666666664;1;False
900;901;4.008016032064128;0.041666666666666664;1;False
901;902;4.018036072144288;0.041666666666666664;1;False
902;903;4.028056112224449;0.041666666666666664;1;False
903;904;4.038076152304609;0.041666666666666664;1;False
904;905;4.04809619238477;0.041666666666666664;1;False
905;906;4.05811623246493;0.041666666666666664;1;False
906;907;4.06813627254509;0.041666666666666664;1;False
907;908;4.07815631262525;0.041666666666666664;1;False
908;909;4.0881763527054105;0.041666666666666664;1;False
909;910;4.098196392785571;0.041666666666666664;1;False
910;911;4.108216432865731;0.041666666666666664;1;False
911;912;4.118236472945892;0.041666666666666664;1;False
912;913;4.128256513026052;0.041666666666666664;1;False
913;914;4.138276553106213;0.041666666666666664;1;False
914;915;4.148296593186372;0.041666666666666664;1;False
915;916;4.158316633266533;0.041666666666666664;1;False
916;917;4.168336673346693;0.041666666666666664;1;False
917;918;4.1783567134268536;0.041666666666666664;1;False
918;919;4.188376753507014;0.041666666666666664;1;False
919;920;4.198396793587174;0.041666666666666664;1;False
920;921;4.208416833667335;0.041666666666666664;1;False
921;922;4.218436873747494;0.041666666666666664;1;False
922;923;4.228456913827655;0.041666666666666664;1;False
923;924;4.238476953907815;0.041666666666666664;1;False
924;925;4.248496993987976;0.041666666666666664;1;False
925;926;4.258517034068136;0.041666666666666664;1;False
926;927;4.268537074148297;0.041666666666666664;1;False
927;928;4.278557114228457;0.041666666666666664;1;False
928;929;4.288577154308617;0.041666666666666664;1;False
929;930;4.298597194388777;0.041666666666666664;1;False
930;931;4.3086172344689375;0.041666666666666664;1;False
931;932;4.318637274549098;0.041666666666666664;1;False
932;933;4.328657314629258;0.041666666666666664;1;False
933;934;4.338677354709419;0.041666666666666664;1;False
934;935;4.348697394789579;0.041666666666666664;1;False
935;936;4.35871743486974;0.041666666666666664;1;False
936;937;4.368737474949899;0.041666666666666664;1;False
937;938;4.37875751503006;0.041666666666666664;1;False
938;939;4.38877755511022;0.041666666666666664;1;False
939;940;4.398797595190381;0.041666666666666664;1;False
940;941;4.408817635270541;0.041666666666666664;1;False
941;942;4.4188376753507015;0.041666666666666664;1;False
942;943;4.428857715430862;0.041666666666666664;1;False
943;944;4.4388777555110215;0.041666666666666664;1;False
944;945;4.448897795591182;0.041666666666666664;1;False
945;946;4.458917835671342;0.041666666666666664;1;False
946;947;4.468937875751503;0.041666666666666664;1;False
947;948;4.478957915831663;0.041666666666666664;1;False
948;949;4.488977955911824;0.041666666666666664;1;False
949;950;4.498997995991984;0.041666666666666664;1;False
950;951;4.509018036072144;0.041666666666666664;1;False
951;952;4.519038076152304;0.041666666666666664;1;False
952;953;4.529058116232465;0.041666666666666664;1;False
953;954;4.539078156312625;0.041666666666666664;1;False
954;955;4.5490981963927855;0.041666666666666664;1;False
955;956;4.559118236472946;0.041666666666666664;1;False
956;957;4.569138276553106;0.041666666666666664;1;False
957;958;4.579158316633267;0.041666666666666664;1;False
958;959;4.589178356713426;0.041666666666666664;1;False
959;960;4.599198396793587;0.041666666666666664;1;False
960;961;4.609218436873747;0.041666666666666664;1;False
961;962;4.619238476953908;0.041666666666666664;1;False
962;963;4.629258517034068;0.041666666666666664;1;False
963;964;4.6392785571142285;0.041666666666666664;1;False
964;965;4.649298597194389;0.041666666666666664;1;False
965;966;4.6593186372745485;0.041666666666666664;1;False
966;967;4.669338677354709;0.041666666666666664;1;False
967;968;4.679358717434869;0.041666666666666664;1;False
968;969;4.68937875751503;0.041666666666666664;1;False
969;970;4.69939879759519;0.041666666666666664;1;False
970;971;4.709418837675351;0.041666666666666664;1;False
971;972;4.719438877755511;0.041666666666666664;1;False
972;973;4.729458917835671;0.041666666666666664;1;False
973;974;4.739478957915831;0.041666666666666664;1;False
974;975;4.749498997995992;0.041666666666666664;1;False
975;976;4.759519038076152;0.041666666666666664;1;False
976;977;4.7695390781563125;0.041666666666666664;1;False
977;978;4.779559118236473;0.041666666666666664;1;False
978;979;4.789579158316633;0.041666666666666664;1;False
979;980;4.799599198396794;0.041666666666666664;1;False
980;981;4.809619238476953;0.041666666666666664;1;False
981;982;4.819639278557114;0.041666666666666664;1;False
982;983;4.829659318637274;0.041666666666666664;1;False
983;984;4.839679358717435;0.041666666666666664;1;False
984;985;4.849699398797595;0.041666666666666664;1;False
985;986;4.859719438877756;0.041666666666666664;1;False
986;987;4.869739478957916;0.041666666666666664;1;False
987;988;4.879759519038076;0.041666666666666664;1;False
988;989;4.889779559118236;0.041666666666666664;1;False
989;990;4.8997995991983965;0.041666666666666664;1;False
990;991;4.909819639278557;0.041666666666666664;1;False
991;992;4.919839679358717;0.041666666666666664;1;False
992;993;4.929859719438878;0.041666666666666664;1;False
993;994;4.939879759519038;0.041666666666666664;1;False
994;995;4.949899799599198;0.041666666666666664;1;False
995;996;4.959919839679358;0.041666666666666664;1;False
996;997;4.969939879759519;0.041666666666666664;1;False
997;998;4.979959919839679;0.041666666666666664;1;False
998;999;4.98997995991984;0.041666666666666664;1;False
999;1000;5.0;0.041666666666666664;1;False
1000;1001;0.0;0.08333333333333333;2;False
1001;1002;0.01002004008016032;0.08333333333333333;2;False
1002;1003;0.02004008016032064;0.08333333333333333;2;False
1003;1004;0.03006012024048096;0.08333333333333333;2;False
1004;1005;0.04008016032064128;0.08333333333333333;2;False
1005;1006;0.0501002004008016;0.08333333333333333;2;False
1006;1007;0.06012024048096192;0.08333333333333333;2;False
1007;1008;0.07014028056112225;0.08333333333333333;2;False
1008;1009;0.08016032064128256;0.08333333333333333;2;False
1009;1010;0.09018036072144288;0.08333333333333333;2;False
1010;1011;0.1002004008016032;0.08333333333333333;2;False
1011;1012;0.11022044088176353;0.08333333333333333;2;False
1012;1013;0.12024048096192384;0.08333333333333333;2;False
1013;1014;0.13026052104208416;0.08333333333333333;2;False
1014;1015;0.1402805611222445;0.08333333333333333;2;False
1015;1016;0.1503006012024048;0.08333333333333333;2;False
1016;1017;0.16032064128256512;0.08333333333333333;2;False
1017;1018;0.17034068136272545;0.08333333333333333;2;False
1018;1019;0.18036072144288576;0.08333333333333333;2;False
1019;1020;0.1903807615230461;0.08333333333333333;2;False
1020;1021;0.2004008016032064;0.08333333333333333;2;False
1021;1022;0.21042084168336672;0.08333333333333333;2;False
1022;1023;0.22044088176352705;0.08333333333333333;2;False
1023;1024;0.23046092184368736;0.08333333333333333;2;False
1024;1025;0.24048096192384769;0.08333333333333333;2;False
1025;1026;0.250501002004008;0.08333333333333333;2;False
1026;1027;0.2605210420841683;0.08333333333333333;2;False
1027;1028;0.27054108216432865;0.08333333333333333;2;False
1028;1029;0.280561122244489;0.08333333333333333;2;False
1029;1030;0.2905811623246493;0.08333333333333333;2;False
1030;1031;0.3006012024048096;0.08333333333333333;2;False
1031;1032;0.3106212424849699;0.08333333333333333;2;False
1032;1033;0.32064128256513025;0.08333333333333333;2;False
1033;1034;0.3306613226452906;0.08333333333333333;2;False
1034;1035;0.3406813627254509;0.08333333333333333;2;False
1035;1036;0.3507014028056112;0.08333333333333333;2;False
1036;1037;0.3607214428857715;0.08333333333333333;2;False
1037;1038;0.37074148296593185;0.08333333333333333;2;False
1038;1039;0.3807615230460922;0.08333333333333333;2;False
1039;1040;0.3907815631262525;0.08333333333333333;2;False
1040;1041;0.4008016032064128;0.08333333333333333;2;False
1041;1042;0.4108216432865731;0.08333333333333333;2;False
1042;1043;0.42084168336673344;0.08333333333333333;2;False
1043;1044;0.4308617234468938;0.08333333333333333;2;False
1044;1045;0.4408817635270541;0.08333333333333333;2;False
1045;1046;0.45090180360721444;0.08333333333333333;2;False
1046;1047;0.4609218436873747;0.08333333333333333;2;False
1047;1048;0.47094188376753504;0.08333333333333333;2;False
1048;1049;0.48096192384769537;0.08333333333333333;2;False
1049;1050;0.4909819639278557;0.08333333333333333;2;False
1050;1051;0.501002004008016;0.08333333333333333;2;False
1051;1052;0.5110220440881763;0.08333333333333333;2;False
1052;1053;0.5210420841683366;0.08333333333333333;2;False
1053;1054;0.531062124248497;0.08333333333333333;2;False
1054;1055;0.5410821643286573;0.08333333333333333;2;False
1055;1056;0.5511022044088176;0.08333333333333333;2;False
1056;1057;0.561122244488978;0.08333333333333333;2;False
1057;1058;0.5711422845691383;0.08333333333333333;2;False
1058;1059;0.5811623246492986;0.08333333333333333;2;False
1059;1060;0.5911823647294588;0.08333333333333333;2;False
1060;1061;0.6012024048096192;0.08333333333333333;2;False
1061;1062;0.6112224448897795;0.08333333333333333;2;False
1062;1063;0.6212424849699398;0.08333333333333333;2;False
1063;1064;0.6312625250501002;0.08333333333333333;2;False
1064;1065;0.6412825651302605;0.08333333333333333;2;False
1065;1066;0.6513026052104208;0.08333333333333333;2;False
1066;1067;0.6613226452905812;0.08333333333333333;2;False
1067;1068;0.6713426853707415;0.08333333333333333;2;False
1068;1069;0.6813627254509018;0.08333333333333333;2;False
1069;1070;0.6913827655310621;0.08333333333333333;2;False
1070;1071;0.7014028056112224;0.08333333333333333;2;False
1071;1072;0.7114228456913827;0.08333333333333333;2;False
1072;1073;0.721442885771543;0.08333333333333333;2;False
1073;1074;0.7314629258517034;0.08333333333333333;2;False
1074;1075;0.7414829659318637;0.08333333333333333;2;False
1075;1076;0.751503006012024;0.08333333333333333;2;False
1076;1077;0.7615230460921844;0.08333333333333333;2;False
1077;1078;0.7715430861723447;0.08333333333333333;2;False
1078;1079;0.781563126252505;0.08333333333333333;2;False
1079;1080;0.7915831663326653;0.08333333333333333;2;False
1080;1081;0.8016032064128256;0.08333333333333333;2;False
1081;1082;0.8116232464929859;0.08333333333333333;2;False
1082;1083;0.8216432865731462;0.08333333333333333;2;False
1083;1084;0.8316633266533066;0.08333333333333333;2;False
1084;1085;0.8416833667334669;0.08333333333333333;2;False
1085;1086;0.8517034068136272;0.08333333333333333;2;False
1086;1087;0.8617234468937875;0.08333333333333333;2;False
1087;1088;0.8717434869739479;0.08333333333333333;2;False
1088;1089;0.8817635270541082;0.08333333333333333;2;False
1089;1090;0.8917835671342685;0.08333333333333333;2;False
1090;1091;0.9018036072144289;0.08333333333333333;2;False
1091;1092;0.9118236472945891;0.08333333333333333;2;False
1092;1093;0.9218436873747494;0.08333333333333333;2;False
1093;1094;0.9318637274549098;0.08333333333333333;2;False
1094;1095;0.9418837675350701;0.08333333333333333;2;False
1095;1096;0.9519038076152304;0.08333333333333333;2;False
1096;1097;0.9619238476953907;0.08333333333333333;2;False
1097;1098;0.9719438877755511;0.08333333333333333;2;False
1098;1099;0.9819639278557114;0.08333333333333333;2;False
1099;1100;0.9919839679358717;0.08333333333333333;2;False
1100;1101;1.002004008016032;0.08333333333333333;2;False
1101;1102;1.0120240480961924;0.08333333333333333;2;False
1102;1103;1.0220440881763526;0.08333333333333333;2;False
1103;1104;1.032064128256513;0.08333333333333333;2;False
1104;1105;1.0420841683366733;0.08333333333333333;2;False
1105;1106;1.0521042084168337;0.08333333333333333;2;False
1106;1107;1.062124248496994;0.08333333333333333;2;False
1107;1108;1.0721442885771542;0.08333333333333333;2;False
1108;1109;1.0821643286573146;0.08333333333333333;2;False
1109;1110;1.0921843687374748;0.08333333333333333;2;False
1110;1111;1.1022044088176353;0.08333333333333333;2;False
1111;1112;1.1122244488977955;0.08333333333333333;2;False
1112;1113;1.122244488977956;0.08333333333333333;2;False
1113;1114;1.1322645290581161;0.08333333333333333;2;False
1114;1115;1.1422845691382766;0.08333333333333333;2;False
1115;1116;1.1523046092184368;0.08333333333333333;2;False
1116;1117;1.1623246492985972;0.08333333333333333;2;False
1117;1118;1.1723446893787575;0.08333333333333333;2;False
1118;1119;1.1823647294589177;0.08333333333333333;2;False
1119;1120;1.1923847695390781;0.08333333333333333;2;False
1120;1121;1.2024048096192383;0.08333333333333333;2;False
1121;1122;1.2124248496993988;0.08333333333333333;2;False
1122;1123;1.222444889779559;0.08333333333333333;2;False
1123;1124;1.2324649298597194;0.08333333333333333;2;False
1124;1125;1.2424849699398797;0.08333333333333333;2;False
1125;1126;1.25250501002004;0.08333333333333333;2;False
1126;1127;1.2625250501002003;0.08333333333333333;2;False
1127;1128;1.2725450901803608;0.08333333333333333;2;False
1128;1129;1.282565130260521;0.08333333333333333;2;False
1129;1130;1.2925851703406812;0.08333333333333333;2;False
1130;1131;1.3026052104208417;0.08333333333333333;2;False
1131;1132;1.3126252505010019;0.08333333333333333;2;False
1132;1133;1.3226452905811623;0.08333333333333333;2;False
1133;1134;1.3326653306613225;0.08333333333333333;2;False
1134;1135;1.342685370741483;0.08333333333333333;2;False
1135;1136;1.3527054108216432;0.08333333333333333;2;False
1136;1137;1.3627254509018036;0.08333333333333333;2;False
1137;1138;1.3727454909819639;0.08333333333333333;2;False
1138;1139;1.3827655310621243;0.08333333333333333;2;False
1139;1140;1.3927855711422845;0.08333333333333333;2;False
1140;1141;1.4028056112224447;0.08333333333333333;2;False
1141;1142;1.4128256513026052;0.08333333333333333;2;False
1142;1143;1.4228456913827654;0.08333333333333333;2;False
1143;1144;1.4328657314629258;0.08333333333333333;2;False
1144;1145;1.442885771543086;0.08333333333333333;2;False
1145;1146;1.4529058116232465;0.08333333333333333;2;False
1146;1147;1.4629258517034067;0.08333333333333333;2;False
1147;1148;1.4729458917835672;0.08333333333333333;2;False
1148;1149;1.4829659318637274;0.08333333333333333;2;False
1149;1150;1.4929859719438878;0.08333333333333333;2;False
1150;1151;1.503006012024048;0.08333333333333333;2;False
1151;1152;1.5130260521042083;0.08333333333333333;2;False
1152;1153;1.5230460921843687;0.08333333333333333;2;False
1153;1154;1.533066132264529;0.08333333333333333;2;False
1154;1155;1.5430861723446894;0.08333333333333333;2;False
1155;1156;1.5531062124248496;0.08333333333333333;2;False
1156;1157;1.56312625250501;0.08333333333333333;2;False
1157;1158;1.5731462925851702;0.08333333333333333;2;False
1158;1159;1.5831663326653307;0.08333333333333333;2;False
1159;1160;1.593186372745491;0.08333333333333333;2;False
1160;1161;1.6032064128256511;0.08333333333333333;2;False
1161;1162;1.6132264529058116;0.08333333333333333;2;False
1162;1163;1.6232464929859718;0.08333333333333333;2;False
1163;1164;1.6332665330661322;0.08333333333333333;2;False
1164;1165;1.6432865731462925;0.08333333333333333;2;False
1165;1166;1.653306613226453;0.08333333333333333;2;False
1166;1167;1.6633266533066131;0.08333333333333333;2;False
1167;1168;1.6733466933867736;0.08333333333333333;2;False
1168;1169;1.6833667334669338;0.08333333333333333;2;False
1169;1170;1.6933867735470942;0.08333333333333333;2;False
1170;1171;1.7034068136272544;0.08333333333333333;2;False
1171;1172;1.7134268537074147;0.08333333333333333;2;False
1172;1173;1.723446893787575;0.08333333333333333;2;False
1173;1174;1.7334669338677353;0.08333333333333333;2;False
1174;1175;1.7434869739478958;0.08333333333333333;2;False
1175;1176;1.753507014028056;0.08333333333333333;2;False
1176;1177;1.7635270541082164;0.08333333333333333;2;False
1177;1178;1.7735470941883766;0.08333333333333333;2;False
1178;1179;1.783567134268537;0.08333333333333333;2;False
1179;1180;1.7935871743486973;0.08333333333333333;2;False
1180;1181;1.8036072144288577;0.08333333333333333;2;False
1181;1182;1.813627254509018;0.08333333333333333;2;False
1182;1183;1.8236472945891782;0.08333333333333333;2;False
1183;1184;1.8336673346693386;0.08333333333333333;2;False
1184;1185;1.8436873747494988;0.08333333333333333;2;False
1185;1186;1.8537074148296593;0.08333333333333333;2;False
1186;1187;1.8637274549098195;0.08333333333333333;2;False
1187;1188;1.87374749498998;0.08333333333333333;2;False
1188;1189;1.8837675350701402;0.08333333333333333;2;False
1189;1190;1.8937875751503006;0.08333333333333333;2;False
1190;1191;1.9038076152304608;0.08333333333333333;2;False
1191;1192;1.9138276553106213;0.08333333333333333;2;False
1192;1193;1.9238476953907815;0.08333333333333333;2;False
1193;1194;1.9338677354709417;0.08333333333333333;2;False
1194;1195;1.9438877755511021;0.08333333333333333;2;False
1195;1196;1.9539078156312624;0.08333333333333333;2;False
1196;1197;1.9639278557114228;0.08333333333333333;2;False
1197;1198;1.973947895791583;0.08333333333333333;2;False
1198;1199;1.9839679358717435;0.08333333333333333;2;False
1199;1200;1.9939879759519037;0.08333333333333333;2;False
1200;1201;2.004008016032064;0.08333333333333333;2;False
1201;1202;2.0140280561122244;0.08333333333333333;2;False
1202;1203;2.024048096192385;0.08333333333333333;2;False
1203;1204;2.034068136272545;0.08333333333333333;2;False
1204;1205;2.0440881763527052;0.08333333333333333;2;False
1205;1206;2.0541082164328657;0.08333333333333333;2;False
1206;1207;2.064128256513026;0.08333333333333333;2;False
1207;1208;2.074148296593186;0.08333333333333333;2;False
1208;1209;2.0841683366733466;0.08333333333333333;2;False
1209;1210;2.094188376753507;0.08333333333333333;2;False
1210;1211;2.1042084168336674;0.08333333333333333;2;False
1211;1212;2.1142284569138274;0.08333333333333333;2;False
1212;1213;2.124248496993988;0.08333333333333333;2;False
1213;1214;2.1342685370741483;0.08333333333333333;2;False
1214;1215;2.1442885771543083;0.08333333333333333;2;False
1215;1216;2.1543086172344688;0.08333333333333333;2;False
1216;1217;2.164328657314629;0.08333333333333333;2;False
1217;1218;2.1743486973947896;0.08333333333333333;2;False
1218;1219;2.1843687374749496;0.08333333333333333;2;False
1219;1220;2.19438877755511;0.08333333333333333;2;False
1220;1221;2.2044088176352705;0.08333333333333333;2;False
1221;1222;2.214428857715431;0.08333333333333333;2;False
1222;1223;2.224448897795591;0.08333333333333333;2;False
1223;1224;2.2344689378757514;0.08333333333333333;2;False
1224;1225;2.244488977955912;0.08333333333333333;2;False
1225;1226;2.254509018036072;0.08333333333333333;2;False
1226;1227;2.2645290581162323;0.08333333333333333;2;False
1227;1228;2.2745490981963927;0.08333333333333333;2;False
1228;1229;2.284569138276553;0.08333333333333333;2;False
1229;1230;2.294589178356713;0.08333333333333333;2;False
1230;1231;2.3046092184368736;0.08333333333333333;2;False
1231;1232;2.314629258517034;0.08333333333333333;2;False
1232;1233;2.3246492985971945;0.08333333333333333;2;False
1233;1234;2.3346693386773545;0.08333333333333333;2;False
1234;1235;2.344689378757515;0.08333333333333333;2;False
1235;1236;2.3547094188376754;0.08333333333333333;2;False
1236;1237;2.3647294589178354;0.08333333333333333;2;False
1237;1238;2.374749498997996;0.08333333333333333;2;False
1238;1239;2.3847695390781563;0.08333333333333333;2;False
1239;1240;2.3947895791583167;0.08333333333333333;2;False
1240;1241;2.4048096192384767;0.08333333333333333;2;False
1241;1242;2.414829659318637;0.08333333333333333;2;False
1242;1243;2.4248496993987976;0.08333333333333333;2;False
1243;1244;2.434869739478958;0.08333333333333333;2;False
1244;1245;2.444889779559118;0.08333333333333333;2;False
1245;1246;2.4549098196392785;0.08333333333333333;2;False
1246;1247;2.464929859719439;0.08333333333333333;2;False
1247;1248;2.474949899799599;0.08333333333333333;2;False
1248;1249;2.4849699398797593;0.08333333333333333;2;False
1249;1250;2.49498997995992;0.08333333333333333;2;False
1250;1251;2.50501002004008;0.08333333333333333;2;False
1251;1252;2.51503006012024;0.08333333333333333;2;False
1252;1253;2.5250501002004007;0.08333333333333333;2;False
1253;1254;2.535070140280561;0.08333333333333333;2;False
1254;1255;2.5450901803607215;0.08333333333333333;2;False
1255;1256;2.5551102204408815;0.08333333333333333;2;False
1256;1257;2.565130260521042;0.08333333333333333;2;False
1257;1258;2.5751503006012024;0.08333333333333333;2;False
1258;1259;2.5851703406813624;0.08333333333333333;2;False
1259;1260;2.595190380761523;0.08333333333333333;2;False
1260;1261;2.6052104208416833;0.08333333333333333;2;False
1261;1262;2.6152304609218437;0.08333333333333333;2;False
1262;1263;2.6252505010020037;0.08333333333333333;2;False
1263;1264;2.635270541082164;0.08333333333333333;2;False
1264;1265;2.6452905811623246;0.08333333333333333;2;False
1265;1266;2.655310621242485;0.08333333333333333;2;False
1266;1267;2.665330661322645;0.08333333333333333;2;False
1267;1268;2.6753507014028055;0.08333333333333333;2;False
1268;1269;2.685370741482966;0.08333333333333333;2;False
1269;1270;2.695390781563126;0.08333333333333333;2;False
1270;1271;2.7054108216432864;0.08333333333333333;2;False
1271;1272;2.715430861723447;0.08333333333333333;2;False
1272;1273;2.7254509018036073;0.08333333333333333;2;False
1273;1274;2.7354709418837673;0.08333333333333333;2;False
1274;1275;2.7454909819639277;0.08333333333333333;2;False
1275;1276;2.755511022044088;0.08333333333333333;2;False
1276;1277;2.7655310621242486;0.08333333333333333;2;False
1277;1278;2.7755511022044086;0.08333333333333333;2;False
1278;1279;2.785571142284569;0.08333333333333333;2;False
1279;1280;2.7955911823647295;0.08333333333333333;2;False
1280;1281;2.8056112224448895;0.08333333333333333;2;False
1281;1282;2.81563126252505;0.08333333333333333;2;False
1282;1283;2.8256513026052104;0.08333333333333333;2;False
1283;1284;2.835671342685371;0.08333333333333333;2;False
1284;1285;2.845691382765531;0.08333333333333333;2;False
1285;1286;2.8557114228456912;0.08333333333333333;2;False
1286;1287;2.8657314629258517;0.08333333333333333;2;False
1287;1288;2.875751503006012;0.08333333333333333;2;False
1288;1289;2.885771543086172;0.08333333333333333;2;False
1289;1290;2.8957915831663326;0.08333333333333333;2;False
1290;1291;2.905811623246493;0.08333333333333333;2;False
1291;1292;2.915831663326653;0.08333333333333333;2;False
1292;1293;2.9258517034068134;0.08333333333333333;2;False
1293;1294;2.935871743486974;0.08333333333333333;2;False
1294;1295;2.9458917835671343;0.08333333333333333;2;False
1295;1296;2.9559118236472943;0.08333333333333333;2;False
1296;1297;2.9659318637274548;0.08333333333333333;2;False
1297;1298;2.975951903807615;0.08333333333333333;2;False
1298;1299;2.9859719438877756;0.08333333333333333;2;False
1299;1300;2.9959919839679356;0.08333333333333333;2;False
1300;1301;3.006012024048096;0.08333333333333333;2;False
1301;1302;3.0160320641282565;0.08333333333333333;2;False
1302;1303;3.0260521042084165;0.08333333333333333;2;False
1303;1304;3.036072144288577;0.08333333333333333;2;False
1304;1305;3.0460921843687374;0.08333333333333333;2;False
1305;1306;3.056112224448898;0.08333333333333333;2;False
1306;1307;3.066132264529058;0.08333333333333333;2;False
1307;1308;3.0761523046092183;0.08333333333333333;2;False
1308;1309;3.0861723446893787;0.08333333333333333;2;False
1309;1310;3.096192384769539;0.08333333333333333;2;False
1310;1311;3.106212424849699;0.08333333333333333;2;False
1311;1312;3.1162324649298596;0.08333333333333333;2;False
1312;1313;3.12625250501002;0.08333333333333333;2;False
1313;1314;3.13627254509018;0.08333333333333333;2;False
1314;1315;3.1462925851703405;0.08333333333333333;2;False
1315;1316;3.156312625250501;0.08333333333333333;2;False
1316;1317;3.1663326653306614;0.08333333333333333;2;False
1317;1318;3.1763527054108214;0.08333333333333333;2;False
1318;1319;3.186372745490982;0.08333333333333333;2;False
1319;1320;3.1963927855711423;0.08333333333333333;2;False
1320;1321;3.2064128256513023;0.08333333333333333;2;False
1321;1322;3.2164328657314627;0.08333333333333333;2;False
1322;1323;3.226452905811623;0.08333333333333333;2;False
1323;1324;3.2364729458917836;0.08333333333333333;2;False
1324;1325;3.2464929859719436;0.08333333333333333;2;False
1325;1326;3.256513026052104;0.08333333333333333;2;False
1326;1327;3.2665330661322645;0.08333333333333333;2;False
1327;1328;3.276553106212425;0.08333333333333333;2;False
1328;1329;3.286573146292585;0.08333333333333333;2;False
1329;1330;3.2965931863727453;0.08333333333333333;2;False
1330;1331;3.306613226452906;0.08333333333333333;2;False
1331;1332;3.316633266533066;0.08333333333333333;2;False
1332;1333;3.3266533066132262;0.08333333333333333;2;False
1333;1334;3.3366733466933867;0.08333333333333333;2;False
1334;1335;3.346693386773547;0.08333333333333333;2;False
1335;1336;3.356713426853707;0.08333333333333333;2;False
1336;1337;3.3667334669338675;0.08333333333333333;2;False
1337;1338;3.376753507014028;0.08333333333333333;2;False
1338;1339;3.3867735470941884;0.08333333333333333;2;False
1339;1340;3.3967935871743484;0.08333333333333333;2;False
1340;1341;3.406813627254509;0.08333333333333333;2;False
1341;1342;3.4168336673346693;0.08333333333333333;2;False
1342;1343;3.4268537074148293;0.08333333333333333;2;False
1343;1344;3.4368737474949898;0.08333333333333333;2;False
1344;1345;3.44689378757515;0.08333333333333333;2;False
1345;1346;3.4569138276553106;0.08333333333333333;2;False
1346;1347;3.4669338677354706;0.08333333333333333;2;False
1347;1348;3.476953907815631;0.08333333333333333;2;False
1348;1349;3.4869739478957915;0.08333333333333333;2;False
1349;1350;3.496993987975952;0.08333333333333333;2;False
1350;1351;3.507014028056112;0.08333333333333333;2;False
1351;1352;3.5170340681362724;0.08333333333333333;2;False
1352;1353;3.527054108216433;0.08333333333333333;2;False
1353;1354;3.537074148296593;0.08333333333333333;2;False
1354;1355;3.5470941883767533;0.08333333333333333;2;False
1355;1356;3.5571142284569137;0.08333333333333333;2;False
1356;1357;3.567134268537074;0.08333333333333333;2;False
1357;1358;3.577154308617234;0.08333333333333333;2;False
1358;1359;3.5871743486973946;0.08333333333333333;2;False
1359;1360;3.597194388777555;0.08333333333333333;2;False
1360;1361;3.6072144288577155;0.08333333333333333;2;False
1361;1362;3.6172344689378755;0.08333333333333333;2;False
1362;1363;3.627254509018036;0.08333333333333333;2;False
1363;1364;3.6372745490981964;0.08333333333333333;2;False
1364;1365;3.6472945891783564;0.08333333333333333;2;False
1365;1366;3.657314629258517;0.08333333333333333;2;False
1366;1367;3.6673346693386772;0.08333333333333333;2;False
1367;1368;3.6773547094188377;0.08333333333333333;2;False
1368;1369;3.6873747494989977;0.08333333333333333;2;False
1369;1370;3.697394789579158;0.08333333333333333;2;False
1370;1371;3.7074148296593186;0.08333333333333333;2;False
1371;1372;3.717434869739479;0.08333333333333333;2;False
1372;1373;3.727454909819639;0.08333333333333333;2;False
1373;1374;3.7374749498997994;0.08333333333333333;2;False
1374;1375;3.74749498997996;0.08333333333333333;2;False
1375;1376;3.75751503006012;0.08333333333333333;2;False
1376;1377;3.7675350701402803;0.08333333333333333;2;False
1377;1378;3.7775551102204408;0.08333333333333333;2;False
1378;1379;3.787575150300601;0.08333333333333333;2;False
1379;1380;3.797595190380761;0.08333333333333333;2;False
1380;1381;3.8076152304609217;0.08333333333333333;2;False
1381;1382;3.817635270541082;0.08333333333333333;2;False
1382;1383;3.8276553106212425;0.08333333333333333;2;False
1383;1384;3.8376753507014025;0.08333333333333333;2;False
1384;1385;3.847695390781563;0.08333333333333333;2;False
1385;1386;3.8577154308617234;0.08333333333333333;2;False
1386;1387;3.8677354709418834;0.08333333333333333;2;False
1387;1388;3.877755511022044;0.08333333333333333;2;False
1388;1389;3.8877755511022043;0.08333333333333333;2;False
1389;1390;3.8977955911823647;0.08333333333333333;2;False
1390;1391;3.9078156312625247;0.08333333333333333;2;False
1391;1392;3.917835671342685;0.08333333333333333;2;False
1392;1393;3.9278557114228456;0.08333333333333333;2;False
1393;1394;3.937875751503006;0.08333333333333333;2;False
1394;1395;3.947895791583166;0.08333333333333333;2;False
1395;1396;3.9579158316633265;0.08333333333333333;2;False
1396;1397;3.967935871743487;0.08333333333333333;2;False
1397;1398;3.977955911823647;0.08333333333333333;2;False
1398;1399;3.9879759519038074;0.08333333333333333;2;False
1399;1400;3.997995991983968;0.08333333333333333;2;False
1400;1401;4.008016032064128;0.08333333333333333;2;False
1401;1402;4.018036072144288;0.08333333333333333;2;False
1402;1403;4.028056112224449;0.08333333333333333;2;False
1403;1404;4.038076152304609;0.08333333333333333;2;False
1404;1405;4.04809619238477;0.08333333333333333;2;False
1405;1406;4.05811623246493;0.08333333333333333;2;False
1406;1407;4.06813627254509;0.08333333333333333;2;False
1407;1408;4.07815631262525;0.08333333333333333;2;False
1408;1409;4.0881763527054105;0.08333333333333333;2;False
1409;1410;4.098196392785571;0.08333333333333333;2;False
1410;1411;4.108216432865731;0.08333333333333333;2;False
1411;1412;4.118236472945892;0.08333333333333333;2;False
1412;1413;4.128256513026052;0.08333333333333333;2;False
1413;1414;4.138276553106213;0.08333333333333333;2;False
1414;1415;4.148296593186372;0.08333333333333333;2;False
1415;1416;4.158316633266533;0.08333333333333333;2;False
1416;1417;4.168336673346693;0.08333333333333333;2;False
1417;1418;4.1783567134268536;0.08333333333333333;2;False
1418;1419;4.188376753507014;0.08333333333333333;2;False
1419;1420;4.198396793587174;0.08333333333333333;2;False
1420;1421;4.208416833667335;0.08333333333333333;2;False
1421;1422;4.218436873747494;0.08333333333333333;2;False
1422;1423;4.228456913827655;0.08333333333333333;2;False
1423;1424;4.238476953907815;0.08333333333333333;2;False
1424;1425;4.248496993987976;0.08333333333333333;2;False
1425;1426;4.258517034068136;0.08333333333333333;2;False
1426;1427;4.268537074148297;0.08333333333333333;2;False
1427;1428;4.278557114228457;0.08333333333333333;2;False
1428;1429;4.288577154308617;0.08333333333333333;2;False
1429;1430;4.298597194388777;0.08333333333333333;2;False
1430;1431;4.3086172344689375;0.08333333333333333;2;False
1431;1432;4.318637274549098;0.08333333333333333;2;False
1432;1433;4.328657314629258;0.08333333333333333;2;False
1433;1434;4.338677354709419;0.08333333333333333;2;False
1434;1435;4.348697394789579;0.08333333333333333;2;False
1435;1436;4.35871743486974;0.08333333333333333;2;False
1436;1437;4.368737474949899;0.08333333333333333;2;False
1437;1438;4.37875751503006;0.08333333333333333;2;False
1438;1439;4.38877755511022;0.08333333333333333;2;False
1439;1440;4.398797595190381;0.08333333333333333;2;False
1440;1441;4.408817635270541;0.08333333333333333;2;False
1441;1442;4.4188376753507015;0.08333333333333333;2;False
1442;1443;4.428857715430862;0.08333333333333333;2;False
1443;1444;4.4388777555110215;0.08333333333333333;2;False
1444;1445;4.448897795591182;0.08333333333333333;2;False
1445;1446;4.458917835671342;0.08333333333333333;2;False
1446;1447;4.468937875751503;0.08333333333333333;2;False
1447;1448;4.478957915831663;0.08333333333333333;2;False
1448;1449;4.488977955911824;0.08333333333333333;2;False
1449;1450;4.498997995991984;0.08333333333333333;2;False
1450;1451;4.509018036072144;0.08333333333333333;2;False
1451;1452;4.519038076152304;0.08333333333333333;2;False
1452;1453;4.529058116232465;0.08333333333333333;2;False
1453;1454;4.539078156312625;0.08333333333333333;2;False
1454;1455;4.5490981963927855;0.08333333333333333;2;False
1455;1456;4.559118236472946;0.08333333333333333;2;False
1456;1457;4.569138276553106;0.08333333333333333;2;False
1457;1458;4.579158316633267;0.08333333333333333;2;False
1458;1459;4.589178356713426;0.08333333333333333;2;False
1459;1460;4.599198396793587;0.08333333333333333;2;False
1460;1461;4.609218436873747;0.08333333333333333;2;False
1461;1462;4.619238476953908;0.08333333333333333;2;False
1462;1463;4.629258517034068;0.08333333333333333;2;False
1463;1464;4.6392785571142285;0.08333333333333333;2;False
1464;1465;4.649298597194389;0.08333333333333333;2;False
1465;1466;4.6593186372745485;0.08333333333333333;2;False
1466;1467;4.669338677354709;0.08333333333333333;2;False
1467;1468;4.679358717434869;0.08333333333333333;2;False
1468;1469;4.68937875751503;0.08333333333333333;2;False
1469;1470;4.69939879759519;0.08333333333333333;2;False
1470;1471;4.709418837675351;0.08333333333333333;2;False
1471;1472;4.719438877755511;0.08333333333333333;2;False
1472;1473;4.729458917835671;0.08333333333333333;2;False
1473;1474;4.739478957915831;0.08333333333333333;2;False
1474;1475;4.749498997995992;0.08333333333333333;2;False
1475;1476;4.759519038076152;0.08333333333333333;2;False
1476;1477;4.7695390781563125;0.08333333333333333;2;False
1477;1478;4.779559118236473;0.08333333333333333;2;False
1478;1479;4.789579158316633;0.08333333333333333;2;False
1479;1480;4.799599198396794;0.08333333333333333;2;False
1480;1481;4.809619238476953;0.08333333333333333;2;False
1481;1482;4.819639278557114;0.08333333333333333;2;False
1482;1483;4.829659318637274;0.08333333333333333;2;False
1483;1484;4.839679358717435;0.08333333333333333;2;False
1484;1485;4.849699398797595;0.08333333333333333;2;False
1485;1486;4.859719438877756;0.08333333333333333;2;False
1486;1487;4.869739478957916;0.08333333333333333;2;False
1487;1488;4.879759519038076;0.08333333333333333;2;False
1488;1489;4.889779559118236;0.08333333333333333;2;False
1489;1490;4.8997995991983965;0.08333333333333333;2;False
1490;1491;4.909819639278557;0.08333333333333333;2;False
1491;1492;4.919839679358717;0.08333333333333333;2;False
1492;1493;4.929859719438878;0.08333333333333333;2;False
1493;1494;4.939879759519038;0.08333333333333333;2;False
1494;1495;4.949899799599198;0.08333333333333333;2;False
1495;1496;4.959919839679358;0.08333333333333333;2;False
1496;1497;4.969939879759519;0.08333333333333333;2;False
1497;1498;4.979959919839679;0.08333333333333333;2;False
1498;1499;4.98997995991984;0.08333333333333333;2;False
1499;1500;5.0;0.08333333333333333;2;False
1500;1501;0.0;0.125;3;True
1501;1502;0.01002004008016032;0.125;3;True
1502;1503;0.02004008016032064;0.125;3;True
1503;1504;0.03006012024048096;0.125;3;True
1504;1505;0.04008016032064128;0.125;3;True
1505;1506;0.0501002004008016;0.125;3;True
1506;1507;0.06012024048096192;0.125;3;True
1507;1508;0.07014028056112225;0.125;3;True
1508;1509;0.08016032064128256;0.125;3;True
1509;1510;0.09018036072144288;0.125;3;True
1510;1511;0.1002004008016032;0.125;3;True
1511;1512;0.11022044088176353;0.125;3;True
1512;1513;0.12024048096192384;0.125;3;True
1513;1514;0.13026052104208416;0.125;3;True
1514;1515;0.1402805611222445;0.125;3;True
1515;1516;0.1503006012024048;0.125;3;True
1516;1517;0.16032064128256512;0.125;3;True
1517;1518;0.17034068136272545;0.125;3;True
1518;1519;0.18036072144288576;0.125;3;True
1519;1520;0.1903807615230461;0.125;3;True
1520;1521;0.2004008016032064;0.125;3;True
1521;1522;0.21042084168336672;0.125;3;True
1522;1523;0.22044088176352705;0.125;3;True
1523;1524;0.23046092184368736;0.125;3;True
1524;1525;0.24048096192384769;0.125;3;True
1525;1526;0.250501002004008;0.125;3;True
1526;1527;0.2605210420841683;0.125;3;True
1527;1528;0.27054108216432865;0.125;3;True
1528;1529;0.280561122244489;0.125;3;True
1529;1530;0.2905811623246493;0.125;3;True
1530;1531;0.3006012024048096;0.125;3;True
1531;1532;0.3106212424849699;0.125;3;True
1532;1533;0.32064128256513025;0.125;3;True
1533;1534;0.3306613226452906;0.125;3;True
1534;1535;0.3406813627254509;0.125;3;True
1535;1536;0.3507014028056112;0.125;3;True
1536;1537;0.3607214428857715;0.125;3;True
1537;1538;0.37074148296593185;0.125;3;True
1538;1539;0.3807615230460922;0.125;3;True
1539;1540;0.3907815631262525;0.125;3;True
1540;1541;0.4008016032064128;0.125;3;True
1541;1542;0.4108216432865731;0.125;3;True
1542;1543;0.42084168336673344;0.125;3;True
1543;1544;0.4308617234468938;0.125;3;True
1544;1545;0.4408817635270541;0.125;3;True
1545;1546;0.45090180360721444;0.125;3;True
1546;1547;0.4609218436873747;0.125;3;True
1547;1548;0.47094188376753504;0.125;3;True
1548;1549;0.48096192384769537;0.125;3;True
1549;1550;0.4909819639278557;0.125;3;True
1550;1551;0.501002004008016;0.125;3;True
1551;1552;0.5110220440881763;0.125;3;True
1552;1553;0.5210420841683366;0.125;3;True
1553;1554;0.531062124248497;0.125;3;True
1554;1555;0.5410821643286573;0.125;3;True
1555;1556;0.5511022044088176;0.125;3;True
1556;1557;0.561122244488978;0.125;3;True
1557;1558;0.5711422845691383;0.125;3;True
1558;1559;0.5811623246492986;0.125;3;True
1559;1560;0.5911823647294588;0.125;3;True
1560;1561;0.6012024048096192;0.125;3;True
1561;1562;0.6112224448897795;0.125;3;True
1562;1563;0.6212424849699398;0.125;3;True
1563;1564;0.6312625250501002;0.125;3;True
1564;1565;0.6412825651302605;0.125;3;True
1565;1566;0.6513026052104208;0.125;3;True
1566;1567;0.6613226452905812;0.125;3;True
1567;1568;0.6713426853707415;0.125;3;True
1568;1569;0.6813627254509018;0.125;3;True
1569;1570;0.6913827655310621;0.125;3;True
1570;1571;0.7014028056112224;0.125;3;True
1571;1572;0.7114228456913827;0.125;3;True
1572;1573;0.721442885771543;0.125;3;True
1573;1574;0.7314629258517034;0.125;3;True
1574;1575;0.7414829659318637;0.125;3;True
1575;1576;0.751503006012024;0.125;3;True
1576;1577;0.7615230460921844;0.125;3;True
1577;1578;0.7715430861723447;0.125;3;True
1578;1579;0.781563126252505;0.125;3;True
1579;1580;0.7915831663326653;0.125;3;True
1580;1581;0.8016032064128256;0.125;3;True
1581;1582;0.8116232464929859;0.125;3;True
1582;1583;0.8216432865731462;0.125;3;True
1583;1584;0.8316633266533066;0.125;3;True
1584;1585;0.8416833667334669;0.125;3;True
1585;1586;0.8517034068136272;0.125;3;True
1586;1587;0.8617234468937875;0.125;3;True
1587;1588;0.8717434869739479;0.125;3;True
1588;1589;0.8817635270541082;0.125;3;True
1589;1590;0.8917835671342685;0.125;3;True
1590;1591;0.9018036072144289;0.125;3;True
1591;1592;0.9118236472945891;0.125;3;True
1592;1593;0.9218436873747494;0.125;3;True
1593;1594;0.9318637274549098;0.125;3;True
1594;1595;0.9418837675350701;0.125;3;True
1595;1596;0.9519038076152304;0.125;3;True
1596;1597;0.9619238476953907;0.125;3;True
1597;1598;0.9719438877755511;0.125;3;True
1598;1599;0.9819639278557114;0.125;3;True
1599;1600;0.9919839679358717;0.125;3;True
1600;1601;1.002004008016032;0.125;3;True
1601;1602;1.0120240480961924;0.125;3;True
1602;1603;1.0220440881763526;0.125;3;True
1603;1604;1.032064128256513;0.125;3;True
1604;1605;1.0420841683366733;0.125;3;True
1605;1606;1.0521042084168337;0.125;3;True
1606;1607;1.062124248496994;0.125;3;True
1607;1608;1.0721442885771542;0.125;3;True
1608;1609;1.0821643286573146;0.125;3;True
1609;1610;1.0921843687374748;0.125;3;True
1610;1611;1.1022044088176353;0.125;3;True
1611;1612;1.1122244488977955;0.125;3;True
1612;1613;1.122244488977956;0.125;3;True
1613;1614;1.1322645290581161;0.125;3;True
1614;1615;1.1422845691382766;0.125;3;True
1615;1616;1.1523046092184368;0.125;3;True
1616;1617;1.1623246492985972;0.125;3;True
1617;1618;1.1723446893787575;0.125;3;True
1618;1619;1.1823647294589177;0.125;3;True
1619;1620;1.1923847695390781;0.125;3;True
1620;1621;1.2024048096192383;0.125;3;True
1621;1622;1.2124248496993988;0.125;3;True
1622;1623;1.222444889779559;0.125;3;True
1623;1624;1.2324649298597194;0.125;3;True
1624;1625;1.2424849699398797;0.125;3;True
1625;1626;1.25250501002004;0.125;3;True
1626;1627;1.2625250501002003;0.125;3;True
1627;1628;1.2725450901803608;0.125;3;True
1628;1629;1.282565130260521;0.125;3;True
1629;1630;1.2925851703406812;0.125;3;True
1630;1631;1.3026052104208417;0.125;3;True
1631;1632;1.3126252505010019;0.125;3;True
1632;1633;1.3226452905811623;0.125;3;True
1633;1634;1.3326653306613225;0.125;3;True
1634;1635;1.342685370741483;0.125;3;True
1635;1636;1.3527054108216432;0.125;3;True
1636;1637;1.3627254509018036;0.125;3;True
1637;1638;1.3727454909819639;0.125;3;True
1638;1639;1.3827655310621243;0.125;3;True
1639;1640;1.3927855711422845;0.125;3;True
1640;1641;1.4028056112224447;0.125;3;True
1641;1642;1.4128256513026052;0.125;3;True
1642;1643;1.4228456913827654;0.125;3;True
1643;1644;1.4328657314629258;0.125;3;True
1644;1645;1.442885771543086;0.125;3;True
1645;1646;1.4529058116232465;0.125;3;True
1646;1647;1.4629258517034067;0.125;3;True
1647;1648;1.4729458917835672;0.125;3;True
1648;1649;1.4829659318637274;0.125;3;True
1649;1650;1.4929859719438878;0.125;3;True
1650;1651;1.503006012024048;0.125;3;True
1651;1652;1.5130260521042083;0.125;3;True
1652;1653;1.5230460921843687;0.125;3;True
1653;1654;1.533066132264529;0.125;3;True
1654;1655;1.5430861723446894;0.125;3;True
1655;1656;1.5531062124248496;0.125;3;True
1656;1657;1.56312625250501;0.125;3;True
1657;1658;1.5731462925851702;0.125;3;True
1658;1659;1.5831663326653307;0.125;3;True
1659;1660;1.593186372745491;0.125;3;True
1660;1661;1.6032064128256511;0.125;3;True
1661;1662;1.6132264529058116;0.125;3;True
1662;1663;1.6232464929859718;0.125;3;True
1663;1664;1.6332665330661322;0.125;3;True
1664;1665;1.6432865731462925;0.125;3;True
1665;1666;1.653306613226453;0.125;3;True
1666;1667;1.6633266533066131;0.125;3;True
1667;1668;1.6733466933867736;0.125;3;True
1668;1669;1.6833667334669338;0.125;3;True
1669;1670;1.6933867735470942;0.125;3;True
1670;1671;1.7034068136272544;0.125;3;True
1671;1672;1.7134268537074147;0.125;3;True
1672;1673;1.723446893787575;0.125;3;True
1673;1674;1.7334669338677353;0.125;3;True
1674;1675;1.7434869739478958;0.125;3;True
1675;1676;1.753507014028056;0.125;3;True
1676;1677;1.7635270541082164;0.125;3;True
1677;1678;1.7735470941883766;0.125;3;True
1678;1679;1.783567134268537;0.125;3;True
1679;1680;1.7935871743486973;0.125;3;True
1680;1681;1.8036072144288577;0.125;3;True
1681;1682;1.813627254509018;0.125;3;True
1682;1683;1.8236472945891782;0.125;3;True
1683;1684;1.8336673346693386;0.125;3;True
1684;1685;1.8436873747494988;0.125;3;True
1685;1686;1.8537074148296593;0.125;3;True
1686;1687;1.8637274549098195;0.125;3;True
1687;1688;1.87374749498998;0.125;3;True
1688;1689;1.8837675350701402;0.125;3;True
1689;1690;1.8937875751503006;0.125;3;True
1690;1691;1.9038076152304608;0.125;3;True
1691;1692;1.9138276553106213;0.125;3;True
1692;1693;1.9238476953907815;0.125;3;True
1693;1694;1.9338677354709417;0.125;3;True
1694;1695;1.9438877755511021;0.125;3;True
1695;1696;1.9539078156312624;0.125;3;True
1696;1697;1.9639278557114228;0.125;3;True
1697;1698;1.973947895791583;0.125;3;True
1698;1699;1.9839679358717435;0.125;3;True
1699;1700;1.9939879759519037;0.125;3;True
1700;1701;2.004008016032064;0.125;3;True
1701;1702;2.0140280561122244;0.125;3;True
1702;1703;2.024048096192385;0.125;3;True
1703;1704;2.034068136272545;0.125;3;True
1704;1705;2.0440881763527052;0.125;3;True
1705;1706;2.0541082164328657;0.125;3;True
1706;1707;2.064128256513026;0.125;3;True
1707;1708;2.074148296593186;0.125;3;True
1708;1709;2.0841683366733466;0.125;3;True
1709;1710;2.094188376753507;0.125;3;True
1710;1711;2.1042084168336674;0.125;3;True
1711;1712;2.1142284569138274;0.125;3;True
1712;1713;2.124248496993988;0.125;3;True
1713;1714;2.1342685370741483;0.125;3;True
1714;1715;2.1442885771543083;0.125;3;True
1715;1716;2.1543086172344688;0.125;3;True
1716;1717;2.164328657314629;0.125;3;True
1717;1718;2.1743486973947896;0.125;3;True
1718;1719;2.1843687374749496;0.125;3;True
1719;1720;2.19438877755511;0.125;3;True
1720;1721;2.2044088176352705;0.125;3;True
1721;1722;2.214428857715431;0.125;3;True
1722;1723;2.224448897795591;0.125;3;True
1723;1724;2.2344689378757514;0.125;3;True
1724;1725;2.244488977955912;0.125;3;True
1725;1726;2.254509018036072;0.125;3;True
1726;1727;2.2645290581162323;0.125;3;True
1727;1728;2.2745490981963927;0.125;3;True
1728;1729;2.284569138276553;0.125;3;True
1729;1730;2.294589178356713;0.125;3;True
1730;1731;2.3046092184368736;0.125;3;True
1731;1732;2.314629258517034;0.125;3;True
1732;1733;2.3246492985971945;0.125;3;True
1733;1734;2.3346693386773545;0.125;3;True
1734;1735;2.344689378757515;0.125;3;True
1735;1736;2.3547094188376754;0.125;3;True
1736;1737;2.3647294589178354;0.125;3;True
1737;1738;2.374749498997996;0.125;3;True
1738;1739;2.3847695390781563;0.125;3;True
1739;1740;2.3947895791583167;0.125;3;True
1740;1741;2.4048096192384767;0.125;3;True
1741;1742;2.414829659318637;0.125;3;True
1742;1743;2.4248496993987976;0.125;3;True
1743;1744;2.434869739478958;0.125;3;True
1744;1745;2.444889779559118;0.125;3;True
1745;1746;2.4549098196392785;0.125;3;True
1746;1747;2.464929859719439;0.125;3;True
1747;1748;2.474949899799599;0.125;3;True
1748;1749;2.4849699398797593;0.125;3;True
1749;1750;2.49498997995992;0.125;3;True
1750;1751;2.50501002004008;0.125;3;True
1751;1752;2.51503006012024;0.125;3;True
1752;1753;2.5250501002004007;0.125;3;True
1753;1754;2.535070140280561;0.125;3;True
1754;1755;2.5450901803607215;0.125;3;True
1755;1756;2.5551102204408815;0.125;3;True
1756;1757;2.565130260521042;0.125;3;True
1757;1758;2.5751503006012024;0.125;3;True
1758;1759;2.5851703406813624;0.125;3;True
1759;1760;2.595190380761523;0.125;3;True
1760;1761;2.6052104208416833;0.125;3;True
1761;1762;2.6152304609218437;0.125;3;True
1762;1763;2.6252505010020037;0.125;3;True
1763;1764;2.635270541082164;0.125;3;True
1764;1765;2.6452905811623246;0.125;3;True
1765;1766;2.655310621242485;0.125;3;True
1766;1767;2.665330661322645;0.125;3;True
1767;1768;2.6753507014028055;0.125;3;True
1768;1769;2.685370741482966;0.125;3;True
1769;1770;2.695390781563126;0.125;3;True
1770;1771;2.7054108216432864;0.125;3;True
1771;1772;2.715430861723447;0.125;3;True
1772;1773;2.7254509018036073;0.125;3;True
1773;1774;2.7354709418837673;0.125;3;True
1774;1775;2.7454909819639277;0.125;3;True
1775;1776;2.755511022044088;0.125;3;True
1776;1777;2.7655310621242486;0.125;3;True
1777;1778;2.7755511022044086;0.125;3;True
1778;1779;2.785571142284569;0.125;3;True
1779;1780;2.7955911823647295;0.125;3;True
1780;1781;2.8056112224448895;0.125;3;True
1781;1782;2.81563126252505;0.125;3;True
1782;1783;2.8256513026052104;0.125;3;True
1783;1784;2.835671342685371;0.125;3;True
1784;1785;2.845691382765531;0.125;3;True
1785;1786;2.8557114228456912;0.125;3;True
1786;1787;2.8657314629258517;0.125;3;True
1787;1788;2.875751503006012;0.125;3;True
1788;1789;2.885771543086172;0.125;3;True
1789;1790;2.8957915831663326;0.125;3;True
1790;1791;2.905811623246493;0.125;3;True
1791;1792;2.915831663326653;0.125;3;True
1792;1793;2.9258517034068134;0.125;3;True
1793;1794;2.935871743486974;0.125;3;True
1794;1795;2.9458917835671343;0.125;3;True
1795;1796;2.9559118236472943;0.125;3;True
1796;1797;2.9659318637274548;0.125;3;True
1797;1798;2.975951903807615;0.125;3;True
1798;1799;2.9859719438877756;0.125;3;True
1799;1800;2.9959919839679356;0.125;3;True
1800;1801;3.006012024048096;0.125;3;True
1801;1802;3.0160320641282565;0.125;3;True
1802;1803;3.0260521042084165;0.125;3;True
1803;1804;3.036072144288577;0.125;3;True
1804;1805;3.0460921843687374;0.125;3;True
1805;1806;3.056112224448898;0.125;3;True
1806;1807;3.066132264529058;0.125;3;True
1807;1808;3.0761523046092183;0.125;3;True
1808;1809;3.0861723446893787;0.125;3;True
1809;1810;3.096192384769539;0.125;3;True
1810;1811;3.106212424849699;0.125;3;True
1811;1812;3.1162324649298596;0.125;3;True
1812;1813;3.12625250501002;0.125;3;True
1813;1814;3.13627254509018;0.125;3;True
1814;1815;3.1462925851703405;0.125;3;True
1815;1816;3.156312625250501;0.125;3;True
1816;1817;3.1663326653306614;0.125;3;True
1817;1818;3.1763527054108214;0.125;3;True
1818;1819;3.186372745490982;0.125;3;True
1819;1820;3.1963927855711423;0.125;3;True
1820;1821;3.2064128256513023;0.125;3;True
1821;1822;3.2164328657314627;0.125;3;True
1822;1823;3.226452905811623;0.125;3;True
1823;1824;3.2364729458917836;0.125;3;True
1824;1825;3.2464929859719436;0.125;3;True
1825;1826;3.256513026052104;0.125;3;True
1826;1827;3.2665330661322645;0.125;3;True
1827;1828;3.276553106212425;0.125;3;True
1828;1829;3.286573146292585;0.125;3;True
1829;1830;3.2965931863727453;0.125;3;True
1830;1831;3.306613226452906;0.125;3;True
1831;1832;3.316633266533066;0.125;3;True
1832;1833;3.3266533066132262;0.125;3;True
1833;1834;3.3366733466933867;0.125;3;True
1834;1835;3.346693386773547;0.125;3;True
1835;1836;3.356713426853707;0.125;3;True
1836;1837;3.3667334669338675;0.125;3;True
1837;1838;3.376753507014028;0.125;3;True
1838;1839;3.3867735470941884;0.125;3;True
1839;1840;3.3967935871743484;0.125;3;True
1840;1841;3.406813627254509;0.125;3;True
1841;1842;3.4168336673346693;0.125;3;True
1842;1843;3.4268537074148293;0.125;3;True
1843;1844;3.4368737474949898;0.125;3;True
1844;1845;3.44689378757515;0.125;3;True
1845;1846;3.4569138276553106;0.125;3;True
1846;1847;3.4669338677354706;0.125;3;True
1847;1848;3.476953907815631;0.125;3;True
1848;1849;3.4869739478957915;0.125;3;True
1849;1850;3.496993987975952;0.125;3;True
1850;1851;3.507014028056112;0.125;3;True
1851;1852;3.5170340681362724;0.125;3;True
1852;1853;3.527054108216433;0.125;3;True
1853;1854;3.537074148296593;0.125;3;True
1854;1855;3.5470941883767533;0.125;3;True
1855;1856;3.5571142284569137;0.125;3;True
1856;1857;3.567134268537074;0.125;3;True
1857;1858;3.577154308617234;0.125;3;True
1858;1859;3.5871743486973946;0.125;3;True
1859;1860;3.597194388777555;0.125;3;True
1860;1861;3.6072144288577155;0.125;3;True
1861;1862;3.6172344689378755;0.125;3;True
1862;1863;3.627254509018036;0.125;3;True
1863;1864;3.6372745490981964;0.125;3;True
1864;1865;3.6472945891783564;0.125;3;True
1865;1866;3.657314629258517;0.125;3;True
1866;1867;3.6673346693386772;0.125;3;True
1867;1868;3.6773547094188377;0.125;3;True
1868;1869;3.6873747494989977;0.125;3;True
1869;1870;3.697394789579158;0.125;3;True
1870;1871;3.7074148296593186;0.125;3;True
1871;1872;3.717434869739479;0.125;3;True
1872;1873;3.727454909819639;0.125;3;True
1873;1874;3.7374749498997994;0.125;3;True
1874;1875;3.74749498997996;0.125;3;True
1875;1876;3.75751503006012;0.125;3;True
1876;1877;3.7675350701402803;0.125;3;True
1877;1878;3.7775551102204408;0.125;3;True
1878;1879;3.787575150300601;0.125;3;True
1879;1880;3.797595190380761;0.125;3;True
1880;1881;3.8076152304609217;0.125;3;True
1881;1882;3.817635270541082;0.125;3;True
1882;1883;3.8276553106212425;0.125;3;True
1883;1884;3.8376753507014025;0.125;3;True
1884;1885;3.847695390781563;0.125;3;True
1885;1886;3.8577154308617234;0.125;3;True
1886;1887;3.8677354709418834;0.125;3;True
1887;1888;3.877755511022044;0.125;3;True
1888;1889;3.8877755511022043;0.125;3;True
1889;1890;3.8977955911823647;0.125;3;True
1890;1891;3.9078156312625247;0.125;3;True
1891;1892;3.917835671342685;0.125;3;True
1892;1893;3.9278557114228456;0.125;3;True
1893;1894;3.937875751503006;0.125;3;True
1894;1895;3.947895791583166;0.125;3;True
1895;1896;3.9579158316633265;0.125;3;True
1896;1897;3.967935871743487;0.125;3;True
1897;1898;3.977955911823647;0.125;3;True
1898;1899;3.9879759519038074;0.125;3;True
1899;1900;3.997995991983968;0.125;3;True
1900;1901;4.008016032064128;0.125;3;True
1901;1902;4.018036072144288;0.125;3;True
1902;1903;4.028056112224449;0.125;3;True
1903;1904;4.038076152304609;0.125;3;True
1904;1905;4.04809619238477;0.125;3;True
1905;1906;4.05811623246493;0.125;3;True
1906;1907;4.06813627254509;0.125;3;True
1907;1908;4.07815631262525;0.125;3;True
1908;1909;4.0881763527054105;0.125;3;True
1909;1910;4.098196392785571;0.125;3;True
1910;1911;4.108216432865731;0.125;3;True
1911;1912;4.118236472945892;0.125;3;True
1912;1913;4.128256513026052;0.125;3;True
1913;1914;4.138276553106213;0.125;3;True
1914;1915;4.148296593186372;0.125;3;True
1915;1916;4.158316633266533;0.125;3;True
1916;1917;4.168336673346693;0.125;3;True
1917;1918;4.1783567134268536;0.125;3;True
1918;1919;4.188376753507014;0.125;3;True
1919;1920;4.198396793587174;0.125;3;True
1920;1921;4.208416833667335;0.125;3;True
1921;1922;4.218436873747494;0.125;3;True
1922;1923;4.228456913827655;0.125;3;True
1923;1924;4.238476953907815;0.125;3;True
1924;1925;4.248496993987976;0.125;3;True
1925;1926;4.258517034068136;0.125;3;True
1926;1927;4.268537074148297;0.125;3;True
1927;1928;4.278557114228457;0.125;3;True
1928;1929;4.288577154308617;0.125;3;True
1929;1930;4.298597194388777;0.125;3;True
1930;1931;4.3086172344689375;0.125;3;True
1931;1932;4.318637274549098;0.125;3;True
1932;1933;4.328657314629258;0.125;3;True
1933;1934;4.338677354709419;0.125;3;True
1934;1935;4.348697394789579;0.125;3;True
1935;1936;4.35871743486974;0.125;3;True
1936;1937;4.368737474949899;0.125;3;True
1937;1938;4.37875751503006;0.125;3;True
1938;1939;4.38877755511022;0.125;3;True
1939;1940;4.398797595190381;0.125;3;True
1940;1941;4.408817635270541;0.125;3;True
1941;1942;4.4188376753507015;0.125;3;True
1942;1943;4.428857715430862;0.125;3;True
1943;1944;4.4388777555110215;0.125;3;True
1944;1945;4.448897795591182;0.125;3;True
1945;1946;4.458917835671342;0.125;3;True
1946;1947;4.468937875751503;0.125;3;True
1947;1948;4.478957915831663;0.125;3;True
1948;1949;4.488977955911824;0.125;3;True
1949;1950;4.498997995991984;0.125;3;True
1950;1951;4.509018036072144;0.125;3;True
1951;1952;4.519038076152304;0.125;3;True
1952;1953;4.529058116232465;0.125;3;True
1953;1954;4.539078156312625;0.125;3;True
1954;1955;4.5490981963927855;0.125;3;True
1955;1956;4.559118236472946;0.125;3;True
1956;1957;4.569138276553106;0.125;3;True
1957;1958;4.579158316633267;0.125;3;True
1958;1959;4.589178356713426;0.125;3;True
1959;1960;4.599198396793587;0.125;3;True
1960;1961;4.609218436873747;0.125;3;True
1961;1962;4.619238476953908;0.125;3;True
1962;1963;4.629258517034068;0.125;3;True
1963;1964;4.6392785571142285;0.125;3;True
1964;1965;4.649298597194389;0.125;3;True
1965;1966;4.6593186372745485;0.125;3;True
1966;1967;4.669338677354709;0.125;3;True
1967;1968;4.679358717434869;0.125;3;True
1968;1969;4.68937875751503;0.125;3;True
1969;1970;4.69939879759519;0.125;3;True
1970;1971;4.709418837675351;0.125;3;True
1971;1972;4.719438877755511;0.125;3;True
1972;1973;4.729458917835671;0.125;3;True
1973;1974;4.739478957915831;0.125;3;True
1974;1975;4.749498997995992;0.125;3;True
1975;1976;4.759519038076152;0.125;3;True
1976;1977;4.7695390781563125;0.125;3;True
1977;1978;4.779559118236473;0.125;3;True
1978;1979;4.789579158316633;0.125;3;True
1979;1980;4.799599198396794;0.125;3;True
1980;1981;4.809619238476953;0.125;3;True
1981;1982;4.819639278557114;0.125;3;True
1982;1983;4.829659318637274;0.125;3;True
1983;1984;4.839679358717435;0.125;3;True
1984;1985;4.849699398797595;0.125;3;True
1985;1986;4.859719438877756;0.125;3;True
1986;1987;4.869739478957916;0.125;3;True
1987;1988;4.879759519038076;0.125;3;True
1988;1989;4.889779559118236;0.125;3;True
1989;1990;4.8997995991983965;0.125;3;True
1990;1991;4.909819639278557;0.125;3;True
1991;1992;4.919839679358717;0.125;3;True
1992;1993;4.929859719438878;0.125;3;True
1993;1994;4.939879759519038;0.125;3;True
1994;1995;4.949899799599198;0.125;3;True
1995;1996;4.959919839679358;0.125;3;True
1996;1997;4.969939879759519;0.125;3;True
1997;1998;4.979959919839679;0.125;3;True
1998;1999;4.98997995991984;0.125;3;True
1999;2000;5.0;0.125;3;True
2000;2001;0.0;0.16666666666666666;4;False
2001;2002;0.01002004008016032;0.16666666666666666;4;False
2002;2003;0.02004008016032064;0.16666666666666666;4;False
2003;2004;0.03006012024048096;0.16666666666666666;4;False
2004;2005;0.04008016032064128;0.16666666666666666;4;False
2005;2006;0.0501002004008016;0.16666666666666666;4;False
2006;2007;0.06012024048096192;0.16666666666666666;4;False
2007;2008;0.07014028056112225;0.16666666666666666;4;False
2008;2009;0.08016032064128256;0.16666666666666666;4;False
2009;2010;0.09018036072144288;0.16666666666666666;4;False
2010;2011;0.1002004008016032;0.16666666666666666;4;False
2011;2012;0.11022044088176353;0.16666666666666666;4;False
2012;2013;0.12024048096192384;0.16666666666666666;4;False
2013;2014;0.13026052104208416;0.16666666666666666;4;False
2014;2015;0.1402805611222445;0.16666666666666666;4;False
2015;2016;0.1503006012024048;0.16666666666666666;4;False
2016;2017;0.16032064128256512;0.16666666666666666;4;False
2017;2018;0.17034068136272545;0.16666666666666666;4;False
2018;2019;0.18036072144288576;0.16666666666666666;4;False
2019;2020;0.1903807615230461;0.16666666666666666;4;False
2020;2021;0.2004008016032064;0.16666666666666666;4;False
2021;2022;0.21042084168336672;0.16666666666666666;4;False
2022;2023;0.22044088176352705;0.16666666666666666;4;False
2023;2024;0.23046092184368736;0.16666666666666666;4;False
2024;2025;0.24048096192384769;0.16666666666666666;4;False
2025;2026;0.250501002004008;0.16666666666666666;4;False
2026;2027;0.2605210420841683;0.16666666666666666;4;False
2027;2028;0.27054108216432865;0.16666666666666666;4;False
2028;2029;0.280561122244489;0.16666666666666666;4;False
2029;2030;0.2905811623246493;0.16666666666666666;4;False
2030;2031;0.3006012024048096;0.16666666666666666;4;False
2031;2032;0.3106212424849699;0.16666666666666666;4;False
2032;2033;0.32064128256513025;0.16666666666666666;4;False
2033;2034;0.3306613226452906;0.16666666666666666;4;False
2034;2035;0.3406813627254509;0.16666666666666666;4;False
2035;2036;0.3507014028056112;0.16666666666666666;4;False
2036;2037;0.3607214428857715;0.16666666666666666;4;False
2037;2038;0.37074148296593185;0.16666666666666666;4;False
2038;2039;0.3807615230460922;0.16666666666666666;4;False
2039;2040;0.3907815631262525;0.16666666666666666;4;False
2040;2041;0.4008016032064128;0.16666666666666666;4;False
2041;2042;0.4108216432865731;0.16666666666666666;4;False
2042;2043;0.42084168336673344;0.16666666666666666;4;False
2043;2044;0.4308617234468938;0.16666666666666666;4;False
2044;2045;0.4408817635270541;0.16666666666666666;4;False
2045;2046;0.45090180360721444;0.16666666666666666;4;False
2046;2047;0.4609218436873747;0.16666666666666666;4;False
2047;2048;0.47094188376753504;0.16666666666666666;4;False
2048;2049;0.48096192384769537;0.16666666666666666;4;False
2049;2050;0.4909819639278557;0.16666666666666666;4;False
2050;2051;0.501002004008016;0.16666666666666666;4;False
2051;2052;0.5110220440881763;0.16666666666666666;4;False
2052;2053;0.5210420841683366;0.16666666666666666;4;False
2053;2054;0.531062124248497;0.16666666666666666;4;False
2054;2055;0.5410821643286573;0.16666666666666666;4;False
2055;2056;0.5511022044088176;0.16666666666666666;4;False
2056;2057;0.561122244488978;0.16666666666666666;4;False
2057;2058;0.5711422845691383;0.16666666666666666;4;False
2058;2059;0.5811623246492986;0.16666666666666666;4;False
2059;2060;0.5911823647294588;0.16666666666666666;4;False
2060;2061;0.6012024048096192;0.16666666666666666;4;False
2061;2062;0.6112224448897795;0.16666666666666666;4;False
2062;2063;0.6212424849699398;0.16666666666666666;4;False
2063;2064;0.6312625250501002;0.16666666666666666;4;False
2064;2065;0.6412825651302605;0.16666666666666666;4;False
2065;2066;0.6513026052104208;0.16666666666666666;4;False
2066;2067;0.6613226452905812;0.16666666666666666;4;False
2067;2068;0.6713426853707415;0.16666666666666666;4;False
2068;2069;0.6813627254509018;0.16666666666666666;4;False
2069;2070;0.6913827655310621;0.16666666666666666;4;False
2070;2071;0.7014028056112224;0.16666666666666666;4;False
2071;2072;0.7114228456913827;0.16666666666666666;4;False
2072;2073;0.721442885771543;0.16666666666666666;4;False
2073;2074;0.7314629258517034;0.16666666666666666;4;False
2074;2075;0.7414829659318637;0.16666666666666666;4;False
2075;2076;0.751503006012024;0.16666666666666666;4;False
2076;2077;0.7615230460921844;0.16666666666666666;4;False
2077;2078;0.7715430861723447;0.16666666666666666;4;False
2078;2079;0.781563126252505;0.16666666666666666;4;False
2079;2080;0.7915831663326653;0.16666666666666666;4;False
2080;2081;0.8016032064128256;0.16666666666666666;4;False
2081;2082;0.8116232464929859;0.16666666666666666;4;False
2082;2083;0.8216432865731462;0.16666666666666666;4;False
2083;2084;0.8316633266533066;0.16666666666666666;4;False
2084;2085;0.8416833667334669;0.16666666666666666;4;False
2085;2086;0.8517034068136272;0.16666666666666666;4;False
2086;2087;0.8617234468937875;0.16666666666666666;4;False
2087;2088;0.8717434869739479;0.16666666666666666;4;False
2088;2089;0.8817635270541082;0.16666666666666666;4;False
2089;2090;0.8917835671342685;0.16666666666666666;4;False
2090;2091;0.9018036072144289;0.16666666666666666;4;False
2091;2092;0.9118236472945891;0.16666666666666666;4;False
2092;2093;0.9218436873747494;0.16666666666666666;4;False
2093;2094;0.9318637274549098;0.16666666666666666;4;False
2094;2095;0.9418837675350701;0.16666666666666666;4;False
2095;2096;0.9519038076152304;0.16666666666666666;4;False
2096;2097;0.9619238476953907;0.16666666666666666;4;False
2097;2098;0.9719438877755511;0.16666666666666666;4;False
2098;2099;0.9819639278557114;0.16666666666666666;4;False
2099;2100;0.9919839679358717;0.16666666666666666;4;False
2100;2101;1.002004008016032;0.16666666666666666;4;False
2101;2102;1.0120240480961924;0.16666666666666666;4;False
2102;2103;1.0220440881763526;0.16666666666666666;4;False
2103;2104;1.032064128256513;0.16666666666666666;4;False
2104;2105;1.0420841683366733;0.16666666666666666;4;False
2105;2106;1.0521042084168337;0.16666666666666666;4;False
2106;2107;1.062124248496994;0.16666666666666666;4;False
2107;2108;1.0721442885771542;0.16666666666666666;4;False
2108;2109;1.0821643286573146;0.16666666666666666;4;False
2109;2110;1.0921843687374748;0.16666666666666666;4;False
2110;2111;1.1022044088176353;0.16666666666666666;4;False
2111;2112;1.1122244488977955;0.16666666666666666;4;False
2112;2113;1.122244488977956;0.16666666666666666;4;False
2113;2114;1.1322645290581161;0.16666666666666666;4;False
2114;2115;1.1422845691382766;0.16666666666666666;4;False
2115;2116;1.1523046092184368;0.16666666666666666;4;False
2116;2117;1.1623246492985972;0.16666666666666666;4;False
2117;2118;1.1723446893787575;0.16666666666666666;4;False
2118;2119;1.1823647294589177;0.16666666666666666;4;False
2119;2120;1.1923847695390781;0.16666666666666666;4;False
2120;2121;1.2024048096192383;0.16666666666666666;4;False
2121;2122;1.2124248496993988;0.16666666666666666;4;False
2122;2123;1.222444889779559;0.16666666666666666;4;False
2123;2124;1.2324649298597194;0.16666666666666666;4;False
2124;2125;1.2424849699398797;0.16666666666666666;4;False
2125;2126;1.25250501002004;0.16666666666666666;4;False
2126;2127;1.2625250501002003;0.16666666666666666;4;False
2127;2128;1.2725450901803608;0.16666666666666666;4;False
2128;2129;1.282565130260521;0.16666666666666666;4;False
2129;2130;1.2925851703406812;0.16666666666666666;4;False
2130;2131;1.3026052104208417;0.16666666666666666;4;False
2131;2132;1.3126252505010019;0.16666666666666666;4;False
2132;2133;1.3226452905811623;0.16666666666666666;4;False
2133;2134;1.3326653306613225;0.16666666666666666;4;False
2134;2135;1.342685370741483;0.16666666666666666;4;False
2135;2136;1.3527054108216432;0.16666666666666666;4;False
2136;2137;1.3627254509018036;0.16666666666666666;4;False
2137;2138;1.3727454909819639;0.16666666666666666;4;False
2138;2139;1.3827655310621243;0.16666666666666666;4;False
2139;2140;1.3927855711422845;0.16666666666666666;4;False
2140;2141;1.4028056112224447;0.16666666666666666;4;False
2141;2142;1.4128256513026052;0.16666666666666666;4;False
2142;2143;1.4228456913827654;0.16666666666666666;4;False
2143;2144;1.4328657314629258;0.16666666666666666;4;False
2144;2145;1.442885771543086;0.16666666666666666;4;False
2145;2146;1.4529058116232465;0.16666666666666666;4;False
2146;2147;1.4629258517034067;0.16666666666666666;4;False
2147;2148;1.4729458917835672;0.16666666666666666;4;False
2148;2149;1.4829659318637274;0.16666666666666666;4;False
2149;2150;1.4929859719438878;0.16666666666666666;4;False
2150;2151;1.503006012024048;0.16666666666666666;4;False
2151;2152;1.5130260521042083;0.16666666666666666;4;False
2152;2153;1.5230460921843687;0.16666666666666666;4;False
2153;2154;1.533066132264529;0.16666666666666666;4;False
2154;2155;1.5430861723446894;0.16666666666666666;4;False
2155;2156;1.5531062124248496;0.16666666666666666;4;False
2156;2157;1.56312625250501;0.16666666666666666;4;False
2157;2158;1.5731462925851702;0.16666666666666666;4;False
2158;2159;1.5831663326653307;0.16666666666666666;4;False
2159;2160;1.593186372745491;0.16666666666666666;4;False
2160;2161;1.6032064128256511;0.16666666666666666;4;False
2161;2162;1.6132264529058116;0.16666666666666666;4;False
2162;2163;1.6232464929859718;0.16666666666666666;4;False
2163;2164;1.6332665330661322;0.16666666666666666;4;False
2164;2165;1.6432865731462925;0.16666666666666666;4;False
2165;2166;1.653306613226453;0.16666666666666666;4;False
2166;2167;1.6633266533066131;0.16666666666666666;4;False
2167;2168;1.6733466933867736;0.16666666666666666;4;False
2168;2169;1.6833667334669338;0.16666666666666666;4;False
2169;2170;1.6933867735470942;0.16666666666666666;4;False
2170;2171;1.7034068136272544;0.16666666666666666;4;False
2171;2172;1.7134268537074147;0.16666666666666666;4;False
2172;2173;1.723446893787575;0.16666666666666666;4;False
2173;2174;1.7334669338677353;0.16666666666666666;4;False
2174;2175;1.7434869739478958;0.16666666666666666;4;False
2175;2176;1.753507014028056;0.16666666666666666;4;False
2176;2177;1.7635270541082164;0.16666666666666666;4;False
2177;2178;1.7735470941883766;0.16666666666666666;4;False
2178;2179;1.783567134268537;0.16666666666666666;4;False
2179;2180;1.7935871743486973;0.16666666666666666;4;False
2180;2181;1.8036072144288577;0.16666666666666666;4;False
2181;2182;1.813627254509018;0.16666666666666666;4;False
2182;2183;1.8236472945891782;0.16666666666666666;4;False
2183;2184;1.8336673346693386;0.16666666666666666;4;False
2184;2185;1.8436873747494988;0.16666666666666666;4;False
2185;2186;1.8537074148296593;0.16666666666666666;4;False
2186;2187;1.8637274549098195;0.16666666666666666;4;False
2187;2188;1.87374749498998;0.16666666666666666;4;False
2188;2189;1.8837675350701402;0.16666666666666666;4;False
2189;2190;1.8937875751503006;0.16666666666666666;4;False
2190;2191;1.9038076152304608;0.16666666666666666;4;False
2191;2192;1.9138276553106213;0.16666666666666666;4;False
2192;2193;1.9238476953907815;0.16666666666666666;4;False
2193;2194;1.9338677354709417;0.16666666666666666;4;False
2194;2195;1.9438877755511021;0.16666666666666666;4;False
2195;2196;1.9539078156312624;0.16666666666666666;4;False
2196;2197;1.9639278557114228;0.16666666666666666;4;False
2197;2198;1.973947895791583;0.16666666666666666;4;False
2198;2199;1.9839679358717435;0.16666666666666666;4;False
2199;2200;1.9939879759519037;0.16666666666666666;4;False
2200;2201;2.004008016032064;0.16666666666666666;4;False
2201;2202;2.0140280561122244;0.16666666666666666;4;False
2202;2203;2.024048096192385;0.16666666666666666;4;False
2203;2204;2.034068136272545;0.16666666666666666;4;False
2204;2205;2.0440881763527052;0.16666666666666666;4;False
2205;2206;2.0541082164328657;0.16666666666666666;4;False
2206;2207;2.064128256513026;0.16666666666666666;4;False
2207;2208;2.074148296593186;0.16666666666666666;4;False
2208;2209;2.0841683366733466;0.16666666666666666;4;False
2209;2210;2.094188376753507;0.16666666666666666;4;False
2210;2211;2.1042084168336674;0.16666666666666666;4;False
2211;2212;2.1142284569138274;0.16666666666666666;4;False
2212;2213;2.124248496993988;0.16666666666666666;4;False
2213;2214;2.1342685370741483;0.16666666666666666;4;False
2214;2215;2.1442885771543083;0.16666666666666666;4;False
2215;2216;2.1543086172344688;0.16666666666666666;4;False
2216;2217;2.164328657314629;0.16666666666666666;4;False
2217;2218;2.1743486973947896;0.16666666666666666;4;False
2218;2219;2.1843687374749496;0.16666666666666666;4;False
2219;2220;2.19438877755511;0.16666666666666666;4;False
2220;2221;2.2044088176352705;0.16666666666666666;4;False
2221;2222;2.214428857715431;0.16666666666666666;4;False
2222;2223;2.224448897795591;0.16666666666666666;4;False
2223;2224;2.2344689378757514;0.16666666666666666;4;False
2224;2225;2.244488977955912;0.16666666666666666;4;False
2225;2226;2.254509018036072;0.16666666666666666;4;False
2226;2227;2.2645290581162323;0.16666666666666666;4;False
2227;2228;2.2745490981963927;0.16666666666666666;4;False
2228;2229;2.284569138276553;0.16666666666666666;4;False
2229;2230;2.294589178356713;0.16666666666666666;4;False
2230;2231;2.3046092184368736;0.16666666666666666;4;False
2231;2232;2.314629258517034;0.16666666666666666;4;False
2232;2233;2.3246492985971945;0.16666666666666666;4;False
2233;2234;2.3346693386773545;0.16666666666666666;4;False
2234;2235;2.344689378757515;0.16666666666666666;4;False
2235;2236;2.3547094188376754;0.16666666666666666;4;False
2236;2237;2.3647294589178354;0.16666666666666666;4;False
2237;2238;2.374749498997996;0.16666666666666666;4;False
2238;2239;2.3847695390781563;0.16666666666666666;4;False
2239;2240;2.3947895791583167;0.16666666666666666;4;False
2240;2241;2.4048096192384767;0.16666666666666666;4;False
2241;2242;2.414829659318637;0.16666666666666666;4;False
2242;2243;2.4248496993987976;0.16666666666666666;4;False
2243;2244;2.434869739478958;0.16666666666666666;4;False
2244;2245;2.444889779559118;0.16666666666666666;4;False
2245;2246;2.4549098196392785;0.16666666666666666;4;False
2246;2247;2.464929859719439;0.16666666666666666;4;False
2247;2248;2.474949899799599;0.16666666666666666;4;False
2248;2249;2.4849699398797593;0.16666666666666666;4;False
2249;2250;2.49498997995992;0.16666666666666666;4;False
2250;2251;2.50501002004008;0.16666666666666666;4;False
2251;2252;2.51503006012024;0.16666666666666666;4;False
2252;2253;2.5250501002004007;0.16666666666666666;4;False
2253;2254;2.535070140280561;0.16666666666666666;4;False
2254;2255;2.5450901803607215;0.16666666666666666;4;False
2255;2256;2.5551102204408815;0.16666666666666666;4;False
2256;2257;2.565130260521042;0.16666666666666666;4;False
2257;2258;2.5751503006012024;0.16666666666666666;4;False
2258;2259;2.5851703406813624;0.16666666666666666;4;False
2259;2260;2.595190380761523;0.16666666666666666;4;False
2260;2261;2.6052104208416833;0.16666666666666666;4;False
2261;2262;2.6152304609218437;0.16666666666666666;4;False
2262;2263;2.6252505010020037;0.16666666666666666;4;False
2263;2264;2.635270541082164;0.16666666666666666;4;False
2264;2265;2.6452905811623246;0.16666666666666666;4;False
2265;2266;2.655310621242485;0.16666666666666666;4;False
2266;2267;2.665330661322645;0.16666666666666666;4;False
2267;2268;2.6753507014028055;0.16666666666666666;4;False
2268;2269;2.685370741482966;0.16666666666666666;4;False
2269;2270;2.695390781563126;0.16666666666666666;4;False
2270;2271;2.7054108216432864;0.16666666666666666;4;False
2271;2272;2.715430861723447;0.16666666666666666;4;False
2272;2273;2.7254509018036073;0.16666666666666666;4;False
2273;2274;2.7354709418837673;0.16666666666666666;4;False
2274;2275;2.7454909819639277;0.16666666666666666;4;False
2275;2276;2.755511022044088;0.16666666666666666;4;False
2276;2277;2.7655310621242486;0.16666666666666666;4;False
2277;2278;2.7755511022044086;0.16666666666666666;4;False
2278;2279;2.785571142284569;0.16666666666666666;4;False
2279;2280;2.7955911823647295;0.16666666666666666;4;False
2280;2281;2.8056112224448895;0.16666666666666666;4;False
2281;2282;2.81563126252505;0.16666666666666666;4;False
2282;2283;2.8256513026052104;0.16666666666666666;4;False
2283;2284;2.835671342685371;0.16666666666666666;4;False
2284;2285;2.845691382765531;0.16666666666666666;4;False
2285;2286;2.8557114228456912;0.16666666666666666;4;False
2286;2287;2.8657314629258517;0.16666666666666666;4;False
2287;2288;2.875751503006012;0.16666666666666666;4;False
2288;2289;2.885771543086172;0.16666666666666666;4;False
2289;2290;2.8957915831663326;0.16666666666666666;4;False
2290;2291;2.905811623246493;0.16666666666666666;4;False
2291;2292;2.915831663326653;0.16666666666666666;4;False
2292;2293;2.9258517034068134;0.16666666666666666;4;False
2293;2294;2.935871743486974;0.16666666666666666;4;False
2294;2295;2.9458917835671343;0.16666666666666666;4;False
2295;2296;2.9559118236472943;0.16666666666666666;4;False
2296;2297;2.9659318637274548;0.16666666666666666;4;False
2297;2298;2.975951903807615;0.16666666666666666;4;False
2298;2299;2.9859719438877756;0.16666666666666666;4;False
2299;2300;2.9959919839679356;0.16666666666666666;4;False
2300;2301;3.006012024048096;0.16666666666666666;4;False
2301;2302;3.0160320641282565;0.16666666666666666;4;False
2302;2303;3.0260521042084165;0.16666666666666666;4;False
2303;2304;3.036072144288577;0.16666666666666666;4;False
2304;2305;3.0460921843687374;0.16666666666666666;4;False
2305;2306;3.056112224448898;0.16666666666666666;4;False
2306;2307;3.066132264529058;0.16666666666666666;4;False
2307;2308;3.0761523046092183;0.16666666666666666;4;False
2308;2309;3.0861723446893787;0.16666666666666666;4;False
2309;2310;3.096192384769539;0.16666666666666666;4;False
2310;2311;3.106212424849699;0.16666666666666666;4;False
2311;2312;3.1162324649298596;0.16666666666666666;4;False
2312;2313;3.12625250501002;0.16666666666666666;4;False
2313;2314;3.13627254509018;0.16666666666666666;4;False
2314;2315;3.1462925851703405;0.16666666666666666;4;False
2315;2316;3.156312625250501;0.16666666666666666;4;False
2316;2317;3.1663326653306614;0.16666666666666666;4;False
2317;2318;3.1763527054108214;0.16666666666666666;4;False
2318;2319;3.186372745490982;0.16666666666666666;4;False
2319;2320;3.1963927855711423;0.16666666666666666;4;False
2320;2321;3.2064128256513023;0.16666666666666666;4;False
2321;2322;3.2164328657314627;0.16666666666666666;4;False
2322;2323;3.226452905811623;0.16666666666666666;4;False
2323;2324;3.2364729458917836;0.16666666666666666;4;False
2324;2325;3.2464929859719436;0.16666666666666666;4;False
2325;2326;3.256513026052104;0.16666666666666666;4;False
2326;2327;3.2665330661322645;0.16666666666666666;4;False
2327;2328;3.276553106212425;0.16666666666666666;4;False
2328;2329;3.286573146292585;0.16666666666666666;4;False
2329;2330;3.2965931863727453;0.16666666666666666;4;False
2330;2331;3.306613226452906;0.16666666666666666;4;False
2331;2332;3.316633266533066;0.16666666666666666;4;False
2332;2333;3.3266533066132262;0.16666666666666666;4;False
2333;2334;3.3366733466933867;0.16666666666666666;4;False
2334;2335;3.346693386773547;0.16666666666666666;4;False
2335;2336;3.356713426853707;0.16666666666666666;4;False
2336;2337;3.3667334669338675;0.16666666666666666;4;False
2337;2338;3.376753507014028;0.16666666666666666;4;False
2338;2339;3.3867735470941884;0.16666666666666666;4;False
2339;2340;3.3967935871743484;0.16666666666666666;4;False
2340;2341;3.406813627254509;0.16666666666666666;4;False
2341;2342;3.4168336673346693;0.16666666666666666;4;False
2342;2343;3.4268537074148293;0.16666666666666666;4;False
2343;2344;3.4368737474949898;0.16666666666666666;4;False
2344;2345;3.44689378757515;0.16666666666666666;4;False
2345;2346;3.4569138276553106;0.16666666666666666;4;False
2346;2347;3.4669338677354706;0.16666666666666666;4;False
2347;2348;3.476953907815631;0.16666666666666666;4;False
2348;2349;3.4869739478957915;0.16666666666666666;4;False
2349;2350;3.496993987975952;0.16666666666666666;4;False
2350;2351;3.507014028056112;0.16666666666666666;4;False
2351;2352;3.5170340681362724;0.16666666666666666;4;False
2352;2353;3.527054108216433;0.16666666666666666;4;False
2353;2354;3.537074148296593;0.16666666666666666;4;False
2354;2355;3.5470941883767533;0.16666666666666666;4;False
2355;2356;3.5571142284569137;0.16666666666666666;4;False
2356;2357;3.567134268537074;0.16666666666666666;4;False
2357;2358;3.577154308617234;0.16666666666666666;4;False
2358;2359;3.5871743486973946;0.16666666666666666;4;False
2359;2360;3.597194388777555;0.16666666666666666;4;False
2360;2361;3.6072144288577155;0.16666666666666666;4;False
2361;2362;3.6172344689378755;0.16666666666666666;4;False
2362;2363;3.627254509018036;0.16666666666666666;4;False
2363;2364;3.6372745490981964;0.16666666666666666;4;False
2364;2365;3.6472945891783564;0.16666666666666666;4;False
2365;2366;3.657314629258517;0.16666666666666666;4;False
2366;2367;3.6673346693386772;0.16666666666666666;4;False
2367;2368;3.6773547094188377;0.16666666666666666;4;False
2368;2369;3.6873747494989977;0.16666666666666666;4;False
2369;2370;3.697394789579158;0.16666666666666666;4;False
2370;2371;3.7074148296593186;0.16666666666666666;4;False
2371;2372;3.717434869739479;0.16666666666666666;4;False
2372;2373;3.727454909819639;0.16666666666666666;4;False
2373;2374;3.7374749498997994;0.16666666666666666;4;False
2374;2375;3.74749498997996;0.16666666666666666;4;False
2375;2376;3.75751503006012;0.16666666666666666;4;False
2376;2377;3.7675350701402803;0.16666666666666666;4;False
2377;2378;3.7775551102204408;0.16666666666666666;4;False
2378;2379;3.787575150300601;0.16666666666666666;4;False
2379;2380;3.797595190380761;0.16666666666666666;4;False
2380;2381;3.8076152304609217;0.16666666666666666;4;False
2381;2382;3.817635270541082;0.16666666666666666;4;False
2382;2383;3.8276553106212425;0.16666666666666666;4;False
2383;2384;3.8376753507014025;0.16666666666666666;4;False
2384;2385;3.847695390781563;0.16666666666666666;4;False
2385;2386;3.8577154308617234;0.16666666666666666;4;False
2386;2387;3.8677354709418834;0.16666666666666666;4;False
2387;2388;3.877755511022044;0.16666666666666666;4;False
2388;2389;3.8877755511022043;0.16666666666666666;4;False
2389;2390;3.8977955911823647;0.16666666666666666;4;False
2390;2391;3.9078156312625247;0.16666666666666666;4;False
2391;2392;3.917835671342685;0.16666666666666666;4;False
2392;2393;3.9278557114228456;0.16666666666666666;4;False
2393;2394;3.937875751503006;0.16666666666666666;4;False
2394;2395;3.947895791583166;0.16666666666666666;4;False
2395;2396;3.9579158316633265;0.16666666666666666;4;False
2396;2397;3.967935871743487;0.16666666666666666;4;False
2397;2398;3.977955911823647;0.16666666666666666;4;False
2398;2399;3.9879759519038074;0.16666666666666666;4;False
2399;2400;3.997995991983968;0.16666666666666666;4;False
2400;2401;4.008016032064128;0.16666666666666666;4;False
2401;2402;4.018036072144288;0.16666666666666666;4;False
2402;2403;4.028056112224449;0.16666666666666666;4;False
2403;2404;4.038076152304609;0.16666666666666666;4;False
2404;2405;4.04809619238477;0.16666666666666666;4;False
2405;2406;4.05811623246493;0.16666666666666666;4;False
2406;2407;4.06813627254509;0.16666666666666666;4;False
2407;2408;4.07815631262525;0.16666666666666666;4;False
2408;2409;4.0881763527054105;0.16666666666666666;4;False
2409;2410;4.098196392785571;0.16666666666666666;4;False
2410;2411;4.108216432865731;0.16666666666666666;4;False
2411;2412;4.118236472945892;0.16666666666666666;4;False
2412;2413;4.128256513026052;0.16666666666666666;4;False
2413;2414;4.138276553106213;0.16666666666666666;4;False
2414;2415;4.148296593186372;0.16666666666666666;4;False
2415;2416;4.158316633266533;0.16666666666666666;4;False
2416;2417;4.168336673346693;0.16666666666666666;4;False
2417;2418;4.1783567134268536;0.16666666666666666;4;False
2418;2419;4.188376753507014;0.16666666666666666;4;False
2419;2420;4.198396793587174;0.16666666666666666;4;False
2420;2421;4.208416833667335;0.16666666666666666;4;False
2421;2422;4.218436873747494;0.16666666666666666;4;False
2422;2423;4.228456913827655;0.16666666666666666;4;False
2423;2424;4.238476953907815;0.16666666666666666;4;False
2424;2425;4.248496993987976;0.16666666666666666;4;False
2425;2426;4.258517034068136;0.16666666666666666;4;False
2426;2427;4.268537074148297;0.16666666666666666;4;False
2427;2428;4.278557114228457;0.16666666666666666;4;False
2428;2429;4.288577154308617;0.16666666666666666;4;False
2429;2430;4.298597194388777;0.16666666666666666;4;False
2430;2431;4.3086172344689375;0.16666666666666666;4;False
2431;2432;4.318637274549098;0.16666666666666666;4;False
2432;2433;4.328657314629258;0.16666666666666666;4;False
2433;2434;4.338677354709419;0.16666666666666666;4;False
2434;2435;4.348697394789579;0.16666666666666666;4;False
2435;2436;4.35871743486974;0.16666666666666666;4;False
2436;2437;4.368737474949899;0.16666666666666666;4;False
2437;2438;4.37875751503006;0.16666666666666666;4;False
2438;2439;4.38877755511022;0.16666666666666666;4;False
2439;2440;4.398797595190381;0.16666666666666666;4;False
2440;2441;4.408817635270541;0.16666666666666666;4;False
2441;2442;4.4188376753507015;0.16666666666666666;4;False
2442;2443;4.428857715430862;0.16666666666666666;4;False
2443;2444;4.4388777555110215;0.16666666666666666;4;False
2444;2445;4.448897795591182;0.16666666666666666;4;False
2445;2446;4.458917835671342;0.16666666666666666;4;False
2446;2447;4.468937875751503;0.16666666666666666;4;False
2447;2448;4.478957915831663;0.16666666666666666;4;False
2448;2449;4.488977955911824;0.16666666666666666;4;False
2449;2450;4.498997995991984;0.16666666666666666;4;False
2450;2451;4.509018036072144;0.16666666666666666;4;False
2451;2452;4.519038076152304;0.16666666666666666;4;False
2452;2453;4.529058116232465;0.16666666666666666;4;False
2453;2454;4.539078156312625;0.16666666666666666;4;False
2454;2455;4.5490981963927855;0.16666666666666666;4;False
2455;2456;4.559118236472946;0.16666666666666666;4;False
2456;2457;4.569138276553106;0.16666666666666666;4;False
2457;2458;4.579158316633267;0.16666666666666666;4;False
2458;2459;4.589178356713426;0.16666666666666666;4;False
2459;2460;4.599198396793587;0.16666666666666666;4;False
2460;2461;4.609218436873747;0.16666666666666666;4;False
2461;2462;4.619238476953908;0.16666666666666666;4;False
2462;2463;4.629258517034068;0.16666666666666666;4;False
2463;2464;4.6392785571142285;0.16666666666666666;4;False
2464;2465;4.649298597194389;0.16666666666666666;4;False
2465;2466;4.6593186372745485;0.16666666666666666;4;False
2466;2467;4.669338677354709;0.16666666666666666;4;False
2467;2468;4.679358717434869;0.16666666666666666;4;False
2468;2469;4.68937875751503;0.16666666666666666;4;False
2469;2470;4.69939879759519;0.16666666666666666;4;False
2470;2471;4.709418837675351;0.16666666666666666;4;False
2471;2472;4.719438877755511;0.16666666666666666;4;False
2472;2473;4.729458917835671;0.16666666666666666;4;False
2473;2474;4.739478957915831;0.16666666666666666;4;False
2474;2475;4.749498997995992;0.16666666666666666;4;False
2475;2476;4.759519038076152;0.16666666666666666;4;False
2476;2477;4.7695390781563125;0.16666666666666666;4;False
2477;2478;4.779559118236473;0.16666666666666666;4;False
2478;2479;4.789579158316633;0.16666666666666666;4;False
2479;2480;4.799599198396794;0.16666666666666666;4;False
2480;2481;4.809619238476953;0.16666666666666666;4;False
2481;2482;4.819639278557114;0.16666666666666666;4;False
2482;2483;4.829659318637274;0.16666666666666666;4;False
2483;2484;4.839679358717435;0.16666666666666666;4;False
2484;2485;4.849699398797595;0.16666666666666666;4;False
2485;2486;4.859719438877756;0.16666666666666666;4;False
2486;2487;4.869739478957916;0.16666666666666666;4;False
2487;2488;4.879759519038076;0.16666666666666666;4;False
2488;2489;4.889779559118236;0.16666666666666666;4;False
2489;2490;4.8997995991983965;0.16666666666666666;4;False
2490;2491;4.909819639278557;0.16666666666666666;4;False
2491;2492;4.919839679358717;0.16666666666666666;4;False
2492;2493;4.929859719438878;0.16666666666666666;4;False
2493;2494;4.939879759519038;0.16666666666666666;4;False
2494;2495;4.949899799599198;0.16666666666666666;4;False
2495;2496;4.959919839679358;0.16666666666666666;4;False
2496;2497;4.969939879759519;0.16666666666666666;4;False
2497;2498;4.979959919839679;0.16666666666666666;4;False
2498;2499;4.98997995991984;0.16666666666666666;4;False
2499;2500;5.0;0.16666666666666666;4;False
2500;2501;0.0;0.20833333333333331;5;False
2501;2502;0.01002004008016032;0.20833333333333331;5;False
2502;2503;0.02004008016032064;0.20833333333333331;5;False
2503;2504;0.03006012024048096;0.20833333333333331;5;False
2504;2505;0.04008016032064128;0.20833333333333331;5;False
2505;2506;0.0501002004008016;0.20833333333333331;5;False
2506;2507;0.06012024048096192;0.20833333333333331;5;False
2507;2508;0.07014028056112225;0.20833333333333331;5;False
2508;2509;0.08016032064128256;0.20833333333333331;5;False
2509;2510;0.09018036072144288;0.20833333333333331;5;False
2510;2511;0.1002004008016032;0.20833333333333331;5;False
2511;2512;0.11022044088176353;0.20833333333333331;5;False
2512;2513;0.12024048096192384;0.20833333333333331;5;False
2513;2514;0.13026052104208416;0.20833333333333331;5;False
2514;2515;0.1402805611222445;0.20833333333333331;5;False
2515;2516;0.1503006012024048;0.20833333333333331;5;False
2516;2517;0.16032064128256512;0.20833333333333331;5;False
2517;2518;0.17034068136272545;0.20833333333333331;5;False
2518;2519;0.18036072144288576;0.20833333333333331;5;False
2519;2520;0.1903807615230461;0.20833333333333331;5;False
2520;2521;0.2004008016032064;0.20833333333333331;5;False
2521;2522;0.21042084168336672;0.20833333333333331;5;False
2522;2523;0.22044088176352705;0.20833333333333331;5;False
2523;2524;0.23046092184368736;0.20833333333333331;5;False
2524;2525;0.24048096192384769;0.20833333333333331;5;False
2525;2526;0.250501002004008;0.20833333333333331;5;False
2526;2527;0.2605210420841683;0.20833333333333331;5;False
2527;2528;0.27054108216432865;0.20833333333333331;5;False
2528;2529;0.280561122244489;0.20833333333333331;5;False
2529;2530;0.2905811623246493;0.20833333333333331;5;False
2530;2531;0.3006012024048096;0.20833333333333331;5;False
2531;2532;0.3106212424849699;0.20833333333333331;5;False
2532;2533;0.32064128256513025;0.20833333333333331;5;False
2533;2534;0.3306613226452906;0.20833333333333331;5;False
2534;2535;0.3406813627254509;0.20833333333333331;5;False
2535;2536;0.3507014028056112;0.20833333333333331;5;False
2536;2537;0.3607214428857715;0.20833333333333331;5;False
2537;2538;0.37074148296593185;0.20833333333333331;5;False
2538;2539;0.3807615230460922;0.20833333333333331;5;False
2539;2540;0.3907815631262525;0.20833333333333331;5;False
2540;2541;0.4008016032064128;0.20833333333333331;5;False
2541;2542;0.4108216432865731;0.20833333333333331;5;False
2542;2543;0.42084168336673344;0.20833333333333331;5;False
2543;2544;0.4308617234468938;0.20833333333333331;5;False
2544;2545;0.4408817635270541;0.20833333333333331;5;False
2545;2546;0.45090180360721444;0.20833333333333331;5;False
2546;2547;0.4609218436873747;0.20833333333333331;5;False
2547;2548;0.47094188376753504;0.20833333333333331;5;False
2548;2549;0.48096192384769537;0.20833333333333331;5;False
2549;2550;0.4909819639278557;0.20833333333333331;5;False
2550;2551;0.501002004008016;0.20833333333333331;5;False
2551;2552;0.5110220440881763;0.20833333333333331;5;False
2552;2553;0.5210420841683366;0.20833333333333331;5;False
2553;2554;0.531062124248497;0.20833333333333331;5;False
2554;2555;0.5410821643286573;0.20833333333333331;5;False
2555;2556;0.5511022044088176;0.20833333333333331;5;False
2556;2557;0.561122244488978;0.20833333333333331;5;False
2557;2558;0.5711422845691383;0.20833333333333331;5;False
2558;2559;0.5811623246492986;0.20833333333333331;5;False
2559;2560;0.5911823647294588;0.20833333333333331;5;False
2560;2561;0.6012024048096192;0.20833333333333331;5;False
2561;2562;0.6112224448897795;0.20833333333333331;5;False
2562;2563;0.6212424849699398;0.20833333333333331;5;False
2563;2564;0.6312625250501002;0.20833333333333331;5;False
2564;2565;0.6412825651302605;0.20833333333333331;5;False
2565;2566;0.6513026052104208;0.20833333333333331;5;False
2566;2567;0.6613226452905812;0.20833333333333331;5;False
2567;2568;0.6713426853707415;0.20833333333333331;5;False
2568;2569;0.6813627254509018;0.20833333333333331;5;False
2569;2570;0.6913827655310621;0.20833333333333331;5;False
2570;2571;0.7014028056112224;0.20833333333333331;5;False
2571;2572;0.7114228456913827;0.20833333333333331;5;False
2572;2573;0.721442885771543;0.20833333333333331;5;False
2573;2574;0.7314629258517034;0.20833333333333331;5;False
2574;2575;0.7414829659318637;0.20833333333333331;5;False
2575;2576;0.751503006012024;0.20833333333333331;5;False
2576;2577;0.7615230460921844;0.20833333333333331;5;False
2577;2578;0.7715430861723447;0.20833333333333331;5;False
2578;2579;0.781563126252505;0.20833333333333331;5;False
2579;2580;0.7915831663326653;0.20833333333333331;5;False
2580;2581;0.8016032064128256;0.20833333333333331;5;False
2581;2582;0.8116232464929859;0.20833333333333331;5;False
2582;2583;0.8216432865731462;0.20833333333333331;5;False
2583;2584;0.8316633266533066;0.20833333333333331;5;False
2584;2585;0.8416833667334669;0.20833333333333331;5;False
2585;2586;0.8517034068136272;0.20833333333333331;5;False
2586;2587;0.8617234468937875;0.20833333333333331;5;False
2587;2588;0.8717434869739479;0.20833333333333331;5;False
2588;2589;0.8817635270541082;0.20833333333333331;5;False
2589;2590;0.8917835671342685;0.20833333333333331;5;False
2590;2591;0.9018036072144289;0.20833333333333331;5;False
2591;2592;0.9118236472945891;0.20833333333333331;5;False
2592;2593;0.9218436873747494;0.20833333333333331;5;False
2593;2594;0.9318637274549098;0.20833333333333331;5;False
2594;2595;0.9418837675350701;0.20833333333333331;5;False
2595;2596;0.9519038076152304;0.20833333333333331;5;False
2596;2597;0.9619238476953907;0.20833333333333331;5;False
2597;2598;0.9719438877755511;0.20833333333333331;5;False
2598;2599;0.9819639278557114;0.20833333333333331;5;False
2599;2600;0.9919839679358717;0.20833333333333331;5;False
2600;2601;1.002004008016032;0.20833333333333331;5;False
2601;2602;1.0120240480961924;0.20833333333333331;5;False
2602;2603;1.0220440881763526;0.20833333333333331;5;False
2603;2604;1.032064128256513;0.20833333333333331;5;False
2604;2605;1.0420841683366733;0.20833333333333331;5;False
2605;2606;1.0521042084168337;0.20833333333333331;5;False
2606;2607;1.062124248496994;0.20833333333333331;5;False
2607;2608;1.0721442885771542;0.20833333333333331;5;False
2608;2609;1.0821643286573146;0.20833333333333331;5;False
2609;2610;1.0921843687374748;0.20833333333333331;5;False
2610;2611;1.1022044088176353;0.20833333333333331;5;False
2611;2612;1.1122244488977955;0.20833333333333331;5;False
2612;2613;1.122244488977956;0.20833333333333331;5;False
2613;2614;1.1322645290581161;0.20833333333333331;5;False
2614;2615;1.1422845691382766;0.20833333333333331;5;False
2615;2616;1.1523046092184368;0.20833333333333331;5;False
2616;2617;1.1623246492985972;0.20833333333333331;5;False
2617;2618;1.1723446893787575;0.20833333333333331;5;False
2618;2619;1.1823647294589177;0.20833333333333331;5;False
2619;2620;1.1923847695390781;0.20833333333333331;5;False
2620;2621;1.2024048096192383;0.20833333333333331;5;False
2621;2622;1.2124248496993988;0.20833333333333331;5;False
2622;2623;1.222444889779559;0.20833333333333331;5;False
2623;2624;1.2324649298597194;0.20833333333333331;5;False
2624;2625;1.2424849699398797;0.20833333333333331;5;False
2625;2626;1.25250501002004;0.20833333333333331;5;False
2626;2627;1.2625250501002003;0.20833333333333331;5;False
2627;2628;1.2725450901803608;0.20833333333333331;5;False
2628;2629;1.282565130260521;0.20833333333333331;5;False
2629;2630;1.2925851703406812;0.20833333333333331;5;False
2630;2631;1.3026052104208417;0.20833333333333331;5;False
2631;2632;1.3126252505010019;0.20833333333333331;5;False
2632;2633;1.3226452905811623;0.20833333333333331;5;False
2633;2634;1.3326653306613225;0.20833333333333331;5;False
2634;2635;1.342685370741483;0.20833333333333331;5;False
2635;2636;1.3527054108216432;0.20833333333333331;5;False
2636;2637;1.3627254509018036;0.20833333333333331;5;False
2637;2638;1.3727454909819639;0.20833333333333331;5;False
2638;2639;1.3827655310621243;0.20833333333333331;5;False
2639;2640;1.3927855711422845;0.20833333333333331;5;False
2640;2641;1.4028056112224447;0.20833333333333331;5;False
2641;2642;1.4128256513026052;0.20833333333333331;5;False
2642;2643;1.4228456913827654;0.20833333333333331;5;False
2643;2644;1.4328657314629258;0.20833333333333331;5;False
2644;2645;1.442885771543086;0.20833333333333331;5;False
2645;2646;1.4529058116232465;0.20833333333333331;5;False
2646;2647;1.4629258517034067;0.20833333333333331;5;False
2647;2648;1.4729458917835672;0.20833333333333331;5;False
2648;2649;1.4829659318637274;0.20833333333333331;5;False
2649;2650;1.4929859719438878;0.20833333333333331;5;False
2650;2651;1.503006012024048;0.20833333333333331;5;False
2651;2652;1.5130260521042083;0.20833333333333331;5;False
2652;2653;1.5230460921843687;0.20833333333333331;5;False
2653;2654;1.533066132264529;0.20833333333333331;5;False
2654;2655;1.5430861723446894;0.20833333333333331;5;False
2655;2656;1.5531062124248496;0.20833333333333331;5;False
2656;2657;1.56312625250501;0.20833333333333331;5;False
2657;2658;1.5731462925851702;0.20833333333333331;5;False
2658;2659;1.5831663326653307;0.20833333333333331;5;False
2659;2660;1.593186372745491;0.20833333333333331;5;False
2660;2661;1.6032064128256511;0.20833333333333331;5;False
2661;2662;1.6132264529058116;0.20833333333333331;5;False
2662;2663;1.6232464929859718;0.20833333333333331;5;False
2663;2664;1.6332665330661322;0.20833333333333331;5;False
2664;2665;1.6432865731462925;0.20833333333333331;5;False
2665;2666;1.653306613226453;0.20833333333333331;5;False
2666;2667;1.6633266533066131;0.20833333333333331;5;False
2667;2668;1.6733466933867736;0.20833333333333331;5;False
2668;2669;1.6833667334669338;0.20833333333333331;5;False
2669;2670;1.6933867735470942;0.20833333333333331;5;False
2670;2671;1.7034068136272544;0.20833333333333331;5;False
2671;2672;1.7134268537074147;0.20833333333333331;5;False
2672;2673;1.723446893787575;0.20833333333333331;5;False
2673;2674;1.7334669338677353;0.20833333333333331;5;False
2674;2675;1.7434869739478958;0.20833333333333331;5;False
2675;2676;1.753507014028056;0.20833333333333331;5;False
2676;2677;1.7635270541082164;0.20833333333333331;5;False
2677;2678;1.7735470941883766;0.20833333333333331;5;False
2678;2679;1.783567134268537;0.20833333333333331;5;False
2679;2680;1.7935871743486973;0.20833333333333331;5;False
2680;2681;1.8036072144288577;0.20833333333333331;5;False
2681;2682;1.813627254509018;0.20833333333333331;5;False
2682;2683;1.8236472945891782;0.20833333333333331;5;False
2683;2684;1.8336673346693386;0.20833333333333331;5;False
2684;2685;1.8436873747494988;0.20833333333333331;5;False
2685;2686;1.8537074148296593;0.20833333333333331;5;False
2686;2687;1.8637274549098195;0.20833333333333331;5;False
2687;2688;1.87374749498998;0.20833333333333331;5;False
2688;2689;1.8837675350701402;0.20833333333333331;5;False
2689;2690;1.8937875751503006;0.20833333333333331;5;False
2690;2691;1.9038076152304608;0.20833333333333331;5;False
2691;2692;1.9138276553106213;0.20833333333333331;5;False
2692;2693;1.9238476953907815;0.20833333333333331;5;False
2693;2694;1.9338677354709417;0.20833333333333331;5;False
2694;2695;1.9438877755511021;0.20833333333333331;5;False
2695;2696;1.9539078156312624;0.20833333333333331;5;False
2696;2697;1.9639278557114228;0.20833333333333331;5;False
2697;2698;1.973947895791583;0.20833333333333331;5;False
2698;2699;1.9839679358717435;0.20833333333333331;5;False
2699;2700;1.9939879759519037;0.20833333333333331;5;False
2700;2701;2.004008016032064;0.20833333333333331;5;False
2701;2702;2.0140280561122244;0.20833333333333331;5;False
2702;2703;2.024048096192385;0.20833333333333331;5;False
2703;2704;2.034068136272545;0.20833333333333331;5;False
2704;2705;2.0440881763527052;0.20833333333333331;5;False
2705;2706;2.0541082164328657;0.20833333333333331;5;False
2706;2707;2.064128256513026;0.20833333333333331;5;False
2707;2708;2.074148296593186;0.20833333333333331;5;False
2708;2709;2.0841683366733466;0.20833333333333331;5;False
2709;2710;2.094188376753507;0.20833333333333331;5;False
2710;2711;2.1042084168336674;0.20833333333333331;5;False
2711;2712;2.1142284569138274;0.20833333333333331;5;False
2712;2713;2.124248496993988;0.20833333333333331;5;False
2713;2714;2.1342685370741483;0.20833333333333331;5;False
2714;2715;2.1442885771543083;0.20833333333333331;5;False
2715;2716;2.1543086172344688;0.20833333333333331;5;False
2716;2717;2.164328657314629;0.20833333333333331;5;False
2717;2718;2.1743486973947896;0.20833333333333331;5;False
2718;2719;2.1843687374749496;0.20833333333333331;5;False
2719;2720;2.19438877755511;0.20833333333333331;5;False
2720;2721;2.2044088176352705;0.20833333333333331;5;False
2721;2722;2.214428857715431;0.20833333333333331;5;False
2722;2723;2.224448897795591;0.20833333333333331;5;False
2723;2724;2.2344689378757514;0.20833333333333331;5;False
2724;2725;2.244488977955912;0.20833333333333331;5;False
2725;2726;2.254509018036072;0.20833333333333331;5;False
2726;2727;2.2645290581162323;0.20833333333333331;5;False
2727;2728;2.2745490981963927;0.20833333333333331;5;False
2728;2729;2.284569138276553;0.20833333333333331;5;False
2729;2730;2.294589178356713;0.20833333333333331;5;False
2730;2731;2.3046092184368736;0.20833333333333331;5;False
2731;2732;2.314629258517034;0.20833333333333331;5;False
2732;2733;2.3246492985971945;0.20833333333333331;5;False
2733;2734;2.3346693386773545;0.20833333333333331;5;False
2734;2735;2.344689378757515;0.20833333333333331;5;False
2735;2736;2.3547094188376754;0.20833333333333331;5;False
2736;2737;2.3647294589178354;0.20833333333333331;5;False
2737;2738;2.374749498997996;0.20833333333333331;5;False
2738;2739;2.3847695390781563;0.20833333333333331;5;False
2739;2740;2.3947895791583167;0.20833333333333331;5;False
2740;2741;2.4048096192384767;0.20833333333333331;5;False
2741;2742;2.414829659318637;0.20833333333333331;5;False
2742;2743;2.4248496993987976;0.20833333333333331;5;False
2743;2744;2.434869739478958;0.20833333333333331;5;False
2744;2745;2.444889779559118;0.20833333333333331;5;False
2745;2746;2.4549098196392785;0.20833333333333331;5;False
2746;2747;2.464929859719439;0.20833333333333331;5;False
2747;2748;2.474949899799599;0.20833333333333331;5;False
2748;2749;2.4849699398797593;0.20833333333333331;5;False
2749;2750;2.49498997995992;0.20833333333333331;5;False
2750;2751;2.50501002004008;0.20833333333333331;5;False
2751;2752;2.51503006012024;0.20833333333333331;5;False
2752;2753;2.5250501002004007;0.20833333333333331;5;False
2753;2754;2.535070140280561;0.20833333333333331;5;False
2754;2755;2.5450901803607215;0.20833333333333331;5;False
2755;2756;2.5551102204408815;0.20833333333333331;5;False
2756;2757;2.565130260521042;0.20833333333333331;5;False
2757;2758;2.5751503006012024;0.20833333333333331;5;False
2758;2759;2.5851703406813624;0.20833333333333331;5;False
2759;2760;2.595190380761523;0.20833333333333331;5;False
2760;2761;2.6052104208416833;0.20833333333333331;5;False
2761;2762;2.6152304609218437;0.20833333333333331;5;False
2762;2763;2.6252505010020037;0.20833333333333331;5;False
2763;2764;2.635270541082164;0.20833333333333331;5;False
2764;2765;2.6452905811623246;0.20833333333333331;5;False
2765;2766;2.655310621242485;0.20833333333333331;5;False
2766;2767;2.665330661322645;0.20833333333333331;5;False
2767;2768;2.6753507014028055;0.20833333333333331;5;False
2768;2769;2.685370741482966;0.20833333333333331;5;False
2769;2770;2.695390781563126;0.20833333333333331;5;False
2770;2771;2.7054108216432864;0.20833333333333331;5;False
2771;2772;2.715430861723447;0.20833333333333331;5;False
2772;2773;2.7254509018036073;0.20833333333333331;5;False
2773;2774;2.7354709418837673;0.20833333333333331;5;False
2774;2775;2.7454909819639277;0.20833333333333331;5;False
2775;2776;2.755511022044088;0.20833333333333331;5;False
2776;2777;2.7655310621242486;0.20833333333333331;5;False
2777;2778;2.7755511022044086;0.20833333333333331;5;False
2778;2779;2.785571142284569;0.20833333333333331;5;False
2779;2780;2.7955911823647295;0.20833333333333331;5;False
2780;2781;2.8056112224448895;0.20833333333333331;5;False
2781;2782;2.81563126252505;0.20833333333333331;5;False
2782;2783;2.8256513026052104;0.20833333333333331;5;False
2783;2784;2.835671342685371;0.20833333333333331;5;False
2784;2785;2.845691382765531;0.20833333333333331;5;False
2785;2786;2.8557114228456912;0.20833333333333331;5;False
2786;2787;2.8657314629258517;0.20833333333333331;5;False
2787;2788;2.875751503006012;0.20833333333333331;5;False
2788;2789;2.885771543086172;0.20833333333333331;5;False
2789;2790;2.8957915831663326;0.20833333333333331;5;False
2790;2791;2.905811623246493;0.20833333333333331;5;False
2791;2792;2.915831663326653;0.20833333333333331;5;False
2792;2793;2.9258517034068134;0.20833333333333331;5;False
2793;2794;2.935871743486974;0.20833333333333331;5;False
2794;2795;2.9458917835671343;0.20833333333333331;5;False
2795;2796;2.9559118236472943;0.20833333333333331;5;False
2796;2797;2.9659318637274548;0.20833333333333331;5;False
2797;2798;2.975951903807615;0.20833333333333331;5;False
2798;2799;2.9859719438877756;0.20833333333333331;5;False
2799;2800;2.9959919839679356;0.20833333333333331;5;False
2800;2801;3.006012024048096;0.20833333333333331;5;False
2801;2802;3.0160320641282565;0.20833333333333331;5;False
2802;2803;3.0260521042084165;0.20833333333333331;5;False
2803;2804;3.036072144288577;0.20833333333333331;5;False
2804;2805;3.0460921843687374;0.20833333333333331;5;False
2805;2806;3.056112224448898;0.20833333333333331;5;False
2806;2807;3.066132264529058;0.20833333333333331;5;False
2807;2808;3.0761523046092183;0.20833333333333331;5;False
2808;2809;3.0861723446893787;0.20833333333333331;5;False
2809;2810;3.096192384769539;0.20833333333333331;5;False
2810;2811;3.106212424849699;0.20833333333333331;5;False
2811;2812;3.1162324649298596;0.20833333333333331;5;False
2812;2813;3.12625250501002;0.20833333333333331;5;False
2813;2814;3.13627254509018;0.20833333333333331;5;False
2814;2815;3.1462925851703405;0.20833333333333331;5;False
2815;2816;3.156312625250501;0.20833333333333331;5;False
2816;2817;3.1663326653306614;0.20833333333333331;5;False
2817;2818;3.1763527054108214;0.20833333333333331;5;False
2818;2819;3.186372745490982;0.20833333333333331;5;False
2819;2820;3.1963927855711423;0.20833333333333331;5;False
2820;2821;3.2064128256513023;0.20833333333333331;5;False
2821;2822;3.2164328657314627;0.20833333333333331;5;False
2822;2823;3.226452905811623;0.20833333333333331;5;False
2823;2824;3.2364729458917836;0.20833333333333331;5;False
2824;2825;3.2464929859719436;0.20833333333333331;5;False
2825;2826;3.256513026052104;0.20833333333333331;5;False
2826;2827;3.2665330661322645;0.20833333333333331;5;False
2827;2828;3.276553106212425;0.20833333333333331;5;False
2828;2829;3.286573146292585;0.20833333333333331;5;False
2829;2830;3.2965931863727453;0.20833333333333331;5;False
2830;2831;3.306613226452906;0.20833333333333331;5;False
2831;2832;3.316633266533066;0.20833333333333331;5;False
2832;2833;3.3266533066132262;0.20833333333333331;5;False
2833;2834;3.3366733466933867;0.20833333333333331;5;False
2834;2835;3.346693386773547;0.20833333333333331;5;False
2835;2836;3.356713426853707;0.20833333333333331;5;False
2836;2837;3.3667334669338675;0.20833333333333331;5;False
2837;2838;3.376753507014028;0.20833333333333331;5;False
2838;2839;3.3867735470941884;0.20833333333333331;5;False
2839;2840;3.3967935871743484;0.20833333333333331;5;False
2840;2841;3.406813627254509;0.20833333333333331;5;False
2841;2842;3.4168336673346693;0.20833333333333331;5;False
2842;2843;3.4268537074148293;0.20833333333333331;5;False
2843;2844;3.4368737474949898;0.20833333333333331;5;False
2844;2845;3.44689378757515;0.20833333333333331;5;False
2845;2846;3.4569138276553106;0.20833333333333331;5;False
2846;2847;3.4669338677354706;0.20833333333333331;5;False
2847;2848;3.476953907815631;0.20833333333333331;5;False
2848;2849;3.4869739478957915;0.20833333333333331;5;False
2849;2850;3.496993987975952;0.20833333333333331;5;False
2850;2851;3.507014028056112;0.20833333333333331;5;False
2851;2852;3.5170340681362724;0.20833333333333331;5;False
2852;2853;3.527054108216433;0.20833333333333331;5;False
2853;2854;3.537074148296593;0.20833333333333331;5;False
2854;2855;3.5470941883767533;0.20833333333333331;5;False
2855;2856;3.5571142284569137;0.20833333333333331;5;False
2856;2857;3.567134268537074;0.20833333333333331;5;False
2857;2858;3.577154308617234;0.20833333333333331;5;False
2858;2859;3.5871743486973946;0.20833333333333331;5;False
2859;2860;3.597194388777555;0.20833333333333331;5;False
2860;2861;3.6072144288577155;0.20833333333333331;5;False
2861;2862;3.6172344689378755;0.20833333333333331;5;False
2862;2863;3.627254509018036;0.20833333333333331;5;False
2863;2864;3.6372745490981964;0.20833333333333331;5;False
2864;2865;3.6472945891783564;0.20833333333333331;5;False
2865;2866;3.657314629258517;0.20833333333333331;5;False
2866;2867;3.6673346693386772;0.20833333333333331;5;False
2867;2868;3.6773547094188377;0.20833333333333331;5;False
2868;2869;3.6873747494989977;0.20833333333333331;5;False
2869;2870;3.697394789579158;0.20833333333333331;5;False
2870;2871;3.7074148296593186;0.20833333333333331;5;False
2871;2872;3.717434869739479;0.20833333333333331;5;False
2872;2873;3.727454909819639;0.20833333333333331;5;False
2873;2874;3.7374749498997994;0.20833333333333331;5;False
2874;2875;3.74749498997996;0.20833333333333331;5;False
2875;2876;3.75751503006012;0.20833333333333331;5;False
2876;2877;3.7675350701402803;0.20833333333333331;5;False
2877;2878;3.7775551102204408;0.20833333333333331;5;False
2878;2879;3.787575150300601;0.20833333333333331;5;False
2879;2880;3.797595190380761;0.20833333333333331;5;False
2880;2881;3.8076152304609217;0.20833333333333331;5;False
2881;2882;3.817635270541082;0.20833333333333331;5;False
2882;2883;3.8276553106212425;0.20833333333333331;5;False
2883;2884;3.8376753507014025;0.20833333333333331;5;False
2884;2885;3.847695390781563;0.20833333333333331;5;False
2885;2886;3.8577154308617234;0.20833333333333331;5;False
2886;2887;3.8677354709418834;0.20833333333333331;5;False
2887;2888;3.877755511022044;0.20833333333333331;5;False
2888;2889;3.8877755511022043;0.20833333333333331;5;False
2889;2890;3.8977955911823647;0.20833333333333331;5;False
2890;2891;3.9078156312625247;0.20833333333333331;5;False
2891;2892;3.917835671342685;0.20833333333333331;5;False
2892;2893;3.9278557114228456;0.20833333333333331;5;False
2893;2894;3.937875751503006;0.20833333333333331;5;False
2894;2895;3.947895791583166;0.20833333333333331;5;False
2895;2896;3.9579158316633265;0.20833333333333331;5;False
2896;2897;3.967935871743487;0.20833333333333331;5;False
2897;2898;3.977955911823647;0.20833333333333331;5;False
2898;2899;3.9879759519038074;0.20833333333333331;5;False
2899;2900;3.997995991983968;0.20833333333333331;5;False
2900;2901;4.008016032064128;0.20833333333333331;5;False
2901;2902;4.018036072144288;0.20833333333333331;5;False
2902;2903;4.028056112224449;0.20833333333333331;5;False
2903;2904;4.038076152304609;0.20833333333333331;5;False
2904;2905;4.04809619238477;0.20833333333333331;5;False
2905;2906;4.05811623246493;0.20833333333333331;5;False
2906;2907;4.06813627254509;0.20833333333333331;5;False
2907;2908;4.07815631262525;0.20833333333333331;5;False
2908;2909;4.0881763527054105;0.20833333333333331;5;False
2909;2910;4.098196392785571;0.20833333333333331;5;False
2910;2911;4.108216432865731;0.20833333333333331;5;False
2911;2912;4.118236472945892;0.20833333333333331;5;False
2912;2913;4.128256513026052;0.20833333333333331;5;False
2913;2914;4.138276553106213;0.20833333333333331;5;False
2914;2915;4.148296593186372;0.20833333333333331;5;False
2915;2916;4.158316633266533;0.20833333333333331;5;False
2916;2917;4.168336673346693;0.20833333333333331;5;False
2917;2918;4.1783567134268536;0.20833333333333331;5;False
2918;2919;4.188376753507014;0.20833333333333331;5;False
2919;2920;4.198396793587174;0.20833333333333331;5;False
2920;2921;4.208416833667335;0.20833333333333331;5;False
2921;2922;4.218436873747494;0.20833333333333331;5;False
2922;2923;4.228456913827655;0.20833333333333331;5;False
2923;2924;4.238476953907815;0.20833333333333331;5;False
2924;2925;4.248496993987976;0.20833333333333331;5;False
2925;2926;4.258517034068136;0.20833333333333331;5;False
2926;2927;4.268537074148297;0.20833333333333331;5;False
2927;2928;4.278557114228457;0.20833333333333331;5;False
2928;2929;4.288577154308617;0.20833333333333331;5;False
2929;2930;4.298597194388777;0.20833333333333331;5;False
2930;2931;4.3086172344689375;0.20833333333333331;5;False
2931;2932;4.318637274549098;0.20833333333333331;5;False
2932;2933;4.328657314629258;0.20833333333333331;5;False
2933;2934;4.338677354709419;0.20833333333333331;5;False
2934;2935;4.348697394789579;0.20833333333333331;5;False
2935;2936;4.35871743486974;0.20833333333333331;5;False
2936;2937;4.368737474949899;0.20833333333333331;5;False
2937;2938;4.37875751503006;0.20833333333333331;5;False
2938;2939;4.38877755511022;0.20833333333333331;5;False
2939;2940;4.398797595190381;0.20833333333333331;5;False
2940;2941;4.408817635270541;0.20833333333333331;5;False
2941;2942;4.4188376753507015;0.20833333333333331;5;False
2942;2943;4.428857715430862;0.20833333333333331;5;False
2943;2944;4.4388777555110215;0.20833333333333331;5;False
2944;2945;4.448897795591182;0.20833333333333331;5;False
2945;2946;4.458917835671342;0.20833333333333331;5;False
2946;2947;4.468937875751503;0.20833333333333331;5;False
2947;2948;4.478957915831663;0.20833333333333331;5;False
2948;2949;4.488977955911824;0.20833333333333331;5;False
2949;2950;4.498997995991984;0.20833333333333331;5;False
2950;2951;4.509018036072144;0.20833333333333331;5;False
2951;2952;4.519038076152304;0.20833333333333331;5;False
2952;2953;4.529058116232465;0.20833333333333331;5;False
2953;2954;4.539078156312625;0.20833333333333331;5;False
2954;2955;4.5490981963927855;0.20833333333333331;5;False
2955;2956;4.559118236472946;0.20833333333333331;5;False
2956;2957;4.569138276553106;0.20833333333333331;5;False
2957;2958;4.579158316633267;0.20833333333333331;5;False
2958;2959;4.589178356713426;0.20833333333333331;5;False
2959;2960;4.599198396793587;0.20833333333333331;5;False
2960;2961;4.609218436873747;0.20833333333333331;5;False
2961;2962;4.619238476953908;0.20833333333333331;5;False
2962;2963;4.629258517034068;0.20833333333333331;5;False
2963;2964;4.6392785571142285;0.20833333333333331;5;False
2964;2965;4.649298597194389;0.20833333333333331;5;False
2965;2966;4.6593186372745485;0.20833333333333331;5;False
2966;2967;4.669338677354709;0.20833333333333331;5;False
2967;2968;4.679358717434869;0.20833333333333331;5;False
2968;2969;4.68937875751503;0.20833333333333331;5;False
2969;2970;4.69939879759519;0.20833333333333331;5;False
2970;2971;4.709418837675351;0.20833333333333331;5;False
2971;2972;4.719438877755511;0.20833333333333331;5;False
2972;2973;4.729458917835671;0.20833333333333331;5;False
2973;2974;4.739478957915831;0.20833333333333331;5;False
2974;2975;4.749498997995992;0.20833333333333331;5;False
2975;2976;4.759519038076152;0.20833333333333331;5;False
2976;2977;4.7695390781563125;0.20833333333333331;5;False
2977;2978;4.779559118236473;0.20833333333333331;5;False
2978;2979;4.789579158316633;0.20833333333333331;5;False
2979;2980;4.799599198396794;0.20833333333333331;5;False
2980;2981;4.809619238476953;0.20833333333333331;5;False
2981;2982;4.819639278557114;0.20833333333333331;5;False
2982;2983;4.829659318637274;0.20833333333333331;5;False
2983;2984;4.839679358717435;0.20833333333333331;5;False
2984;2985;4.849699398797595;0.20833333333333331;5;False
2985;2986;4.859719438877756;0.20833333333333331;5;False
2986;2987;4.869739478957916;0.20833333333333331;5;False
2987;2988;4.879759519038076;0.20833333333333331;5;False
2988;2989;4.889779559118236;0.20833333333333331;5;False
2989;2990;4.8997995991983965;0.20833333333333331;5;False
2990;2991;4.909819639278557;0.20833333333333331;5;False
2991;2992;4.919839679358717;0.20833333333333331;5;False
2992;2993;4.929859719438878;0.20833333333333331;5;False
2993;2994;4.939879759519038;0.20833333333333331;5;False
2994;2995;4.949899799599198;0.20833333333333331;5;False
2995;2996;4.959919839679358;0.20833333333333331;5;False
2996;2997;4.969939879759519;0.20833333333333331;5;False
2997;2998;4.979959919839679;0.20833333333333331;5;False
2998;2999;4.98997995991984;0.20833333333333331;5;False
2999;3000;5.0;0.20833333333333331;5;False
3000;3001;0.0;0.25;6;True
3001;3002;0.01002004008016032;0.25;6;True
3002;3003;0.02004008016032064;0.25;6;True
3003;3004;0.03006012024048096;0.25;6;True
3004;3005;0.04008016032064128;0.25;6;True
3005;3006;0.0501002004008016;0.25;6;True
3006;3007;0.06012024048096192;0.25;6;True
3007;3008;0.07014028056112225;0.25;6;True
3008;3009;0.08016032064128256;0.25;6;True
3009;3010;0.09018036072144288;0.25;6;True
3010;3011;0.1002004008016032;0.25;6;True
3011;3012;0.11022044088176353;0.25;6;True
3012;3013;0.12024048096192384;0.25;6;True
3013;3014;0.13026052104208416;0.25;6;True
3014;3015;0.1402805611222445;0.25;6;True
3015;3016;0.1503006012024048;0.25;6;True
3016;3017;0.16032064128256512;0.25;6;True
3017;3018;0.17034068136272545;0.25;6;True
3018;3019;0.18036072144288576;0.25;6;True
3019;3020;0.1903807615230461;0.25;6;True
3020;3021;0.2004008016032064;0.25;6;True
3021;3022;0.21042084168336672;0.25;6;True
3022;3023;0.22044088176352705;0.25;6;True
3023;3024;0.23046092184368736;0.25;6;True
3024;3025;0.24048096192384769;0.25;6;True
3025;3026;0.250501002004008;0.25;6;True
3026;3027;0.2605210420841683;0.25;6;True
3027;3028;0.27054108216432865;0.25;6;True
3028;3029;0.280561122244489;0.25;6;True
3029;3030;0.2905811623246493;0.25;6;True
3030;3031;0.3006012024048096;0.25;6;True
3031;3032;0.3106212424849699;0.25;6;True
3032;3033;0.32064128256513025;0.25;6;True
3033;3034;0.3306613226452906;0.25;6;True
3034;3035;0.3406813627254509;0.25;6;True
3035;3036;0.3507014028056112;0.25;6;True
3036;3037;0.3607214428857715;0.25;6;True
3037;3038;0.37074148296593185;0.25;6;True
3038;3039;0.3807615230460922;0.25;6;True
3039;3040;0.3907815631262525;0.25;6;True
3040;3041;0.4008016032064128;0.25;6;True
3041;3042;0.4108216432865731;0.25;6;True
3042;3043;0.42084168336673344;0.25;6;True
3043;3044;0.4308617234468938;0.25;6;True
3044;3045;0.4408817635270541;0.25;6;True
3045;3046;0.45090180360721444;0.25;6;True
3046;3047;0.4609218436873747;0.25;6;True
3047;3048;0.47094188376753504;0.25;6;True
3048;3049;0.48096192384769537;0.25;6;True
3049;3050;0.4909819639278557;0.25;6;True
3050;3051;0.501002004008016;0.25;6;True
3051;3052;0.5110220440881763;0.25;6;True
3052;3053;0.5210420841683366;0.25;6;True
3053;3054;0.531062124248497;0.25;6;True
3054;3055;0.5410821643286573;0.25;6;True
3055;3056;0.5511022044088176;0.25;6;True
3056;3057;0.561122244488978;0.25;6;True
3057;3058;0.5711422845691383;0.25;6;True
3058;3059;0.5811623246492986;0.25;6;True
3059;3060;0.5911823647294588;0.25;6;True
3060;3061;0.6012024048096192;0.25;6;True
3061;3062;0.6112224448897795;0.25;6;True
3062;3063;0.6212424849699398;0.25;6;True
3063;3064;0.6312625250501002;0.25;6;True
3064;3065;0.6412825651302605;0.25;6;True
3065;3066;0.6513026052104208;0.25;6;True
3066;3067;0.6613226452905812;0.25;6;True
3067;3068;0.6713426853707415;0.25;6;True
3068;3069;0.6813627254509018;0.25;6;True
3069;3070;0.6913827655310621;0.25;6;True
3070;3071;0.7014028056112224;0.25;6;True
3071;3072;0.7114228456913827;0.25;6;True
3072;3073;0.721442885771543;0.25;6;True
3073;3074;0.7314629258517034;0.25;6;True
3074;3075;0.7414829659318637;0.25;6;True
3075;3076;0.751503006012024;0.25;6;True
3076;3077;0.7615230460921844;0.25;6;True
3077;3078;0.7715430861723447;0.25;6;True
3078;3079;0.781563126252505;0.25;6;True
3079;3080;0.7915831663326653;0.25;6;True
3080;3081;0.8016032064128256;0.25;6;True
3081;3082;0.8116232464929859;0.25;6;True
3082;3083;0.8216432865731462;0.25;6;True
3083;3084;0.8316633266533066;0.25;6;True
3084;3085;0.8416833667334669;0.25;6;True
3085;3086;0.8517034068136272;0.25;6;True
3086;3087;0.8617234468937875;0.25;6;True
3087;3088;0.8717434869739479;0.25;6;True
3088;3089;0.8817635270541082;0.25;6;True
3089;3090;0.8917835671342685;0.25;6;True
3090;3091;0.9018036072144289;0.25;6;True
3091;3092;0.9118236472945891;0.25;6;True
3092;3093;0.9218436873747494;0.25;6;True
3093;3094;0.9318637274549098;0.25;6;True
3094;3095;0.9418837675350701;0.25;6;True
3095;3096;0.9519038076152304;0.25;6;True
3096;3097;0.9619238476953907;0.25;6;True
3097;3098;0.9719438877755511;0.25;6;True
3098;3099;0.9819639278557114;0.25;6;True
3099;3100;0.9919839679358717;0.25;6;True
3100;3101;1.002004008016032;0.25;6;True
3101;3102;1.0120240480961924;0.25;6;True
3102;3103;1.0220440881763526;0.25;6;True
3103;3104;1.032064128256513;0.25;6;True
3104;3105;1.0420841683366733;0.25;6;True
3105;3106;1.0521042084168337;0.25;6;True
3106;3107;1.062124248496994;0.25;6;True
3107;3108;1.0721442885771542;0.25;6;True
3108;3109;1.0821643286573146;0.25;6;True
3109;3110;1.0921843687374748;0.25;6;True
3110;3111;1.1022044088176353;0.25;6;True
3111;3112;1.1122244488977955;0.25;6;True
3112;3113;1.122244488977956;0.25;6;True
3113;3114;1.1322645290581161;0.25;6;True
3114;3115;1.1422845691382766;0.25;6;True
3115;3116;1.1523046092184368;0.25;6;True
3116;3117;1.1623246492985972;0.25;6;True
3117;3118;1.1723446893787575;0.25;6;True
3118;3119;1.1823647294589177;0.25;6;True
3119;3120;1.1923847695390781;0.25;6;True
3120;3121;1.2024048096192383;0.25;6;True
3121;3122;1.2124248496993988;0.25;6;True
3122;3123;1.222444889779559;0.25;6;True
3123;3124;1.2324649298597194;0.25;6;True
3124;3125;1.2424849699398797;0.25;6;True
3125;3126;1.25250501002004;0.25;6;True
3126;3127;1.2625250501002003;0.25;6;True
3127;3128;1.2725450901803608;0.25;6;True
3128;3129;1.282565130260521;0.25;6;True
3129;3130;1.2925851703406812;0.25;6;True
3130;3131;1.3026052104208417;0.25;6;True
3131;3132;1.3126252505010019;0.25;6;True
3132;3133;1.3226452905811623;0.25;6;True
3133;3134;1.3326653306613225;0.25;6;True
3134;3135;1.342685370741483;0.25;6;True
3135;3136;1.3527054108216432;0.25;6;True
3136;3137;1.3627254509018036;0.25;6;True
3137;3138;1.3727454909819639;0.25;6;True
3138;3139;1.3827655310621243;0.25;6;True
3139;3140;1.3927855711422845;0.25;6;True
3140;3141;1.4028056112224447;0.25;6;True
3141;3142;1.4128256513026052;0.25;6;True
3142;3143;1.4228456913827654;0.25;6;True
3143;3144;1.4328657314629258;0.25;6;True
3144;3145;1.442885771543086;0.25;6;True
3145;3146;1.4529058116232465;0.25;6;True
3146;3147;1.4629258517034067;0.25;6;True
3147;3148;1.4729458917835672;0.25;6;True
3148;3149;1.4829659318637274;0.25;6;True
3149;3150;1.4929859719438878;0.25;6;True
3150;3151;1.503006012024048;0.25;6;True
3151;3152;1.5130260521042083;0.25;6;True
3152;3153;1.5230460921843687;0.25;6;True
3153;3154;1.533066132264529;0.25;6;True
3154;3155;1.5430861723446894;0.25;6;True
3155;3156;1.5531062124248496;0.25;6;True
3156;3157;1.56312625250501;0.25;6;True
3157;3158;1.5731462925851702;0.25;6;True
3158;3159;1.5831663326653307;0.25;6;True
3159;3160;1.593186372745491;0.25;6;True
3160;3161;1.6032064128256511;0.25;6;True
3161;3162;1.6132264529058116;0.25;6;True
3162;3163;1.6232464929859718;0.25;6;True
3163;3164;1.6332665330661322;0.25;6;True
3164;3165;1.6432865731462925;0.25;6;True
3165;3166;1.653306613226453;0.25;6;True
3166;3167;1.6633266533066131;0.25;6;True
3167;3168;1.6733466933867736;0.25;6;True
3168;3169;1.6833667334669338;0.25;6;True
3169;3170;1.6933867735470942;0.25;6;True
3170;3171;1.7034068136272544;0.25;6;True
3171;3172;1.7134268537074147;0.25;6;True
3172;3173;1.723446893787575;0.25;6;True
3173;3174;1.7334669338677353;0.25;6;True
3174;3175;1.7434869739478958;0.25;6;True
3175;3176;1.753507014028056;0.25;6;True
3176;3177;1.7635270541082164;0.25;6;True
3177;3178;1.7735470941883766;0.25;6;True
3178;3179;1.783567134268537;0.25;6;True
3179;3180;1.7935871743486973;0.25;6;True
3180;3181;1.8036072144288577;0.25;6;True
3181;3182;1.813627254509018;0.25;6;True
3182;3183;1.8236472945891782;0.25;6;True
3183;3184;1.8336673346693386;0.25;6;True
3184;3185;1.8436873747494988;0.25;6;True
3185;3186;1.8537074148296593;0.25;6;True
3186;3187;1.8637274549098195;0.25;6;True
3187;3188;1.87374749498998;0.25;6;True
3188;3189;1.8837675350701402;0.25;6;True
3189;3190;1.8937875751503006;0.25;6;True
3190;3191;1.9038076152304608;0.25;6;True
3191;3192;1.9138276553106213;0.25;6;True
3192;3193;1.9238476953907815;0.25;6;True
3193;3194;1.9338677354709417;0.25;6;True
3194;3195;1.9438877755511021;0.25;6;True
3195;3196;1.9539078156312624;0.25;6;True
3196;3197;1.9639278557114228;0.25;6;True
3197;3198;1.973947895791583;0.25;6;True
3198;3199;1.9839679358717435;0.25;6;True
3199;3200;1.9939879759519037;0.25;6;True
3200;3201;2.004008016032064;0.25;6;True
3201;3202;2.0140280561122244;0.25;6;True
3202;3203;2.024048096192385;0.25;6;True
3203;3204;2.034068136272545;0.25;6;True
3204;3205;2.0440881763527052;0.25;6;True
3205;3206;2.0541082164328657;0.25;6;True
3206;3207;2.064128256513026;0.25;6;True
3207;3208;2.074148296593186;0.25;6;True
3208;3209;2.0841683366733466;0.25;6;True
3209;3210;2.094188376753507;0.25;6;True
3210;3211;2.1042084168336674;0.25;6;True
3211;3212;2.1142284569138274;0.25;6;True
3212;3213;2.124248496993988;0.25;6;True
3213;3214;2.1342685370741483;0.25;6;True
3214;3215;2.1442885771543083;0.25;6;True
3215;3216;2.1543086172344688;0.25;6;True
3216;3217;2.164328657314629;0.25;6;True
3217;3218;2.1743486973947896;0.25;6;True
3218;3219;2.1843687374749496;0.25;6;True
3219;3220;2.19438877755511;0.25;6;True
3220;3221;2.2044088176352705;0.25;6;True
3221;3222;2.214428857715431;0.25;6;True
3222;3223;2.224448897795591;0.25;6;True
3223;3224;2.2344689378757514;0.25;6;True
3224;3225;2.244488977955912;0.25;6;True
3225;3226;2.254509018036072;0.25;6;True
3226;3227;2.2645290581162323;0.25;6;True
3227;3228;2.2745490981963927;0.25;6;True
3228;3229;2.284569138276553;0.25;6;True
3229;3230;2.294589178356713;0.25;6;True
3230;3231;2.3046092184368736;0.25;6;True
3231;3232;2.314629258517034;0.25;6;True
3232;3233;2.3246492985971945;0.25;6;True
3233;3234;2.3346693386773545;0.25;6;True
3234;3235;2.344689378757515;0.25;6;True
3235;3236;2.3547094188376754;0.25;6;True
3236;3237;2.3647294589178354;0.25;6;True
3237;3238;2.374749498997996;0.25;6;True
3238;3239;2.3847695390781563;0.25;6;True
3239;3240;2.3947895791583167;0.25;6;True
3240;3241;2.4048096192384767;0.25;6;True
3241;3242;2.414829659318637;0.25;6;True
3242;3243;2.4248496993987976;0.25;6;True
3243;3244;2.434869739478958;0.25;6;True
3244;3245;2.444889779559118;0.25;6;True
3245;3246;2.4549098196392785;0.25;6;True
3246;3247;2.464929859719439;0.25;6;True
3247;3248;2.474949899799599;0.25;6;True
3248;3249;2.4849699398797593;0.25;6;True
3249;3250;2.49498997995992;0.25;6;True
3250;3251;2.50501002004008;0.25;6;True
3251;3252;2.51503006012024;0.25;6;True
3252;3253;2.5250501002004007;0.25;6;True
3253;3254;2.535070140280561;0.25;6;True
3254;3255;2.5450901803607215;0.25;6;True
3255;3256;2.5551102204408815;0.25;6;True
3256;3257;2.565130260521042;0.25;6;True
3257;3258;2.5751503006012024;0.25;6;True
3258;3259;2.5851703406813624;0.25;6;True
3259;3260;2.595190380761523;0.25;6;True
3260;3261;2.6052104208416833;0.25;6;True
3261;3262;2.6152304609218437;0.25;6;True
3262;3263;2.6252505010020037;0.25;6;True
3263;3264;2.635270541082164;0.25;6;True
3264;3265;2.6452905811623246;0.25;6;True
3265;3266;2.655310621242485;0.25;6;True
3266;3267;2.665330661322645;0.25;6;True
3267;3268;2.6753507014028055;0.25;6;True
3268;3269;2.685370741482966;0.25;6;True
3269;3270;2.695390781563126;0.25;6;True
3270;3271;2.7054108216432864;0.25;6;True
3271;3272;2.715430861723447;0.25;6;True
3272;3273;2.7254509018036073;0.25;6;True
3273;3274;2.7354709418837673;0.25;6;True
3274;3275;2.7454909819639277;0.25;6;True
3275;3276;2.755511022044088;0.25;6;True
3276;3277;2.7655310621242486;0.25;6;True
3277;3278;2.7755511022044086;0.25;6;True
3278;3279;2.785571142284569;0.25;6;True
3279;3280;2.7955911823647295;0.25;6;True
3280;3281;2.8056112224448895;0.25;6;True
3281;3282;2.81563126252505;0.25;6;True
3282;3283;2.8256513026052104;0.25;6;True
3283;3284;2.835671342685371;0.25;6;True
3284;3285;2.845691382765531;0.25;6;True
3285;3286;2.8557114228456912;0.25;6;True
3286;3287;2.8657314629258517;0.25;6;True
3287;3288;2.875751503006012;0.25;6;True
3288;3289;2.885771543086172;0.25;6;True
3289;3290;2.8957915831663326;0.25;6;True
3290;3291;2.905811623246493;0.25;6;True
3291;3292;2.915831663326653;0.25;6;True
3292;3293;2.9258517034068134;0.25;6;True
3293;3294;2.935871743486974;0.25;6;True
3294;3295;2.9458917835671343;0.25;6;True
3295;3296;2.9559118236472943;0.25;6;True
3296;3297;2.9659318637274548;0.25;6;True
3297;3298;2.975951903807615;0.25;6;True
3298;3299;2.9859719438877756;0.25;6;True
3299;3300;2.9959919839679356;0.25;6;True
3300;3301;3.006012024048096;0.25;6;True
3301;3302;3.0160320641282565;0.25;6;True
3302;3303;3.0260521042084165;0.25;6;True
3303;3304;3.036072144288577;0.25;6;True
3304;3305;3.0460921843687374;0.25;6;True
3305;3306;3.056112224448898;0.25;6;True
3306;3307;3.066132264529058;0.25;6;True
3307;3308;3.0761523046092183;0.25;6;True
3308;3309;3.0861723446893787;0.25;6;True
3309;3310;3.096192384769539;0.25;6;True
3310;3311;3.106212424849699;0.25;6;True
3311;3312;3.1162324649298596;0.25;6;True
3312;3313;3.12625250501002;0.25;6;True
3313;3314;3.13627254509018;0.25;6;True
3314;3315;3.1462925851703405;0.25;6;True
3315;3316;3.156312625250501;0.25;6;True
3316;3317;3.1663326653306614;0.25;6;True
3317;3318;3.1763527054108214;0.25;6;True
3318;3319;3.186372745490982;0.25;6;True
3319;3320;3.1963927855711423;0.25;6;True
3320;3321;3.2064128256513023;0.25;6;True
3321;3322;3.2164328657314627;0.25;6;True
3322;3323;3.226452905811623;0.25;6;True
3323;3324;3.2364729458917836;0.25;6;True
3324;3325;3.2464929859719436;0.25;6;True
3325;3326;3.256513026052104;0.25;6;True
3326;3327;3.2665330661322645;0.25;6;True
3327;3328;3.276553106212425;0.25;6;True
3328;3329;3.286573146292585;0.25;6;True
3329;3330;3.2965931863727453;0.25;6;True
3330;3331;3.306613226452906;0.25;6;True
3331;3332;3.316633266533066;0.25;6;True
3332;3333;3.3266533066132262;0.25;6;True
3333;3334;3.3366733466933867;0.25;6;True
3334;3335;3.346693386773547;0.25;6;True
3335;3336;3.356713426853707;0.25;6;True
3336;3337;3.3667334669338675;0.25;6;True
3337;3338;3.376753507014028;0.25;6;True
3338;3339;3.3867735470941884;0.25;6;True
3339;3340;3.3967935871743484;0.25;6;True
3340;3341;3.406813627254509;0.25;6;True
3341;3342;3.4168336673346693;0.25;6;True
3342;3343;3.4268537074148293;0.25;6;True
3343;3344;3.4368737474949898;0.25;6;True
3344;3345;3.44689378757515;0.25;6;True
3345;3346;3.4569138276553106;0.25;6;True
3346;3347;3.4669338677354706;0.25;6;True
3347;3348;3.476953907815631;0.25;6;True
3348;3349;3.4869739478957915;0.25;6;True
3349;3350;3.496993987975952;0.25;6;True
3350;3351;3.507014028056112;0.25;6;True
3351;3352;3.5170340681362724;0.25;6;True
3352;3353;3.527054108216433;0.25;6;True
3353;3354;3.537074148296593;0.25;6;True
3354;3355;3.5470941883767533;0.25;6;True
3355;3356;3.5571142284569137;0.25;6;True
3356;3357;3.567134268537074;0.25;6;True
3357;3358;3.577154308617234;0.25;6;True
3358;3359;3.5871743486973946;0.25;6;True
3359;3360;3.597194388777555;0.25;6;True
3360;3361;3.6072144288577155;0.25;6;True
3361;3362;3.6172344689378755;0.25;6;True
3362;3363;3.627254509018036;0.25;6;True
3363;3364;3.6372745490981964;0.25;6;True
3364;3365;3.6472945891783564;0.25;6;True
3365;3366;3.657314629258517;0.25;6;True
3366;3367;3.6673346693386772;0.25;6;True
3367;3368;3.6773547094188377;0.25;6;True
3368;3369;3.6873747494989977;0.25;6;True
3369;3370;3.697394789579158;0.25;6;True
3370;3371;3.7074148296593186;0.25;6;True
3371;3372;3.717434869739479;0.25;6;True
3372;3373;3.727454909819639;0.25;6;True
3373;3374;3.7374749498997994;0.25;6;True
3374;3375;3.74749498997996;0.25;6;True
3375;3376;3.75751503006012;0.25;6;True
3376;3377;3.7675350701402803;0.25;6;True
3377;3378;3.7775551102204408;0.25;6;True
3378;3379;3.787575150300601;0.25;6;True
3379;3380;3.797595190380761;0.25;6;True
3380;3381;3.8076152304609217;0.25;6;True
3381;3382;3.817635270541082;0.25;6;True
3382;3383;3.8276553106212425;0.25;6;True
3383;3384;3.8376753507014025;0.25;6;True
3384;3385;3.847695390781563;0.25;6;True
3385;3386;3.8577154308617234;0.25;6;True
3386;3387;3.8677354709418834;0.25;6;True
3387;3388;3.877755511022044;0.25;6;True
3388;3389;3.8877755511022043;0.25;6;True
3389;3390;3.8977955911823647;0.25;6;True
3390;3391;3.9078156312625247;0.25;6;True
3391;3392;3.917835671342685;0.25;6;True
3392;3393;3.9278557114228456;0.25;6;True
3393;3394;3.937875751503006;0.25;6;True
3394;3395;3.947895791583166;0.25;6;True
3395;3396;3.9579158316633265;0.25;6;True
3396;3397;3.967935871743487;0.25;6;True
3397;3398;3.977955911823647;0.25;6;True
3398;3399;3.9879759519038074;0.25;6;True
3399;3400;3.997995991983968;0.25;6;True
3400;3401;4.008016032064128;0.25;6;True
3401;3402;4.018036072144288;0.25;6;True
3402;3403;4.028056112224449;0.25;6;True
3403;3404;4.038076152304609;0.25;6;True
3404;3405;4.04809619238477;0.25;6;True
3405;3406;4.05811623246493;0.25;6;True
3406;3407;4.06813627254509;0.25;6;True
3407;3408;4.07815631262525;0.25;6;True
3408;3409;4.0881763527054105;0.25;6;True
3409;3410;4.098196392785571;0.25;6;True
3410;3411;4.108216432865731;0.25;6;True
3411;3412;4.118236472945892;0.25;6;True
3412;3413;4.128256513026052;0.25;6;True
3413;3414;4.138276553106213;0.25;6;True
3414;3415;4.148296593186372;0.25;6;True
3415;3416;4.158316633266533;0.25;6;True
3416;3417;4.168336673346693;0.25;6;True
3417;3418;4.1783567134268536;0.25;6;True
3418;3419;4.188376753507014;0.25;6;True
3419;3420;4.198396793587174;0.25;6;True
3420;3421;4.208416833667335;0.25;6;True
3421;3422;4.218436873747494;0.25;6;True
3422;3423;4.228456913827655;0.25;6;True
3423;3424;4.238476953907815;0.25;6;True
3424;3425;4.248496993987976;0.25;6;True
3425;3426;4.258517034068136;0.25;6;True
3426;3427;4.268537074148297;0.25;6;True
3427;3428;4.278557114228457;0.25;6;True
3428;3429;4.288577154308617;0.25;6;True
3429;3430;4.298597194388777;0.25;6;True
3430;3431;4.3086172344689375;0.25;6;True
3431;3432;4.318637274549098;0.25;6;True
3432;3433;4.328657314629258;0.25;6;True
3433;3434;4.338677354709419;0.25;6;True
3434;3435;4.348697394789579;0.25;6;True
3435;3436;4.35871743486974;0.25;6;True
3436;3437;4.368737474949899;0.25;6;True
3437;3438;4.37875751503006;0.25;6;True
3438;3439;4.38877755511022;0.25;6;True
3439;3440;4.398797595190381;0.25;6;True
3440;3441;4.408817635270541;0.25;6;True
3441;3442;4.4188376753507015;0.25;6;True
3442;3443;4.428857715430862;0.25;6;True
3443;3444;4.4388777555110215;0.25;6;True
3444;3445;4.448897795591182;0.25;6;True
3445;3446;4.458917835671342;0.25;6;True
3446;3447;4.468937875751503;0.25;6;True
3447;3448;4.478957915831663;0.25;6;True
3448;3449;4.488977955911824;0.25;6;True
3449;3450;4.498997995991984;0.25;6;True
3450;3451;4.509018036072144;0.25;6;True
3451;3452;4.519038076152304;0.25;6;True
3452;3453;4.529058116232465;0.25;6;True
3453;3454;4.539078156312625;0.25;6;True
3454;3455;4.5490981963927855;0.25;6;True
3455;3456;4.559118236472946;0.25;6;True
3456;3457;4.569138276553106;0.25;6;True
3457;3458;4.579158316633267;0.25;6;True
3458;3459;4.589178356713426;0.25;6;True
3459;3460;4.599198396793587;0.25;6;True
3460;3461;4.609218436873747;0.25;6;True
3461;3462;4.619238476953908;0.25;6;True
3462;3463;4.629258517034068;0.25;6;True
3463;3464;4.6392785571142285;0.25;6;True
3464;3465;4.649298597194389;0.25;6;True
3465;3466;4.6593186372745485;0.25;6;True
3466;3467;4.669338677354709;0.25;6;True
3467;3468;4.679358717434869;0.25;6;True
3468;3469;4.68937875751503;0.25;6;True
3469;3470;4.69939879759519;0.25;6;True
3470;3471;4.709418837675351;0.25;6;True
3471;3472;4.719438877755511;0.25;6;True
3472;3473;4.729458917835671;0.25;6;True
3473;3474;4.739478957915831;0.25;6;True
3474;3475;4.749498997995992;0.25;6;True
3475;3476;4.759519038076152;0.25;6;True
3476;3477;4.7695390781563125;0.25;6;True
3477;3478;4.779559118236473;0.25;6;True
3478;3479;4.789579158316633;0.25;6;True
3479;3480;4.799599198396794;0.25;6;True
3480;3481;4.809619238476953;0.25;6;True
3481;3482;4.819639278557114;0.25;6;True
3482;3483;4.829659318637274;0.25;6;True
3483;3484;4.839679358717435;0.25;6;True
3484;3485;4.849699398797595;0.25;6;True
3485;3486;4.859719438877756;0.25;6;True
3486;3487;4.869739478957916;0.25;6;True
3487;3488;4.879759519038076;0.25;6;True
3488;3489;4.889779559118236;0.25;6;True
3489;3490;4.8997995991983965;0.25;6;True
3490;3491;4.909819639278557;0.25;6;True
3491;3492;4.919839679358717;0.25;6;True
3492;3493;4.929859719438878;0.25;6;True
3493;3494;4.939879759519038;0.25;6;True
3494;3495;4.949899799599198;0.25;6;True
3495;3496;4.959919839679358;0.25;6;True
3496;3497;4.969939879759519;0.25;6;True
3497;3498;4.979959919839679;0.25;6;True
3498;3499;4.98997995991984;0.25;6;True
3499;3500;5.0;0.25;6;True
3500;3501;0.0;0.2916666666666667;7;False
3501;3502;0.01002004008016032;0.2916666666666667;7;False
3502;3503;0.02004008016032064;0.2916666666666667;7;False
3503;3504;0.03006012024048096;0.2916666666666667;7;False
3504;3505;0.04008016032064128;0.2916666666666667;7;False
3505;3506;0.0501002004008016;0.2916666666666667;7;False
3506;3507;0.06012024048096192;0.2916666666666667;7;False
3507;3508;0.07014028056112225;0.2916666666666667;7;False
3508;3509;0.08016032064128256;0.2916666666666667;7;False
3509;3510;0.09018036072144288;0.2916666666666667;7;False
3510;3511;0.1002004008016032;0.2916666666666667;7;False
3511;3512;0.11022044088176353;0.2916666666666667;7;False
3512;3513;0.12024048096192384;0.2916666666666667;7;False
3513;3514;0.13026052104208416;0.2916666666666667;7;False
3514;3515;0.1402805611222445;0.2916666666666667;7;False
3515;3516;0.1503006012024048;0.2916666666666667;7;False
3516;3517;0.16032064128256512;0.2916666666666667;7;False
3517;3518;0.17034068136272545;0.2916666666666667;7;False
3518;3519;0.18036072144288576;0.2916666666666667;7;False
3519;3520;0.1903807615230461;0.2916666666666667;7;False
3520;3521;0.2004008016032064;0.2916666666666667;7;False
3521;3522;0.21042084168336672;0.2916666666666667;7;False
3522;3523;0.22044088176352705;0.2916666666666667;7;False
3523;3524;0.23046092184368736;0.2916666666666667;7;False
3524;3525;0.24048096192384769;0.2916666666666667;7;False
3525;3526;0.250501002004008;0.2916666666666667;7;False
3526;3527;0.2605210420841683;0.2916666666666667;7;False
3527;3528;0.27054108216432865;0.2916666666666667;7;False
3528;3529;0.280561122244489;0.2916666666666667;7;False
3529;3530;0.2905811623246493;0.2916666666666667;7;False
3530;3531;0.3006012024048096;0.2916666666666667;7;False
3531;3532;0.3106212424849699;0.2916666666666667;7;False
3532;3533;0.32064128256513025;0.2916666666666667;7;False
3533;3534;0.3306613226452906;0.2916666666666667;7;False
3534;3535;0.3406813627254509;0.2916666666666667;7;False
3535;3536;0.3507014028056112;0.2916666666666667;7;False
3536;3537;0.3607214428857715;0.2916666666666667;7;False
3537;3538;0.37074148296593185;0.2916666666666667;7;False
3538;3539;0.3807615230460922;0.2916666666666667;7;False
3539;3540;0.3907815631262525;0.2916666666666667;7;False
3540;3541;0.4008016032064128;0.2916666666666667;7;False
3541;3542;0.4108216432865731;0.2916666666666667;7;False
3542;3543;0.42084168336673344;0.2916666666666667;7;False
3543;3544;0.4308617234468938;0.2916666666666667;7;False
3544;3545;0.4408817635270541;0.2916666666666667;7;False
3545;3546;0.45090180360721444;0.2916666666666667;7;False
3546;3547;0.4609218436873747;0.2916666666666667;7;False
3547;3548;0.47094188376753504;0.2916666666666667;7;False
3548;3549;0.48096192384769537;0.2916666666666667;7;False
3549;3550;0.4909819639278557;0.2916666666666667;7;False
3550;3551;0.501002004008016;0.2916666666666667;7;False
3551;3552;0.5110220440881763;0.2916666666666667;7;False
3552;3553;0.5210420841683366;0.2916666666666667;7;False
3553;3554;0.531062124248497;0.2916666666666667;7;False
3554;3555;0.5410821643286573;0.2916666666666667;7;False
3555;3556;0.5511022044088176;0.2916666666666667;7;False
3556;3557;0.561122244488978;0.2916666666666667;7;False
3557;3558;0.5711422845691383;0.2916666666666667;7;False
3558;3559;0.5811623246492986;0.2916666666666667;7;False
3559;3560;0.5911823647294588;0.2916666666666667;7;False
3560;3561;0.6012024048096192;0.2916666666666667;7;False
3561;3562;0.6112224448897795;0.2916666666666667;7;False
3562;3563;0.6212424849699398;0.2916666666666667;7;False
3563;3564;0.6312625250501002;0.2916666666666667;7;False
3564;3565;0.6412825651302605;0.2916666666666667;7;False
3565;3566;0.6513026052104208;0.2916666666666667;7;False
3566;3567;0.6613226452905812;0.2916666666666667;7;False
3567;3568;0.6713426853707415;0.2916666666666667;7;False
3568;3569;0.6813627254509018;0.2916666666666667;7;False
3569;3570;0.6913827655310621;0.2916666666666667;7;False
3570;3571;0.7014028056112224;0.2916666666666667;7;False
3571;3572;0.7114228456913827;0.2916666666666667;7;False
3572;3573;0.721442885771543;0.2916666666666667;7;False
3573;3574;0.7314629258517034;0.2916666666666667;7;False
3574;3575;0.7414829659318637;0.2916666666666667;7;False
3575;3576;0.751503006012024;0.2916666666666667;7;False
3576;3577;0.7615230460921844;0.2916666666666667;7;False
3577;3578;0.7715430861723447;0.2916666666666667;7;False
3578;3579;0.781563126252505;0.2916666666666667;7;False
3579;3580;0.7915831663326653;0.2916666666666667;7;False
3580;3581;0.8016032064128256;0.2916666666666667;7;False
3581;3582;0.8116232464929859;0.2916666666666667;7;False
3582;3583;0.8216432865731462;0.2916666666666667;7;False
3583;3584;0.8316633266533066;0.2916666666666667;7;False
3584;3585;0.8416833667334669;0.2916666666666667;7;False
3585;3586;0.8517034068136272;0.2916666666666667;7;False
3586;3587;0.8617234468937875;0.2916666666666667;7;False
3587;3588;0.8717434869739479;0.2916666666666667;7;False
3588;3589;0.8817635270541082;0.2916666666666667;7;False
3589;3590;0.8917835671342685;0.2916666666666667;7;False
3590;3591;0.9018036072144289;0.2916666666666667;7;False
3591;3592;0.9118236472945891;0.2916666666666667;7;False
3592;3593;0.9218436873747494;0.2916666666666667;7;False
3593;3594;0.9318637274549098;0.2916666666666667;7;False
3594;3595;0.9418837675350701;0.2916666666666667;7;False
3595;3596;0.9519038076152304;0.2916666666666667;7;False
3596;3597;0.9619238476953907;0.2916666666666667;7;False
3597;3598;0.9719438877755511;0.2916666666666667;7;False
3598;3599;0.9819639278557114;0.2916666666666667;7;False
3599;3600;0.9919839679358717;0.2916666666666667;7;False
3600;3601;1.002004008016032;0.2916666666666667;7;False
3601;3602;1.0120240480961924;0.2916666666666667;7;False
3602;3603;1.0220440881763526;0.2916666666666667;7;False
3603;3604;1.032064128256513;0.2916666666666667;7;False
3604;3605;1.0420841683366733;0.2916666666666667;7;False
3605;3606;1.0521042084168337;0.2916666666666667;7;False
3606;3607;1.062124248496994;0.2916666666666667;7;False
3607;3608;1.0721442885771542;0.2916666666666667;7;False
3608;3609;1.0821643286573146;0.2916666666666667;7;False
3609;3610;1.0921843687374748;0.2916666666666667;7;False
3610;3611;1.1022044088176353;0.2916666666666667;7;False
3611;3612;1.1122244488977955;0.2916666666666667;7;False
3612;3613;1.122244488977956;0.2916666666666667;7;False
3613;3614;1.1322645290581161;0.2916666666666667;7;False
3614;3615;1.1422845691382766;0.2916666666666667;7;False
3615;3616;1.1523046092184368;0.2916666666666667;7;False
3616;3617;1.1623246492985972;0.2916666666666667;7;False
3617;3618;1.1723446893787575;0.2916666666666667;7;False
3618;3619;1.1823647294589177;0.2916666666666667;7;False
3619;3620;1.1923847695390781;0.2916666666666667;7;False
3620;3621;1.2024048096192383;0.2916666666666667;7;False
3621;3622;1.2124248496993988;0.2916666666666667;7;False
3622;3623;1.222444889779559;0.2916666666666667;7;False
3623;3624;1.2324649298597194;0.2916666666666667;7;False
3624;3625;1.2424849699398797;0.2916666666666667;7;False
3625;3626;1.25250501002004;0.2916666666666667;7;False
3626;3627;1.2625250501002003;0.2916666666666667;7;False
3627;3628;1.2725450901803608;0.2916666666666667;7;False
3628;3629;1.282565130260521;0.2916666666666667;7;False
3629;3630;1.2925851703406812;0.2916666666666667;7;False
3630;3631;1.3026052104208417;0.2916666666666667;7;False
3631;3632;1.3126252505010019;0.2916666666666667;7;False
3632;3633;1.3226452905811623;0.2916666666666667;7;False
3633;3634;1.3326653306613225;0.2916666666666667;7;False
3634;3635;1.342685370741483;0.2916666666666667;7;False
3635;3636;1.3527054108216432;0.2916666666666667;7;False
3636;3637;1.3627254509018036;0.2916666666666667;7;False
3637;3638;1.3727454909819639;0.2916666666666667;7;False
3638;3639;1.3827655310621243;0.2916666666666667;7;False
3639;3640;1.3927855711422845;0.2916666666666667;7;False
3640;3641;1.4028056112224447;0.2916666666666667;7;False
3641;3642;1.4128256513026052;0.2916666666666667;7;False
3642;3643;1.4228456913827654;0.2916666666666667;7;False
3643;3644;1.4328657314629258;0.2916666666666667;7;False
3644;3645;1.442885771543086;0.2916666666666667;7;False
3645;3646;1.4529058116232465;0.2916666666666667;7;False
3646;3647;1.4629258517034067;0.2916666666666667;7;False
3647;3648;1.4729458917835672;0.2916666666666667;7;False
3648;3649;1.4829659318637274;0.2916666666666667;7;False
3649;3650;1.4929859719438878;0.2916666666666667;7;False
3650;3651;1.503006012024048;0.2916666666666667;7;False
3651;3652;1.5130260521042083;0.2916666666666667;7;False
3652;3653;1.5230460921843687;0.2916666666666667;7;False
3653;3654;1.533066132264529;0.2916666666666667;7;False
3654;3655;1.5430861723446894;0.2916666666666667;7;False
3655;3656;1.5531062124248496;0.2916666666666667;7;False
3656;3657;1.56312625250501;0.2916666666666667;7;False
3657;3658;1.5731462925851702;0.2916666666666667;7;False
3658;3659;1.5831663326653307;0.2916666666666667;7;False
3659;3660;1.593186372745491;0.2916666666666667;7;False
3660;3661;1.6032064128256511;0.2916666666666667;7;False
3661;3662;1.6132264529058116;0.2916666666666667;7;False
3662;3663;1.6232464929859718;0.2916666666666667;7;False
3663;3664;1.6332665330661322;0.2916666666666667;7;False
3664;3665;1.6432865731462925;0.2916666666666667;7;False
3665;3666;1.653306613226453;0.2916666666666667;7;False
3666;3667;1.6633266533066131;0.2916666666666667;7;False
3667;3668;1.6733466933867736;0.2916666666666667;7;False
3668;3669;1.6833667334669338;0.2916666666666667;7;False
3669;3670;1.6933867735470942;0.2916666666666667;7;False
3670;3671;1.7034068136272544;0.2916666666666667;7;False
3671;3672;1.7134268537074147;0.2916666666666667;7;False
3672;3673;1.723446893787575;0.2916666666666667;7;False
3673;3674;1.7334669338677353;0.2916666666666667;7;False
3674;3675;1.7434869739478958;0.2916666666666667;7;False
3675;3676;1.753507014028056;0.2916666666666667;7;False
3676;3677;1.7635270541082164;0.2916666666666667;7;False
3677;3678;1.7735470941883766;0.2916666666666667;7;False
3678;3679;1.783567134268537;0.2916666666666667;7;False
3679;3680;1.7935871743486973;0.2916666666666667;7;False
3680;3681;1.8036072144288577;0.2916666666666667;7;False
3681;3682;1.813627254509018;0.2916666666666667;7;False
3682;3683;1.8236472945891782;0.2916666666666667;7;False
3683;3684;1.8336673346693386;0.2916666666666667;7;False
3684;3685;1.8436873747494988;0.2916666666666667;7;False
3685;3686;1.8537074148296593;0.2916666666666667;7;False
3686;3687;1.8637274549098195;0.2916666666666667;7;False
3687;3688;1.87374749498998;0.2916666666666667;7;False
3688;3689;1.8837675350701402;0.2916666666666667;7;False
3689;3690;1.8937875751503006;0.2916666666666667;7;False
3690;3691;1.9038076152304608;0.2916666666666667;7;False
3691;3692;1.9138276553106213;0.2916666666666667;7;False
3692;3693;1.9238476953907815;0.2916666666666667;7;False
3693;3694;1.9338677354709417;0.2916666666666667;7;False
3694;3695;1.9438877755511021;0.2916666666666667;7;False
3695;3696;1.9539078156312624;0.2916666666666667;7;False
3696;3697;1.9639278557114228;0.2916666666666667;7;False
3697;3698;1.973947895791583;0.2916666666666667;7;False
3698;3699;1.9839679358717435;0.2916666666666667;7;False
3699;3700;1.9939879759519037;0.2916666666666667;7;False
3700;3701;2.004008016032064;0.2916666666666667;7;False
3701;3702;2.0140280561122244;0.2916666666666667;7;False
3702;3703;2.024048096192385;0.2916666666666667;7;False
3703;3704;2.034068136272545;0.2916666666666667;7;False
3704;3705;2.0440881763527052;0.2916666666666667;7;False
3705;3706;2.0541082164328657;0.2916666666666667;7;False
3706;3707;2.064128256513026;0.2916666666666667;7;False
3707;3708;2.074148296593186;0.2916666666666667;7;False
3708;3709;2.0841683366733466;0.2916666666666667;7;False
3709;3710;2.094188376753507;0.2916666666666667;7;False
3710;3711;2.1042084168336674;0.2916666666666667;7;False
3711;3712;2.1142284569138274;0.2916666666666667;7;False
3712;3713;2.124248496993988;0.2916666666666667;7;False
3713;3714;2.1342685370741483;0.2916666666666667;7;False
3714;3715;2.1442885771543083;0.2916666666666667;7;False
3715;3716;2.1543086172344688;0.2916666666666667;7;False
3716;3717;2.164328657314629;0.2916666666666667;7;False
3717;3718;2.1743486973947896;0.2916666666666667;7;False
3718;3719;2.1843687374749496;0.2916666666666667;7;False
3719;3720;2.19438877755511;0.2916666666666667;7;False
3720;3721;2.2044088176352705;0.2916666666666667;7;False
3721;3722;2.214428857715431;0.2916666666666667;7;False
3722;3723;2.224448897795591;0.2916666666666667;7;False
3723;3724;2.2344689378757514;0.2916666666666667;7;False
3724;3725;2.244488977955912;0.2916666666666667;7;False
3725;3726;2.254509018036072;0.2916666666666667;7;False
3726;3727;2.2645290581162323;0.2916666666666667;7;False
3727;3728;2.2745490981963927;0.2916666666666667;7;False
3728;3729;2.284569138276553;0.2916666666666667;7;False
3729;3730;2.294589178356713;0.2916666666666667;7;False
3730;3731;2.3046092184368736;0.2916666666666667;7;False
3731;3732;2.314629258517034;0.2916666666666667;7;False
3732;3733;2.3246492985971945;0.2916666666666667;7;False
3733;3734;2.3346693386773545;0.2916666666666667;7;False
3734;3735;2.344689378757515;0.2916666666666667;7;False
3735;3736;2.3547094188376754;0.2916666666666667;7;False
3736;3737;2.3647294589178354;0.2916666666666667;7;False
3737;3738;2.374749498997996;0.2916666666666667;7;False
3738;3739;2.3847695390781563;0.2916666666666667;7;False
3739;3740;2.3947895791583167;0.2916666666666667;7;False
3740;3741;2.4048096192384767;0.2916666666666667;7;False
3741;3742;2.414829659318637;0.2916666666666667;7;False
3742;3743;2.4248496993987976;0.2916666666666667;7;False
3743;3744;2.434869739478958;0.2916666666666667;7;False
3744;3745;2.444889779559118;0.2916666666666667;7;False
3745;3746;2.4549098196392785;0.2916666666666667;7;False
3746;3747;2.464929859719439;0.2916666666666667;7;False
3747;3748;2.474949899799599;0.2916666666666667;7;False
3748;3749;2.4849699398797593;0.2916666666666667;7;False
3749;3750;2.49498997995992;0.2916666666666667;7;False
3750;3751;2.50501002004008;0.2916666666666667;7;False
3751;3752;2.51503006012024;0.2916666666666667;7;False
3752;3753;2.5250501002004007;0.2916666666666667;7;False
3753;3754;2.535070140280561;0.2916666666666667;7;False
3754;3755;2.5450901803607215;0.2916666666666667;7;False
3755;3756;2.5551102204408815;0.2916666666666667;7;False
3756;3757;2.565130260521042;0.2916666666666667;7;False
3757;3758;2.5751503006012024;0.2916666666666667;7;False
3758;3759;2.5851703406813624;0.2916666666666667;7;False
3759;3760;2.595190380761523;0.2916666666666667;7;False
3760;3761;2.6052104208416833;0.2916666666666667;7;False
3761;3762;2.6152304609218437;0.2916666666666667;7;False
3762;3763;2.6252505010020037;0.2916666666666667;7;False
3763;3764;2.635270541082164;0.2916666666666667;7;False
3764;3765;2.6452905811623246;0.2916666666666667;7;False
3765;3766;2.655310621242485;0.2916666666666667;7;False
3766;3767;2.665330661322645;0.2916666666666667;7;False
3767;3768;2.6753507014028055;0.2916666666666667;7;False
3768;3769;2.685370741482966;0.2916666666666667;7;False
3769;3770;2.695390781563126;0.2916666666666667;7;False
3770;3771;2.7054108216432864;0.2916666666666667;7;False
3771;3772;2.715430861723447;0.2916666666666667;7;False
3772;3773;2.7254509018036073;0.2916666666666667;7;False
3773;3774;2.7354709418837673;0.2916666666666667;7;False
3774;3775;2.7454909819639277;0.2916666666666667;7;False
3775;3776;2.755511022044088;0.2916666666666667;7;False
3776;3777;2.7655310621242486;0.2916666666666667;7;False
3777;3778;2.7755511022044086;0.2916666666666667;7;False
3778;3779;2.785571142284569;0.2916666666666667;7;False
3779;3780;2.7955911823647295;0.2916666666666667;7;False
3780;3781;2.8056112224448895;0.2916666666666667;7;False
3781;3782;2.81563126252505;0.2916666666666667;7;False
3782;3783;2.8256513026052104;0.2916666666666667;7;False
3783;3784;2.835671342685371;0.2916666666666667;7;False
3784;3785;2.845691382765531;0.2916666666666667;7;False
3785;3786;2.8557114228456912;0.2916666666666667;7;False
3786;3787;2.8657314629258517;0.2916666666666667;7;False
3787;3788;2.875751503006012;0.2916666666666667;7;False
3788;3789;2.885771543086172;0.2916666666666667;7;False
3789;3790;2.8957915831663326;0.2916666666666667;7;False
3790;3791;2.905811623246493;0.2916666666666667;7;False
3791;3792;2.915831663326653;0.2916666666666667;7;False
3792;3793;2.9258517034068134;0.2916666666666667;7;False
3793;3794;2.935871743486974;0.2916666666666667;7;False
3794;3795;2.9458917835671343;0.2916666666666667;7;False
3795;3796;2.9559118236472943;0.2916666666666667;7;False
3796;3797;2.9659318637274548;0.2916666666666667;7;False
3797;3798;2.975951903807615;0.2916666666666667;7;False
3798;3799;2.9859719438877756;0.2916666666666667;7;False
3799;3800;2.9959919839679356;0.2916666666666667;7;False
3800;3801;3.006012024048096;0.2916666666666667;7;False
3801;3802;3.0160320641282565;0.2916666666666667;7;False
3802;3803;3.0260521042084165;0.2916666666666667;7;False
3803;3804;3.036072144288577;0.2916666666666667;7;False
3804;3805;3.0460921843687374;0.2916666666666667;7;False
3805;3806;3.056112224448898;0.2916666666666667;7;False
3806;3807;3.066132264529058;0.2916666666666667;7;False
3807;3808;3.0761523046092183;0.2916666666666667;7;False
3808;3809;3.0861723446893787;0.2916666666666667;7;False
3809;3810;3.096192384769539;0.2916666666666667;7;False
3810;3811;3.106212424849699;0.2916666666666667;7;False
3811;3812;3.1162324649298596;0.2916666666666667;7;False
3812;3813;3.12625250501002;0.2916666666666667;7;False
3813;3814;3.13627254509018;0.2916666666666667;7;False
3814;3815;3.1462925851703405;0.2916666666666667;7;False
3815;3816;3.156312625250501;0.2916666666666667;7;False
3816;3817;3.1663326653306614;0.2916666666666667;7;False
3817;3818;3.1763527054108214;0.2916666666666667;7;False
3818;3819;3.186372745490982;0.2916666666666667;7;False
3819;3820;3.1963927855711423;0.2916666666666667;7;False
3820;3821;3.2064128256513023;0.2916666666666667;7;False
3821;3822;3.2164328657314627;0.2916666666666667;7;False
3822;3823;3.226452905811623;0.2916666666666667;7;False
3823;3824;3.2364729458917836;0.2916666666666667;7;False
3824;3825;3.2464929859719436;0.2916666666666667;7;False
3825;3826;3.256513026052104;0.2916666666666667;7;False
3826;3827;3.2665330661322645;0.2916666666666667;7;False
3827;3828;3.276553106212425;0.2916666666666667;7;False
3828;3829;3.286573146292585;0.2916666666666667;7;False
3829;3830;3.2965931863727453;0.2916666666666667;7;False
3830;3831;3.306613226452906;0.2916666666666667;7;False
3831;3832;3.316633266533066;0.2916666666666667;7;False
3832;3833;3.3266533066132262;0.2916666666666667;7;False
3833;3834;3.3366733466933867;0.2916666666666667;7;False
3834;3835;3.346693386773547;0.2916666666666667;7;False
3835;3836;3.356713426853707;0.2916666666666667;7;False
3836;3837;3.3667334669338675;0.2916666666666667;7;False
3837;3838;3.376753507014028;0.2916666666666667;7;False
3838;3839;3.3867735470941884;0.2916666666666667;7;False
3839;3840;3.3967935871743484;0.2916666666666667;7;False
3840;3841;3.406813627254509;0.2916666666666667;7;False
3841;3842;3.4168336673346693;0.2916666666666667;7;False
3842;3843;3.4268537074148293;0.2916666666666667;7;False
3843;3844;3.4368737474949898;0.2916666666666667;7;False
3844;3845;3.44689378757515;0.2916666666666667;7;False
3845;3846;3.4569138276553106;0.2916666666666667;7;False
3846;3847;3.4669338677354706;0.2916666666666667;7;False
3847;3848;3.476953907815631;0.2916666666666667;7;False
3848;3849;3.4869739478957915;0.2916666666666667;7;False
3849;3850;3.496993987975952;0.2916666666666667;7;False
3850;3851;3.507014028056112;0.2916666666666667;7;False
3851;3852;3.5170340681362724;0.2916666666666667;7;False
3852;3853;3.527054108216433;0.2916666666666667;7;False
3853;3854;3.537074148296593;0.2916666666666667;7;False
3854;3855;3.5470941883767533;0.2916666666666667;7;False
3855;3856;3.5571142284569137;0.2916666666666667;7;False
3856;3857;3.567134268537074;0.2916666666666667;7;False
3857;3858;3.577154308617234;0.2916666666666667;7;False
3858;3859;3.5871743486973946;0.2916666666666667;7;False
3859;3860;3.597194388777555;0.2916666666666667;7;False
3860;3861;3.6072144288577155;0.2916666666666667;7;False
3861;3862;3.6172344689378755;0.2916666666666667;7;False
3862;3863;3.627254509018036;0.2916666666666667;7;False
3863;3864;3.6372745490981964;0.2916666666666667;7;False
3864;3865;3.6472945891783564;0.2916666666666667;7;False
3865;3866;3.657314629258517;0.2916666666666667;7;False
3866;3867;3.6673346693386772;0.2916666666666667;7;False
3867;3868;3.6773547094188377;0.2916666666666667;7;False
3868;3869;3.6873747494989977;0.2916666666666667;7;False
3869;3870;3.697394789579158;0.2916666666666667;7;False
3870;3871;3.7074148296593186;0.2916666666666667;7;False
3871;3872;3.717434869739479;0.2916666666666667;7;False
3872;3873;3.727454909819639;0.2916666666666667;7;False
3873;3874;3.7374749498997994;0.2916666666666667;7;False
3874;3875;3.74749498997996;0.2916666666666667;7;False
3875;3876;3.75751503006012;0.2916666666666667;7;False
3876;3877;3.7675350701402803;0.2916666666666667;7;False
3877;3878;3.7775551102204408;0.2916666666666667;7;False
3878;3879;3.787575150300601;0.2916666666666667;7;False
3879;3880;3.797595190380761;0.2916666666666667;7;False
3880;3881;3.8076152304609217;0.2916666666666667;7;False
3881;3882;3.817635270541082;0.2916666666666667;7;False
3882;3883;3.8276553106212425;0.2916666666666667;7;False
3883;3884;3.8376753507014025;0.2916666666666667;7;False
3884;3885;3.847695390781563;0.2916666666666667;7;False
3885;3886;3.8577154308617234;0.2916666666666667;7;False
3886;3887;3.8677354709418834;0.2916666666666667;7;False
3887;3888;3.877755511022044;0.2916666666666667;7;False
3888;3889;3.8877755511022043;0.2916666666666667;7;False
3889;3890;3.8977955911823647;0.2916666666666667;7;False
3890;3891;3.9078156312625247;0.2916666666666667;7;False
3891;3892;3.917835671342685;0.2916666666666667;7;False
3892;3893;3.9278557114228456;0.2916666666666667;7;False
3893;3894;3.937875751503006;0.2916666666666667;7;False
3894;3895;3.947895791583166;0.2916666666666667;7;False
3895;3896;3.9579158316633265;0.2916666666666667;7;False
3896;3897;3.967935871743487;0.2916666666666667;7;False
3897;3898;3.977955911823647;0.2916666666666667;7;False
3898;3899;3.9879759519038074;0.2916666666666667;7;False
3899;3900;3.997995991983968;0.2916666666666667;7;False
3900;3901;4.008016032064128;0.2916666666666667;7;False
3901;3902;4.018036072144288;0.2916666666666667;7;False
3902;3903;4.028056112224449;0.2916666666666667;7;False
3903;3904;4.038076152304609;0.2916666666666667;7;False
3904;3905;4.04809619238477;0.2916666666666667;7;False
3905;3906;4.05811623246493;0.2916666666666667;7;False
3906;3907;4.06813627254509;0.2916666666666667;7;False
3907;3908;4.07815631262525;0.2916666666666667;7;False
3908;3909;4.0881763527054105;0.2916666666666667;7;False
3909;3910;4.098196392785571;0.2916666666666667;7;False
3910;3911;4.108216432865731;0.2916666666666667;7;False
3911;3912;4.118236472945892;0.2916666666666667;7;False
3912;3913;4.128256513026052;0.2916666666666667;7;False
3913;3914;4.138276553106213;0.2916666666666667;7;False
3914;3915;4.148296593186372;0.2916666666666667;7;False
3915;3916;4.158316633266533;0.2916666666666667;7;False
3916;3917;4.168336673346693;0.2916666666666667;7;False
3917;3918;4.1783567134268536;0.2916666666666667;7;False
3918;3919;4.188376753507014;0.2916666666666667;7;False
3919;3920;4.198396793587174;0.2916666666666667;7;False
3920;3921;4.208416833667335;0.2916666666666667;7;False
3921;3922;4.218436873747494;0.2916666666666667;7;False
3922;3923;4.228456913827655;0.2916666666666667;7;False
3923;3924;4.238476953907815;0.2916666666666667;7;False
3924;3925;4.248496993987976;0.2916666666666667;7;False
3925;3926;4.258517034068136;0.2916666666666667;7;False
3926;3927;4.268537074148297;0.2916666666666667;7;False
3927;3928;4.278557114228457;0.2916666666666667;7;False
3928;3929;4.288577154308617;0.2916666666666667;7;False
3929;3930;4.298597194388777;0.2916666666666667;7;False
3930;3931;4.3086172344689375;0.2916666666666667;7;False
3931;3932;4.318637274549098;0.2916666666666667;7;False
3932;3933;4.328657314629258;0.2916666666666667;7;False
3933;3934;4.338677354709419;0.2916666666666667;7;False
3934;3935;4.348697394789579;0.2916666666666667;7;False
3935;3936;4.35871743486974;0.2916666666666667;7;False
3936;3937;4.368737474949899;0.2916666666666667;7;False
3937;3938;4.37875751503006;0.2916666666666667;7;False
3938;3939;4.38877755511022;0.2916666666666667;7;False
3939;3940;4.398797595190381;0.2916666666666667;7;False
3940;3941;4.408817635270541;0.2916666666666667;7;False
3941;3942;4.4188376753507015;0.2916666666666667;7;False
3942;3943;4.428857715430862;0.2916666666666667;7;False
3943;3944;4.4388777555110215;0.2916666666666667;7;False
3944;3945;4.448897795591182;0.2916666666666667;7;False
3945;3946;4.458917835671342;0.2916666666666667;7;False
3946;3947;4.468937875751503;0.2916666666666667;7;False
3947;3948;4.478957915831663;0.2916666666666667;7;False
3948;3949;4.488977955911824;0.2916666666666667;7;False
3949;3950;4.498997995991984;0.2916666666666667;7;False
3950;3951;4.509018036072144;0.2916666666666667;7;False
3951;3952;4.519038076152304;0.2916666666666667;7;False
3952;3953;4.529058116232465;0.2916666666666667;7;False
3953;3954;4.539078156312625;0.2916666666666667;7;False
3954;3955;4.5490981963927855;0.2916666666666667;7;False
3955;3956;4.559118236472946;0.2916666666666667;7;False
3956;3957;4.569138276553106;0.2916666666666667;7;False
3957;3958;4.579158316633267;0.2916666666666667;7;False
3958;3959;4.589178356713426;0.2916666666666667;7;False
3959;3960;4.599198396793587;0.2916666666666667;7;False
3960;3961;4.609218436873747;0.2916666666666667;7;False
3961;3962;4.619238476953908;0.2916666666666667;7;False
3962;3963;4.629258517034068;0.2916666666666667;7;False
3963;3964;4.6392785571142285;0.2916666666666667;7;False
3964;3965;4.649298597194389;0.2916666666666667;7;False
3965;3966;4.6593186372745485;0.2916666666666667;7;False
3966;3967;4.669338677354709;0.2916666666666667;7;False
3967;3968;4.679358717434869;0.2916666666666667;7;False
3968;3969;4.68937875751503;0.2916666666666667;7;False
3969;3970;4.69939879759519;0.2916666666666667;7;False
3970;3971;4.709418837675351;0.2916666666666667;7;False
3971;3972;4.719438877755511;0.2916666666666667;7;False
3972;3973;4.729458917835671;0.2916666666666667;7;False
3973;3974;4.739478957915831;0.2916666666666667;7;False
3974;3975;4.749498997995992;0.2916666666666667;7;False
3975;3976;4.759519038076152;0.2916666666666667;7;False
3976;3977;4.7695390781563125;0.2916666666666667;7;False
3977;3978;4.779559118236473;0.2916666666666667;7;False
3978;3979;4.789579158316633;0.2916666666666667;7;False
3979;3980;4.799599198396794;0.2916666666666667;7;False
3980;3981;4.809619238476953;0.2916666666666667;7;False
3981;3982;4.819639278557114;0.2916666666666667;7;False
3982;3983;4.829659318637274;0.2916666666666667;7;False
3983;3984;4.839679358717435;0.2916666666666667;7;False
3984;3985;4.849699398797595;0.2916666666666667;7;False
3985;3986;4.859719438877756;0.2916666666666667;7;False
3986;3987;4.869739478957916;0.2916666666666667;7;False
3987;3988;4.879759519038076;0.2916666666666667;7;False
3988;3989;4.889779559118236;0.2916666666666667;7;False
3989;3990;4.8997995991983965;0.2916666666666667;7;False
3990;3991;4.909819639278557;0.2916666666666667;7;False
3991;3992;4.919839679358717;0.2916666666666667;7;False
3992;3993;4.929859719438878;0.2916666666666667;7;False
3993;3994;4.939879759519038;0.2916666666666667;7;False
3994;3995;4.949899799599198;0.2916666666666667;7;False
3995;3996;4.959919839679358;0.2916666666666667;7;False
3996;3997;4.969939879759519;0.2916666666666667;7;False
3997;3998;4.979959919839679;0.2916666666666667;7;False
3998;3999;4.98997995991984;0.2916666666666667;7;False
3999;4000;5.0;0.2916666666666667;7;False
4000;4001;0.0;0.3333333333333333;8;False
4001;4002;0.01002004008016032;0.3333333333333333;8;False
4002;4003;0.02004008016032064;0.3333333333333333;8;False
4003;4004;0.03006012024048096;0.3333333333333333;8;False
4004;4005;0.04008016032064128;0.3333333333333333;8;False
4005;4006;0.0501002004008016;0.3333333333333333;8;False
4006;4007;0.06012024048096192;0.3333333333333333;8;False
4007;4008;0.07014028056112225;0.3333333333333333;8;False
4008;4009;0.08016032064128256;0.3333333333333333;8;False
4009;4010;0.09018036072144288;0.3333333333333333;8;False
4010;4011;0.1002004008016032;0.3333333333333333;8;False
4011;4012;0.11022044088176353;0.3333333333333333;8;False
4012;4013;0.12024048096192384;0.3333333333333333;8;False
4013;4014;0.13026052104208416;0.3333333333333333;8;False
4014;4015;0.1402805611222445;0.3333333333333333;8;False
4015;4016;0.1503006012024048;0.3333333333333333;8;False
4016;4017;0.16032064128256512;0.3333333333333333;8;False
4017;4018;0.17034068136272545;0.3333333333333333;8;False
4018;4019;0.18036072144288576;0.3333333333333333;8;False
4019;4020;0.1903807615230461;0.3333333333333333;8;False
4020;4021;0.2004008016032064;0.3333333333333333;8;False
4021;4022;0.21042084168336672;0.3333333333333333;8;False
4022;4023;0.22044088176352705;0.3333333333333333;8;False
4023;4024;0.23046092184368736;0.3333333333333333;8;False
4024;4025;0.24048096192384769;0.3333333333333333;8;False
4025;4026;0.250501002004008;0.3333333333333333;8;False
4026;4027;0.2605210420841683;0.3333333333333333;8;False
4027;4028;0.27054108216432865;0.3333333333333333;8;False
4028;4029;0.280561122244489;0.3333333333333333;8;False
4029;4030;0.2905811623246493;0.3333333333333333;8;False
4030;4031;0.3006012024048096;0.3333333333333333;8;False
4031;4032;0.3106212424849699;0.3333333333333333;8;False
4032;4033;0.32064128256513025;0.3333333333333333;8;False
4033;4034;0.3306613226452906;0.3333333333333333;8;False
4034;4035;0.3406813627254509;0.3333333333333333;8;False
4035;4036;0.3507014028056112;0.3333333333333333;8;False
4036;4037;0.3607214428857715;0.3333333333333333;8;False
4037;4038;0.37074148296593185;0.3333333333333333;8;False
4038;4039;0.3807615230460922;0.3333333333333333;8;False
4039;4040;0.3907815631262525;0.3333333333333333;8;False
4040;4041;0.4008016032064128;0.3333333333333333;8;False
4041;4042;0.4108216432865731;0.3333333333333333;8;False
4042;4043;0.42084168336673344;0.3333333333333333;8;False
4043;4044;0.4308617234468938;0.3333333333333333;8;False
4044;4045;0.4408817635270541;0.3333333333333333;8;False
4045;4046;0.45090180360721444;0.3333333333333333;8;False
4046;4047;0.4609218436873747;0.3333333333333333;8;False
4047;4048;0.47094188376753504;0.3333333333333333;8;False
4048;4049;0.48096192384769537;0.3333333333333333;8;False
4049;4050;0.4909819639278557;0.3333333333333333;8;False
4050;4051;0.501002004008016;0.3333333333333333;8;False
4051;4052;0.5110220440881763;0.3333333333333333;8;False
4052;4053;0.5210420841683366;0.3333333333333333;8;False
4053;4054;0.531062124248497;0.3333333333333333;8;False
4054;4055;0.5410821643286573;0.3333333333333333;8;False
4055;4056;0.5511022044088176;0.3333333333333333;8;False
4056;4057;0.561122244488978;0.3333333333333333;8;False
4057;4058;0.5711422845691383;0.3333333333333333;8;False
4058;4059;0.5811623246492986;0.3333333333333333;8;False
4059;4060;0.5911823647294588;0.3333333333333333;8;False
4060;4061;0.6012024048096192;0.3333333333333333;8;False
4061;4062;0.6112224448897795;0.3333333333333333;8;False
4062;4063;0.6212424849699398;0.3333333333333333;8;False
4063;4064;0.6312625250501002;0.3333333333333333;8;False
4064;4065;0.6412825651302605;0.3333333333333333;8;False
4065;4066;0.6513026052104208;0.3333333333333333;8;False
4066;4067;0.6613226452905812;0.3333333333333333;8;False
4067;4068;0.6713426853707415;0.3333333333333333;8;False
4068;4069;0.6813627254509018;0.3333333333333333;8;False
4069;4070;0.6913827655310621;0.3333333333333333;8;False
4070;4071;0.7014028056112224;0.3333333333333333;8;False
4071;4072;0.7114228456913827;0.3333333333333333;8;False
4072;4073;0.721442885771543;0.3333333333333333;8;False
4073;4074;0.7314629258517034;0.3333333333333333;8;False
4074;4075;0.7414829659318637;0.3333333333333333;8;False
4075;4076;0.751503006012024;0.3333333333333333;8;False
4076;4077;0.7615230460921844;0.3333333333333333;8;False
4077;4078;0.7715430861723447;0.3333333333333333;8;False
4078;4079;0.781563126252505;0.3333333333333333;8;False
4079;4080;0.7915831663326653;0.3333333333333333;8;False
4080;4081;0.8016032064128256;0.3333333333333333;8;False
4081;4082;0.8116232464929859;0.3333333333333333;8;False
4082;4083;0.8216432865731462;0.3333333333333333;8;False
4083;4084;0.8316633266533066;0.3333333333333333;8;False
4084;4085;0.8416833667334669;0.3333333333333333;8;False
4085;4086;0.8517034068136272;0.3333333333333333;8;False
4086;4087;0.8617234468937875;0.3333333333333333;8;False
4087;4088;0.8717434869739479;0.3333333333333333;8;False
4088;4089;0.8817635270541082;0.3333333333333333;8;False
4089;4090;0.8917835671342685;0.3333333333333333;8;False
4090;4091;0.9018036072144289;0.3333333333333333;8;False
4091;4092;0.9118236472945891;0.3333333333333333;8;False
4092;4093;0.9218436873747494;0.3333333333333333;8;False
4093;4094;0.9318637274549098;0.3333333333333333;8;False
4094;4095;0.9418837675350701;0.3333333333333333;8;False
4095;4096;0.9519038076152304;0.3333333333333333;8;False
4096;4097;0.9619238476953907;0.3333333333333333;8;False
4097;4098;0.9719438877755511;0.3333333333333333;8;False
4098;4099;0.9819639278557114;0.3333333333333333;8;False
4099;4100;0.9919839679358717;0.3333333333333333;8;False
4100;4101;1.002004008016032;0.3333333333333333;8;False
4101;4102;1.0120240480961924;0.3333333333333333;8;False
4102;4103;1.0220440881763526;0.3333333333333333;8;False
4103;4104;1.032064128256513;0.3333333333333333;8;False
4104;4105;1.0420841683366733;0.3333333333333333;8;False
4105;4106;1.0521042084168337;0.3333333333333333;8;False
4106;4107;1.062124248496994;0.3333333333333333;8;False
4107;4108;1.0721442885771542;0.3333333333333333;8;False
4108;4109;1.0821643286573146;0.3333333333333333;8;False
4109;4110;1.0921843687374748;0.3333333333333333;8;False
4110;4111;1.1022044088176353;0.3333333333333333;8;False
4111;4112;1.1122244488977955;0.3333333333333333;8;False
4112;4113;1.122244488977956;0.3333333333333333;8;False
4113;4114;1.1322645290581161;0.3333333333333333;8;False
4114;4115;1.1422845691382766;0.3333333333333333;8;False
4115;4116;1.1523046092184368;0.3333333333333333;8;False
4116;4117;1.1623246492985972;0.3333333333333333;8;False
4117;4118;1.1723446893787575;0.3333333333333333;8;False
4118;4119;1.1823647294589177;0.3333333333333333;8;False
4119;4120;1.1923847695390781;0.3333333333333333;8;False
4120;4121;1.2024048096192383;0.3333333333333333;8;False
4121;4122;1.2124248496993988;0.3333333333333333;8;False
4122;4123;1.222444889779559;0.3333333333333333;8;False
4123;4124;1.2324649298597194;0.3333333333333333;8;False
4124;4125;1.2424849699398797;0.3333333333333333;8;False
4125;4126;1.25250501002004;0.3333333333333333;8;False
4126;4127;1.2625250501002003;0.3333333333333333;8;False
4127;4128;1.2725450901803608;0.3333333333333333;8;False
4128;4129;1.282565130260521;0.3333333333333333;8;False
4129;4130;1.2925851703406812;0.3333333333333333;8;False
4130;4131;1.3026052104208417;0.3333333333333333;8;False
4131;4132;1.3126252505010019;0.3333333333333333;8;False
4132;4133;1.3226452905811623;0.3333333333333333;8;False
4133;4134;1.3326653306613225;0.3333333333333333;8;False
4134;4135;1.342685370741483;0.3333333333333333;8;False
4135;4136;1.3527054108216432;0.3333333333333333;8;False
4136;4137;1.3627254509018036;0.3333333333333333;8;False
4137;4138;1.3727454909819639;0.3333333333333333;8;False
4138;4139;1.3827655310621243;0.3333333333333333;8;False
4139;4140;1.3927855711422845;0.3333333333333333;8;False
4140;4141;1.4028056112224447;0.3333333333333333;8;False
4141;4142;1.4128256513026052;0.3333333333333333;8;False
4142;4143;1.4228456913827654;0.3333333333333333;8;False
4143;4144;1.4328657314629258;0.3333333333333333;8;False
4144;4145;1.442885771543086;0.3333333333333333;8;False
4145;4146;1.4529058116232465;0.3333333333333333;8;False
4146;4147;1.4629258517034067;0.3333333333333333;8;False
4147;4148;1.4729458917835672;0.3333333333333333;8;False
4148;4149;1.4829659318637274;0.3333333333333333;8;False
4149;4150;1.4929859719438878;0.3333333333333333;8;False
4150;4151;1.503006012024048;0.3333333333333333;8;False
4151;4152;1.5130260521042083;0.3333333333333333;8;False
4152;4153;1.5230460921843687;0.3333333333333333;8;False
4153;4154;1.533066132264529;0.3333333333333333;8;False
4154;4155;1.5430861723446894;0.3333333333333333;8;False
4155;4156;1.5531062124248496;0.3333333333333333;8;False
4156;4157;1.56312625250501;0.3333333333333333;8;False
4157;4158;1.5731462925851702;0.3333333333333333;8;False
4158;4159;1.5831663326653307;0.3333333333333333;8;False
4159;4160;1.593186372745491;0.3333333333333333;8;False
4160;4161;1.6032064128256511;0.3333333333333333;8;False
4161;4162;1.6132264529058116;0.3333333333333333;8;False
4162;4163;1.6232464929859718;0.3333333333333333;8;False
4163;4164;1.6332665330661322;0.3333333333333333;8;False
4164;4165;1.6432865731462925;0.3333333333333333;8;False
4165;4166;1.653306613226453;0.3333333333333333;8;False
4166;4167;1.6633266533066131;0.3333333333333333;8;False
4167;4168;1.6733466933867736;0.3333333333333333;8;False
4168;4169;1.6833667334669338;0.3333333333333333;8;False
4169;4170;1.6933867735470942;0.3333333333333333;8;False
4170;4171;1.7034068136272544;0.3333333333333333;8;False
4171;4172;1.7134268537074147;0.3333333333333333;8;False
4172;4173;1.723446893787575;0.3333333333333333;8;False
4173;4174;1.7334669338677353;0.3333333333333333;8;False
4174;4175;1.7434869739478958;0.3333333333333333;8;False
4175;4176;1.753507014028056;0.3333333333333333;8;False
4176;4177;1.7635270541082164;0.3333333333333333;8;False
4177;4178;1.7735470941883766;0.3333333333333333;8;False
4178;4179;1.783567134268537;0.3333333333333333;8;False
4179;4180;1.7935871743486973;0.3333333333333333;8;False
4180;4181;1.8036072144288577;0.3333333333333333;8;False
4181;4182;1.813627254509018;0.3333333333333333;8;False
4182;4183;1.8236472945891782;0.3333333333333333;8;False
4183;4184;1.8336673346693386;0.3333333333333333;8;False
4184;4185;1.8436873747494988;0.3333333333333333;8;False
4185;4186;1.8537074148296593;0.3333333333333333;8;False
4186;4187;1.8637274549098195;0.3333333333333333;8;False
4187;4188;1.87374749498998;0.3333333333333333;8;False
4188;4189;1.8837675350701402;0.3333333333333333;8;False
4189;4190;1.8937875751503006;0.3333333333333333;8;False
4190;4191;1.9038076152304608;0.3333333333333333;8;False
4191;4192;1.9138276553106213;0.3333333333333333;8;False
4192;4193;1.9238476953907815;0.3333333333333333;8;False
4193;4194;1.9338677354709417;0.3333333333333333;8;False
4194;4195;1.9438877755511021;0.3333333333333333;8;False
4195;4196;1.9539078156312624;0.3333333333333333;8;False
4196;4197;1.9639278557114228;0.3333333333333333;8;False
4197;4198;1.973947895791583;0.3333333333333333;8;False
4198;4199;1.9839679358717435;0.3333333333333333;8;False
4199;4200;1.9939879759519037;0.3333333333333333;8;False
4200;4201;2.004008016032064;0.3333333333333333;8;False
4201;4202;2.0140280561122244;0.3333333333333333;8;False
4202;4203;2.024048096192385;0.3333333333333333;8;False
4203;4204;2.034068136272545;0.3333333333333333;8;False
4204;4205;2.0440881763527052;0.3333333333333333;8;False
4205;4206;2.0541082164328657;0.3333333333333333;8;False
4206;4207;2.064128256513026;0.3333333333333333;8;False
4207;4208;2.074148296593186;0.3333333333333333;8;False
4208;4209;2.0841683366733466;0.3333333333333333;8;False
4209;4210;2.094188376753507;0.3333333333333333;8;False
4210;4211;2.1042084168336674;0.3333333333333333;8;False
4211;4212;2.1142284569138274;0.3333333333333333;8;False
4212;4213;2.124248496993988;0.3333333333333333;8;False
4213;4214;2.1342685370741483;0.3333333333333333;8;False
4214;4215;2.1442885771543083;0.3333333333333333;8;False
4215;4216;2.1543086172344688;0.3333333333333333;8;False
4216;4217;2.164328657314629;0.3333333333333333;8;False
4217;4218;2.1743486973947896;0.3333333333333333;8;False
4218;4219;2.1843687374749496;0.3333333333333333;8;False
4219;4220;2.19438877755511;0.3333333333333333;8;False
4220;4221;2.2044088176352705;0.3333333333333333;8;False
4221;4222;2.214428857715431;0.3333333333333333;8;False
4222;4223;2.224448897795591;0.3333333333333333;8;False
4223;4224;2.2344689378757514;0.3333333333333333;8;False
4224;4225;2.244488977955912;0.3333333333333333;8;False
4225;4226;2.254509018036072;0.3333333333333333;8;False
4226;4227;2.2645290581162323;0.3333333333333333;8;False
4227;4228;2.2745490981963927;0.3333333333333333;8;False
4228;4229;2.284569138276553;0.3333333333333333;8;False
4229;4230;2.294589178356713;0.3333333333333333;8;False
4230;4231;2.3046092184368736;0.3333333333333333;8;False
4231;4232;2.314629258517034;0.3333333333333333;8;False
4232;4233;2.3246492985971945;0.3333333333333333;8;False
4233;4234;2.3346693386773545;0.3333333333333333;8;False
4234;4235;2.344689378757515;0.3333333333333333;8;False
4235;4236;2.3547094188376754;0.3333333333333333;8;False
4236;4237;2.3647294589178354;0.3333333333333333;8;False
4237;4238;2.374749498997996;0.3333333333333333;8;False
4238;4239;2.3847695390781563;0.3333333333333333;8;False
4239;4240;2.3947895791583167;0.3333333333333333;8;False
4240;4241;2.4048096192384767;0.3333333333333333;8;False
4241;4242;2.414829659318637;0.3333333333333333;8;False
4242;4243;2.4248496993987976;0.3333333333333333;8;False
4243;4244;2.434869739478958;0.3333333333333333;8;False
4244;4245;2.444889779559118;0.3333333333333333;8;False
4245;4246;2.4549098196392785;0.3333333333333333;8;False
4246;4247;2.464929859719439;0.3333333333333333;8;False
4247;4248;2.474949899799599;0.3333333333333333;8;False
4248;4249;2.4849699398797593;0.3333333333333333;8;False
4249;4250;2.49498997995992;0.3333333333333333;8;False
4250;4251;2.50501002004008;0.3333333333333333;8;False
4251;4252;2.51503006012024;0.3333333333333333;8;False
4252;4253;2.5250501002004007;0.3333333333333333;8;False
4253;4254;2.535070140280561;0.3333333333333333;8;False
4254;4255;2.5450901803607215;0.3333333333333333;8;False
4255;4256;2.5551102204408815;0.3333333333333333;8;False
4256;4257;2.565130260521042;0.3333333333333333;8;False
4257;4258;2.5751503006012024;0.3333333333333333;8;False
4258;4259;2.5851703406813624;0.3333333333333333;8;False
4259;4260;2.595190380761523;0.3333333333333333;8;False
4260;4261;2.6052104208416833;0.3333333333333333;8;False
4261;4262;2.6152304609218437;0.3333333333333333;8;False
4262;4263;2.6252505010020037;0.3333333333333333;8;False
4263;4264;2.635270541082164;0.3333333333333333;8;False
4264;4265;2.6452905811623246;0.3333333333333333;8;False
4265;4266;2.655310621242485;0.3333333333333333;8;False
4266;4267;2.665330661322645;0.3333333333333333;8;False
4267;4268;2.6753507014028055;0.3333333333333333;8;False
4268;4269;2.685370741482966;0.3333333333333333;8;False
4269;4270;2.695390781563126;0.3333333333333333;8;False
4270;4271;2.7054108216432864;0.3333333333333333;8;False
4271;4272;2.715430861723447;0.3333333333333333;8;False
4272;4273;2.7254509018036073;0.3333333333333333;8;False
4273;4274;2.7354709418837673;0.3333333333333333;8;False
4274;4275;2.7454909819639277;0.3333333333333333;8;False
4275;4276;2.755511022044088;0.3333333333333333;8;False
4276;4277;2.7655310621242486;0.3333333333333333;8;False
4277;4278;2.7755511022044086;0.3333333333333333;8;False
4278;4279;2.785571142284569;0.3333333333333333;8;False
4279;4280;2.7955911823647295;0.3333333333333333;8;False
4280;4281;2.8056112224448895;0.3333333333333333;8;False
4281;4282;2.81563126252505;0.3333333333333333;8;False
4282;4283;2.8256513026052104;0.3333333333333333;8;False
4283;4284;2.835671342685371;0.3333333333333333;8;False
4284;4285;2.845691382765531;0.3333333333333333;8;False
4285;4286;2.8557114228456912;0.3333333333333333;8;False
4286;4287;2.8657314629258517;0.3333333333333333;8;False
4287;4288;2.875751503006012;0.3333333333333333;8;False
4288;4289;2.885771543086172;0.3333333333333333;8;False
4289;4290;2.8957915831663326;0.3333333333333333;8;False
4290;4291;2.905811623246493;0.3333333333333333;8;False
4291;4292;2.915831663326653;0.3333333333333333;8;False
4292;4293;2.9258517034068134;0.3333333333333333;8;False
4293;4294;2.935871743486974;0.3333333333333333;8;False
4294;4295;2.9458917835671343;0.3333333333333333;8;False
4295;4296;2.9559118236472943;0.3333333333333333;8;False
4296;4297;2.9659318637274548;0.3333333333333333;8;False
4297;4298;2.975951903807615;0.3333333333333333;8;False
4298;4299;2.9859719438877756;0.3333333333333333;8;False
4299;4300;2.9959919839679356;0.3333333333333333;8;False
4300;4301;3.006012024048096;0.3333333333333333;8;False
4301;4302;3.0160320641282565;0.3333333333333333;8;False
4302;4303;3.0260521042084165;0.3333333333333333;8;False
4303;4304;3.036072144288577;0.3333333333333333;8;False
4304;4305;3.0460921843687374;0.3333333333333333;8;False
4305;4306;3.056112224448898;0.3333333333333333;8;False
4306;4307;3.066132264529058;0.3333333333333333;8;False
4307;4308;3.0761523046092183;0.3333333333333333;8;False
4308;4309;3.0861723446893787;0.3333333333333333;8;False
4309;4310;3.096192384769539;0.3333333333333333;8;False
4310;4311;3.106212424849699;0.3333333333333333;8;False
4311;4312;3.1162324649298596;0.3333333333333333;8;False
4312;4313;3.12625250501002;0.3333333333333333;8;False
4313;4314;3.13627254509018;0.3333333333333333;8;False
4314;4315;3.1462925851703405;0.3333333333333333;8;False
4315;4316;3.156312625250501;0.3333333333333333;8;False
4316;4317;3.1663326653306614;0.3333333333333333;8;False
4317;4318;3.1763527054108214;0.3333333333333333;8;False
4318;4319;3.186372745490982;0.3333333333333333;8;False
4319;4320;3.1963927855711423;0.3333333333333333;8;False
4320;4321;3.2064128256513023;0.3333333333333333;8;False
4321;4322;3.2164328657314627;0.3333333333333333;8;False
4322;4323;3.226452905811623;0.3333333333333333;8;False
4323;4324;3.2364729458917836;0.3333333333333333;8;False
4324;4325;3.2464929859719436;0.3333333333333333;8;False
4325;4326;3.256513026052104;0.3333333333333333;8;False
4326;4327;3.2665330661322645;0.3333333333333333;8;False
4327;4328;3.276553106212425;0.3333333333333333;8;False
4328;4329;3.286573146292585;0.3333333333333333;8;False
4329;4330;3.2965931863727453;0.3333333333333333;8;False
4330;4331;3.306613226452906;0.3333333333333333;8;False
4331;4332;3.316633266533066;0.3333333333333333;8;False
4332;4333;3.3266533066132262;0.3333333333333333;8;False
4333;4334;3.3366733466933867;0.3333333333333333;8;False
4334;4335;3.346693386773547;0.3333333333333333;8;False
4335;4336;3.356713426853707;0.3333333333333333;8;False
4336;4337;3.3667334669338675;0.3333333333333333;8;False
4337;4338;3.376753507014028;0.3333333333333333;8;False
4338;4339;3.3867735470941884;0.3333333333333333;8;False
4339;4340;3.3967935871743484;0.3333333333333333;8;False
4340;4341;3.406813627254509;0.3333333333333333;8;False
4341;4342;3.4168336673346693;0.3333333333333333;8;False
4342;4343;3.4268537074148293;0.3333333333333333;8;False
4343;4344;3.4368737474949898;0.3333333333333333;8;False
4344;4345;3.44689378757515;0.3333333333333333;8;False
4345;4346;3.4569138276553106;0.3333333333333333;8;False
4346;4347;3.4669338677354706;0.3333333333333333;8;False
4347;4348;3.476953907815631;0.3333333333333333;8;False
4348;4349;3.4869739478957915;0.3333333333333333;8;False
4349;4350;3.496993987975952;0.3333333333333333;8;False
4350;4351;3.507014028056112;0.3333333333333333;8;False
4351;4352;3.5170340681362724;0.3333333333333333;8;False
4352;4353;3.527054108216433;0.3333333333333333;8;False
4353;4354;3.537074148296593;0.3333333333333333;8;False
4354;4355;3.5470941883767533;0.3333333333333333;8;False
4355;4356;3.5571142284569137;0.3333333333333333;8;False
4356;4357;3.567134268537074;0.3333333333333333;8;False
4357;4358;3.577154308617234;0.3333333333333333;8;False
4358;4359;3.5871743486973946;0.3333333333333333;8;False
4359;4360;3.597194388777555;0.3333333333333333;8;False
4360;4361;3.6072144288577155;0.3333333333333333;8;False
4361;4362;3.6172344689378755;0.3333333333333333;8;False
4362;4363;3.627254509018036;0.3333333333333333;8;False
4363;4364;3.6372745490981964;0.3333333333333333;8;False
4364;4365;3.6472945891783564;0.3333333333333333;8;False
4365;4366;3.657314629258517;0.3333333333333333;8;False
4366;4367;3.6673346693386772;0.3333333333333333;8;False
4367;4368;3.6773547094188377;0.3333333333333333;8;False
4368;4369;3.6873747494989977;0.3333333333333333;8;False
4369;4370;3.697394789579158;0.3333333333333333;8;False
4370;4371;3.7074148296593186;0.3333333333333333;8;False
4371;4372;3.717434869739479;0.3333333333333333;8;False
4372;4373;3.727454909819639;0.3333333333333333;8;False
4373;4374;3.7374749498997994;0.3333333333333333;8;False
4374;4375;3.74749498997996;0.3333333333333333;8;False
4375;4376;3.75751503006012;0.3333333333333333;8;False
4376;4377;3.7675350701402803;0.3333333333333333;8;False
4377;4378;3.7775551102204408;0.3333333333333333;8;False
4378;4379;3.787575150300601;0.3333333333333333;8;False
4379;4380;3.797595190380761;0.3333333333333333;8;False
4380;4381;3.8076152304609217;0.3333333333333333;8;False
4381;4382;3.817635270541082;0.3333333333333333;8;False
4382;4383;3.8276553106212425;0.3333333333333333;8;False
4383;4384;3.8376753507014025;0.3333333333333333;8;False
4384;4385;3.847695390781563;0.3333333333333333;8;False
4385;4386;3.8577154308617234;0.3333333333333333;8;False
4386;4387;3.8677354709418834;0.3333333333333333;8;False
4387;4388;3.877755511022044;0.3333333333333333;8;False
4388;4389;3.8877755511022043;0.3333333333333333;8;False
4389;4390;3.8977955911823647;0.3333333333333333;8;False
4390;4391;3.9078156312625247;0.3333333333333333;8;False
4391;4392;3.917835671342685;0.3333333333333333;8;False
4392;4393;3.9278557114228456;0.3333333333333333;8;False
4393;4394;3.937875751503006;0.3333333333333333;8;False
4394;4395;3.947895791583166;0.3333333333333333;8;False
4395;4396;3.9579158316633265;0.3333333333333333;8;False
4396;4397;3.967935871743487;0.3333333333333333;8;False
4397;4398;3.977955911823647;0.3333333333333333;8;False
4398;4399;3.9879759519038074;0.3333333333333333;8;False
4399;4400;3.997995991983968;0.3333333333333333;8;False
4400;4401;4.008016032064128;0.3333333333333333;8;False
4401;4402;4.018036072144288;0.3333333333333333;8;False
4402;4403;4.028056112224449;0.3333333333333333;8;False
4403;4404;4.038076152304609;0.3333333333333333;8;False
4404;4405;4.04809619238477;0.3333333333333333;8;False
4405;4406;4.05811623246493;0.3333333333333333;8;False
4406;4407;4.06813627254509;0.3333333333333333;8;False
4407;4408;4.07815631262525;0.3333333333333333;8;False
4408;4409;4.0881763527054105;0.3333333333333333;8;False
4409;4410;4.098196392785571;0.3333333333333333;8;False
4410;4411;4.108216432865731;0.3333333333333333;8;False
4411;4412;4.118236472945892;0.3333333333333333;8;False
4412;4413;4.128256513026052;0.3333333333333333;8;False
4413;4414;4.138276553106213;0.3333333333333333;8;False
4414;4415;4.148296593186372;0.3333333333333333;8;False
4415;4416;4.158316633266533;0.3333333333333333;8;False
4416;4417;4.168336673346693;0.3333333333333333;8;False
4417;4418;4.1783567134268536;0.3333333333333333;8;False
4418;4419;4.188376753507014;0.3333333333333333;8;False
4419;4420;4.198396793587174;0.3333333333333333;8;False
4420;4421;4.208416833667335;0.3333333333333333;8;False
4421;4422;4.218436873747494;0.3333333333333333;8;False
4422;4423;4.228456913827655;0.3333333333333333;8;False
4423;4424;4.238476953907815;0.3333333333333333;8;False
4424;4425;4.248496993987976;0.3333333333333333;8;False
4425;4426;4.258517034068136;0.3333333333333333;8;False
4426;4427;4.268537074148297;0.3333333333333333;8;False
4427;4428;4.278557114228457;0.3333333333333333;8;False
4428;4429;4.288577154308617;0.3333333333333333;8;False
4429;4430;4.298597194388777;0.3333333333333333;8;False
4430;4431;4.3086172344689375;0.3333333333333333;8;False
4431;4432;4.318637274549098;0.3333333333333333;8;False
4432;4433;4.328657314629258;0.3333333333333333;8;False
4433;4434;4.338677354709419;0.3333333333333333;8;False
4434;4435;4.348697394789579;0.3333333333333333;8;False
4435;4436;4.35871743486974;0.3333333333333333;8;False
4436;4437;4.368737474949899;0.3333333333333333;8;False
4437;4438;4.37875751503006;0.3333333333333333;8;False
4438;4439;4.38877755511022;0.3333333333333333;8;False
4439;4440;4.398797595190381;0.3333333333333333;8;False
4440;4441;4.408817635270541;0.3333333333333333;8;False
4441;4442;4.4188376753507015;0.3333333333333333;8;False
4442;4443;4.428857715430862;0.3333333333333333;8;False
4443;4444;4.4388777555110215;0.3333333333333333;8;False
4444;4445;4.448897795591182;0.3333333333333333;8;False
4445;4446;4.458917835671342;0.3333333333333333;8;False
4446;4447;4.468937875751503;0.3333333333333333;8;False
4447;4448;4.478957915831663;0.3333333333333333;8;False
4448;4449;4.488977955911824;0.3333333333333333;8;False
4449;4450;4.498997995991984;0.3333333333333333;8;False
4450;4451;4.509018036072144;0.3333333333333333;8;False
4451;4452;4.519038076152304;0.3333333333333333;8;False
4452;4453;4.529058116232465;0.3333333333333333;8;False
4453;4454;4.539078156312625;0.3333333333333333;8;False
4454;4455;4.5490981963927855;0.3333333333333333;8;False
4455;4456;4.559118236472946;0.3333333333333333;8;False
4456;4457;4.569138276553106;0.3333333333333333;8;False
4457;4458;4.579158316633267;0.3333333333333333;8;False
4458;4459;4.589178356713426;0.3333333333333333;8;False
4459;4460;4.599198396793587;0.3333333333333333;8;False
4460;4461;4.609218436873747;0.3333333333333333;8;False
4461;4462;4.619238476953908;0.3333333333333333;8;False
4462;4463;4.629258517034068;0.3333333333333333;8;False
4463;4464;4.6392785571142285;0.3333333333333333;8;False
4464;4465;4.649298597194389;0.3333333333333333;8;False
4465;4466;4.6593186372745485;0.3333333333333333;8;False
4466;4467;4.669338677354709;0.3333333333333333;8;False
4467;4468;4.679358717434869;0.3333333333333333;8;False
4468;4469;4.68937875751503;0.3333333333333333;8;False
4469;4470;4.69939879759519;0.3333333333333333;8;False
4470;4471;4.709418837675351;0.3333333333333333;8;False
4471;4472;4.719438877755511;0.3333333333333333;8;False
4472;4473;4.729458917835671;0.3333333333333333;8;False
4473;4474;4.739478957915831;0.3333333333333333;8;False
4474;4475;4.749498997995992;0.3333333333333333;8;False
4475;4476;4.759519038076152;0.3333333333333333;8;False
4476;4477;4.7695390781563125;0.3333333333333333;8;False
4477;4478;4.779559118236473;0.3333333333333333;8;False
4478;4479;4.789579158316633;0.3333333333333333;8;False
4479;4480;4.799599198396794;0.3333333333333333;8;False
4480;4481;4.809619238476953;0.3333333333333333;8;False
4481;4482;4.819639278557114;0.3333333333333333;8;False
4482;4483;4.829659318637274;0.3333333333333333;8;False
4483;4484;4.839679358717435;0.3333333333333333;8;False
4484;4485;4.849699398797595;0.3333333333333333;8;False
4485;4486;4.859719438877756;0.3333333333333333;8;False
4486;4487;4.869739478957916;0.3333333333333333;8;False
4487;4488;4.879759519038076;0.3333333333333333;8;False
4488;4489;4.889779559118236;0.3333333333333333;8;False
4489;4490;4.8997995991983965;0.3333333333333333;8;False
4490;4491;4.909819639278557;0.3333333333333333;8;False
4491;4492;4.919839679358717;0.3333333333333333;8;False
4492;4493;4.929859719438878;0.3333333333333333;8;False
4493;4494;4.939879759519038;0.3333333333333333;8;False
4494;4495;4.949899799599198;0.3333333333333333;8;False
4495;4496;4.959919839679358;0.3333333333333333;8;False
4496;4497;4.969939879759519;0.3333333333333333;8;False
4497;4498;4.979959919839679;0.3333333333333333;8;False
4498;4499;4.98997995991984;0.3333333333333333;8;False
4499;4500;5.0;0.3333333333333333;8;False
4500;4501;0.0;0.375;9;True
4501;4502;0.01002004008016032;0.375;9;True
4502;4503;0.02004008016032064;0.375;9;True
4503;4504;0.03006012024048096;0.375;9;True
4504;4505;0.04008016032064128;0.375;9;True
4505;4506;0.0501002004008016;0.375;9;True
4506;4507;0.06012024048096192;0.375;9;True
4507;4508;0.07014028056112225;0.375;9;True
4508;4509;0.08016032064128256;0.375;9;True
4509;4510;0.09018036072144288;0.375;9;True
4510;4511;0.1002004008016032;0.375;9;True
4511;4512;0.11022044088176353;0.375;9;True
4512;4513;0.12024048096192384;0.375;9;True
4513;4514;0.13026052104208416;0.375;9;True
4514;4515;0.1402805611222445;0.375;9;True
4515;4516;0.1503006012024048;0.375;9;True
4516;4517;0.16032064128256512;0.375;9;True
4517;4518;0.17034068136272545;0.375;9;True
4518;4519;0.18036072144288576;0.375;9;True
4519;4520;0.1903807615230461;0.375;9;True
4520;4521;0.2004008016032064;0.375;9;True
4521;4522;0.21042084168336672;0.375;9;True
4522;4523;0.22044088176352705;0.375;9;True
4523;4524;0.23046092184368736;0.375;9;True
4524;4525;0.24048096192384769;0.375;9;True
4525;4526;0.250501002004008;0.375;9;True
4526;4527;0.2605210420841683;0.375;9;True
4527;4528;0.27054108216432865;0.375;9;True
4528;4529;0.280561122244489;0.375;9;True
4529;4530;0.2905811623246493;0.375;9;True
4530;4531;0.3006012024048096;0.375;9;True
4531;4532;0.3106212424849699;0.375;9;True
4532;4533;0.32064128256513025;0.375;9;True
4533;4534;0.3306613226452906;0.375;9;True
4534;4535;0.3406813627254509;0.375;9;True
4535;4536;0.3507014028056112;0.375;9;True
4536;4537;0.3607214428857715;0.375;9;True
4537;4538;0.37074148296593185;0.375;9;True
4538;4539;0.3807615230460922;0.375;9;True
4539;4540;0.3907815631262525;0.375;9;True
4540;4541;0.4008016032064128;0.375;9;True
4541;4542;0.4108216432865731;0.375;9;True
4542;4543;0.42084168336673344;0.375;9;True
4543;4544;0.4308617234468938;0.375;9;True
4544;4545;0.4408817635270541;0.375;9;True
4545;4546;0.45090180360721444;0.375;9;True
4546;4547;0.4609218436873747;0.375;9;True
4547;4548;0.47094188376753504;0.375;9;True
4548;4549;0.48096192384769537;0.375;9;True
4549;4550;0.4909819639278557;0.375;9;True
4550;4551;0.501002004008016;0.375;9;True
4551;4552;0.5110220440881763;0.375;9;True
4552;4553;0.5210420841683366;0.375;9;True
4553;4554;0.531062124248497;0.375;9;True
4554;4555;0.5410821643286573;0.375;9;True
4555;4556;0.5511022044088176;0.375;9;True
4556;4557;0.561122244488978;0.375;9;True
4557;4558;0.5711422845691383;0.375;9;True
4558;4559;0.5811623246492986;0.375;9;True
4559;4560;0.5911823647294588;0.375;9;True
4560;4561;0.6012024048096192;0.375;9;True
4561;4562;0.6112224448897795;0.375;9;True
4562;4563;0.6212424849699398;0.375;9;True
4563;4564;0.6312625250501002;0.375;9;True
4564;4565;0.6412825651302605;0.375;9;True
4565;4566;0.6513026052104208;0.375;9;True
4566;4567;0.6613226452905812;0.375;9;True
4567;4568;0.6713426853707415;0.375;9;True
4568;4569;0.6813627254509018;0.375;9;True
4569;4570;0.6913827655310621;0.375;9;True
4570;4571;0.7014028056112224;0.375;9;True
4571;4572;0.7114228456913827;0.375;9;True
4572;4573;0.721442885771543;0.375;9;True
4573;4574;0.7314629258517034;0.375;9;True
4574;4575;0.7414829659318637;0.375;9;True
4575;4576;0.751503006012024;0.375;9;True
4576;4577;0.7615230460921844;0.375;9;True
4577;4578;0.7715430861723447;0.375;9;True
4578;4579;0.781563126252505;0.375;9;True
4579;4580;0.7915831663326653;0.375;9;True
4580;4581;0.8016032064128256;0.375;9;True
4581;4582;0.8116232464929859;0.375;9;True
4582;4583;0.8216432865731462;0.375;9;True
4583;4584;0.8316633266533066;0.375;9;True
4584;4585;0.8416833667334669;0.375;9;True
4585;4586;0.8517034068136272;0.375;9;True
4586;4587;0.8617234468937875;0.375;9;True
4587;4588;0.8717434869739479;0.375;9;True
4588;4589;0.8817635270541082;0.375;9;True
4589;4590;0.8917835671342685;0.375;9;True
4590;4591;0.9018036072144289;0.375;9;True
4591;4592;0.9118236472945891;0.375;9;True
4592;4593;0.9218436873747494;0.375;9;True
4593;4594;0.9318637274549098;0.375;9;True
4594;4595;0.9418837675350701;0.375;9;True
4595;4596;0.9519038076152304;0.375;9;True
4596;4597;0.9619238476953907;0.375;9;True
4597;4598;0.9719438877755511;0.375;9;True
4598;4599;0.9819639278557114;0.375;9;True
4599;4600;0.9919839679358717;0.375;9;True
4600;4601;1.002004008016032;0.375;9;True
4601;4602;1.0120240480961924;0.375;9;True
4602;4603;1.0220440881763526;0.375;9;True
4603;4604;1.032064128256513;0.375;9;True
4604;4605;1.0420841683366733;0.375;9;True
4605;4606;1.0521042084168337;0.375;9;True
4606;4607;1.062124248496994;0.375;9;True
4607;4608;1.0721442885771542;0.375;9;True
4608;4609;1.0821643286573146;0.375;9;True
4609;4610;1.0921843687374748;0.375;9;True
4610;4611;1.1022044088176353;0.375;9;True
4611;4612;1.1122244488977955;0.375;9;True
4612;4613;1.122244488977956;0.375;9;True
4613;4614;1.1322645290581161;0.375;9;True
4614;4615;1.1422845691382766;0.375;9;True
4615;4616;1.1523046092184368;0.375;9;True
4616;4617;1.1623246492985972;0.375;9;True
4617;4618;1.1723446893787575;0.375;9;True
4618;4619;1.1823647294589177;0.375;9;True
4619;4620;1.1923847695390781;0.375;9;True
4620;4621;1.2024048096192383;0.375;9;True
4621;4622;1.2124248496993988;0.375;9;True
4622;4623;1.222444889779559;0.375;9;True
4623;4624;1.2324649298597194;0.375;9;True
4624;4625;1.2424849699398797;0.375;9;True
4625;4626;1.25250501002004;0.375;9;True
4626;4627;1.2625250501002003;0.375;9;True
4627;4628;1.2725450901803608;0.375;9;True
4628;4629;1.282565130260521;0.375;9;True
4629;4630;1.2925851703406812;0.375;9;True
4630;4631;1.3026052104208417;0.375;9;True
4631;4632;1.3126252505010019;0.375;9;True
4632;4633;1.3226452905811623;0.375;9;True
4633;4634;1.3326653306613225;0.375;9;True
4634;4635;1.342685370741483;0.375;9;True
4635;4636;1.3527054108216432;0.375;9;True
4636;4637;1.3627254509018036;0.375;9;True
4637;4638;1.3727454909819639;0.375;9;True
4638;4639;1.3827655310621243;0.375;9;True
4639;4640;1.3927855711422845;0.375;9;True
4640;4641;1.4028056112224447;0.375;9;True
4641;4642;1.4128256513026052;0.375;9;True
4642;4643;1.4228456913827654;0.375;9;True
4643;4644;1.4328657314629258;0.375;9;True
4644;4645;1.442885771543086;0.375;9;True
4645;4646;1.4529058116232465;0.375;9;True
4646;4647;1.4629258517034067;0.375;9;True
4647;4648;1.4729458917835672;0.375;9;True
4648;4649;1.4829659318637274;0.375;9;True
4649;4650;1.4929859719438878;0.375;9;True
4650;4651;1.503006012024048;0.375;9;True
4651;4652;1.5130260521042083;0.375;9;True
4652;4653;1.5230460921843687;0.375;9;True
4653;4654;1.533066132264529;0.375;9;True
4654;4655;1.5430861723446894;0.375;9;True
4655;4656;1.5531062124248496;0.375;9;True
4656;4657;1.56312625250501;0.375;9;True
4657;4658;1.5731462925851702;0.375;9;True
4658;4659;1.5831663326653307;0.375;9;True
4659;4660;1.593186372745491;0.375;9;True
4660;4661;1.6032064128256511;0.375;9;True
4661;4662;1.6132264529058116;0.375;9;True
4662;4663;1.6232464929859718;0.375;9;True
4663;4664;1.6332665330661322;0.375;9;True
4664;4665;1.6432865731462925;0.375;9;True
4665;4666;1.653306613226453;0.375;9;True
4666;4667;1.6633266533066131;0.375;9;True
4667;4668;1.6733466933867736;0.375;9;True
4668;4669;1.6833667334669338;0.375;9;True
4669;4670;1.6933867735470942;0.375;9;True
4670;4671;1.7034068136272544;0.375;9;True
4671;4672;1.7134268537074147;0.375;9;True
4672;4673;1.723446893787575;0.375;9;True
4673;4674;1.7334669338677353;0.375;9;True
4674;4675;1.7434869739478958;0.375;9;True
4675;4676;1.753507014028056;0.375;9;True
4676;4677;1.7635270541082164;0.375;9;True
4677;4678;1.7735470941883766;0.375;9;True
4678;4679;1.783567134268537;0.375;9;True
4679;4680;1.7935871743486973;0.375;9;True
4680;4681;1.8036072144288577;0.375;9;True
4681;4682;1.813627254509018;0.375;9;True
4682;4683;1.8236472945891782;0.375;9;True
4683;4684;1.8336673346693386;0.375;9;True
4684;4685;1.8436873747494988;0.375;9;True
4685;4686;1.8537074148296593;0.375;9;True
4686;4687;1.8637274549098195;0.375;9;True
4687;4688;1.87374749498998;0.375;9;True
4688;4689;1.8837675350701402;0.375;9;True
4689;4690;1.8937875751503006;0.375;9;True
4690;4691;1.9038076152304608;0.375;9;True
4691;4692;1.9138276553106213;0.375;9;True
4692;4693;1.9238476953907815;0.375;9;True
4693;4694;1.9338677354709417;0.375;9;True
4694;4695;1.9438877755511021;0.375;9;True
4695;4696;1.9539078156312624;0.375;9;True
4696;4697;1.9639278557114228;0.375;9;True
4697;4698;1.973947895791583;0.375;9;True
4698;4699;1.9839679358717435;0.375;9;True
4699;4700;1.9939879759519037;0.375;9;True
4700;4701;2.004008016032064;0.375;9;True
4701;4702;2.0140280561122244;0.375;9;True
4702;4703;2.024048096192385;0.375;9;True
4703;4704;2.034068136272545;0.375;9;True
4704;4705;2.0440881763527052;0.375;9;True
4705;4706;2.0541082164328657;0.375;9;True
4706;4707;2.064128256513026;0.375;9;True
4707;4708;2.074148296593186;0.375;9;True
4708;4709;2.0841683366733466;0.375;9;True
4709;4710;2.094188376753507;0.375;9;True
4710;4711;2.1042084168336674;0.375;9;True
4711;4712;2.1142284569138274;0.375;9;True
4712;4713;2.124248496993988;0.375;9;True
4713;4714;2.1342685370741483;0.375;9;True
4714;4715;2.1442885771543083;0.375;9;True
4715;4716;2.1543086172344688;0.375;9;True
4716;4717;2.164328657314629;0.375;9;True
4717;4718;2.1743486973947896;0.375;9;True
4718;4719;2.1843687374749496;0.375;9;True
4719;4720;2.19438877755511;0.375;9;True
4720;4721;2.2044088176352705;0.375;9;True
4721;4722;2.214428857715431;0.375;9;True
4722;4723;2.224448897795591;0.375;9;True
4723;4724;2.2344689378757514;0.375;9;True
4724;4725;2.244488977955912;0.375;9;True
4725;4726;2.254509018036072;0.375;9;True
4726;4727;2.2645290581162323;0.375;9;True
4727;4728;2.2745490981963927;0.375;9;True
4728;4729;2.284569138276553;0.375;9;True
4729;4730;2.294589178356713;0.375;9;True
4730;4731;2.3046092184368736;0.375;9;True
4731;4732;2.314629258517034;0.375;9;True
4732;4733;2.3246492985971945;0.375;9;True
4733;4734;2.3346693386773545;0.375;9;True
4734;4735;2.344689378757515;0.375;9;True
4735;4736;2.3547094188376754;0.375;9;True
4736;4737;2.3647294589178354;0.375;9;True
4737;4738;2.374749498997996;0.375;9;True
4738;4739;2.3847695390781563;0.375;9;True
4739;4740;2.3947895791583167;0.375;9;True
4740;4741;2.4048096192384767;0.375;9;True
4741;4742;2.414829659318637;0.375;9;True
4742;4743;2.4248496993987976;0.375;9;True
4743;4744;2.434869739478958;0.375;9;True
4744;4745;2.444889779559118;0.375;9;True
4745;4746;2.4549098196392785;0.375;9;True
4746;4747;2.464929859719439;0.375;9;True
4747;4748;2.474949899799599;0.375;9;True
4748;4749;2.4849699398797593;0.375;9;True
4749;4750;2.49498997995992;0.375;9;True
4750;4751;2.50501002004008;0.375;9;True
4751;4752;2.51503006012024;0.375;9;True
4752;4753;2.5250501002004007;0.375;9;True
4753;4754;2.535070140280561;0.375;9;True
4754;4755;2.5450901803607215;0.375;9;True
4755;4756;2.5551102204408815;0.375;9;True
4756;4757;2.565130260521042;0.375;9;True
4757;4758;2.5751503006012024;0.375;9;True
4758;4759;2.5851703406813624;0.375;9;True
4759;4760;2.595190380761523;0.375;9;True
4760;4761;2.6052104208416833;0.375;9;True
4761;4762;2.6152304609218437;0.375;9;True
4762;4763;2.6252505010020037;0.375;9;True
4763;4764;2.635270541082164;0.375;9;True
4764;4765;2.6452905811623246;0.375;9;True
4765;4766;2.655310621242485;0.375;9;True
4766;4767;2.665330661322645;0.375;9;True
4767;4768;2.6753507014028055;0.375;9;True
4768;4769;2.685370741482966;0.375;9;True
4769;4770;2.695390781563126;0.375;9;True
4770;4771;2.7054108216432864;0.375;9;True
4771;4772;2.715430861723447;0.375;9;True
4772;4773;2.7254509018036073;0.375;9;True
4773;4774;2.7354709418837673;0.375;9;True
4774;4775;2.7454909819639277;0.375;9;True
4775;4776;2.755511022044088;0.375;9;True
4776;4777;2.7655310621242486;0.375;9;True
4777;4778;2.7755511022044086;0.375;9;True
4778;4779;2.785571142284569;0.375;9;True
4779;4780;2.7955911823647295;0.375;9;True
4780;4781;2.8056112224448895;0.375;9;True
4781;4782;2.81563126252505;0.375;9;True
4782;4783;2.8256513026052104;0.375;9;True
4783;4784;2.835671342685371;0.375;9;True
4784;4785;2.845691382765531;0.375;9;True
4785;4786;2.8557114228456912;0.375;9;True
4786;4787;2.8657314629258517;0.375;9;True
4787;4788;2.875751503006012;0.375;9;True
4788;4789;2.885771543086172;0.375;9;True
4789;4790;2.8957915831663326;0.375;9;True
4790;4791;2.905811623246493;0.375;9;True
4791;4792;2.915831663326653;0.375;9;True
4792;4793;2.9258517034068134;0.375;9;True
4793;4794;2.935871743486974;0.375;9;True
4794;4795;2.9458917835671343;0.375;9;True
4795;4796;2.9559118236472943;0.375;9;True
4796;4797;2.9659318637274548;0.375;9;True
4797;4798;2.975951903807615;0.375;9;True
4798;4799;2.9859719438877756;0.375;9;True
4799;4800;2.9959919839679356;0.375;9;True
4800;4801;3.006012024048096;0.375;9;True
4801;4802;3.0160320641282565;0.375;9;True
4802;4803;3.0260521042084165;0.375;9;True
4803;4804;3.036072144288577;0.375;9;True
4804;4805;3.0460921843687374;0.375;9;True
4805;4806;3.056112224448898;0.375;9;True
4806;4807;3.066132264529058;0.375;9;True
4807;4808;3.0761523046092183;0.375;9;True
4808;4809;3.0861723446893787;0.375;9;True
4809;4810;3.096192384769539;0.375;9;True
4810;4811;3.106212424849699;0.375;9;True
4811;4812;3.1162324649298596;0.375;9;True
4812;4813;3.12625250501002;0.375;9;True
4813;4814;3.13627254509018;0.375;9;True
4814;4815;3.1462925851703405;0.375;9;True
4815;4816;3.156312625250501;0.375;9;True
4816;4817;3.1663326653306614;0.375;9;True
4817;4818;3.1763527054108214;0.375;9;True
4818;4819;3.186372745490982;0.375;9;True
4819;4820;3.1963927855711423;0.375;9;True
4820;4821;3.2064128256513023;0.375;9;True
4821;4822;3.2164328657314627;0.375;9;True
4822;4823;3.226452905811623;0.375;9;True
4823;4824;3.2364729458917836;0.375;9;True
4824;4825;3.2464929859719436;0.375;9;True
4825;4826;3.256513026052104;0.375;9;True
4826;4827;3.2665330661322645;0.375;9;True
4827;4828;3.276553106212425;0.375;9;True
4828;4829;3.286573146292585;0.375;9;True
4829;4830;3.2965931863727453;0.375;9;True
4830;4831;3.306613226452906;0.375;9;True
4831;4832;3.316633266533066;0.375;9;True
4832;4833;3.3266533066132262;0.375;9;True
4833;4834;3.3366733466933867;0.375;9;True
4834;4835;3.346693386773547;0.375;9;True
4835;4836;3.356713426853707;0.375;9;True
4836;4837;3.3667334669338675;0.375;9;True
4837;4838;3.376753507014028;0.375;9;True
4838;4839;3.3867735470941884;0.375;9;True
4839;4840;3.3967935871743484;0.375;9;True
4840;4841;3.406813627254509;0.375;9;True
4841;4842;3.4168336673346693;0.375;9;True
4842;4843;3.4268537074148293;0.375;9;True
4843;4844;3.4368737474949898;0.375;9;True
4844;4845;3.44689378757515;0.375;9;True
4845;4846;3.4569138276553106;0.375;9;True
4846;4847;3.4669338677354706;0.375;9;True
4847;4848;3.476953907815631;0.375;9;True
4848;4849;3.4869739478957915;0.375;9;True
4849;4850;3.496993987975952;0.375;9;True
4850;4851;3.507014028056112;0.375;9;True
4851;4852;3.5170340681362724;0.375;9;True
4852;4853;3.527054108216433;0.375;9;True
4853;4854;3.537074148296593;0.375;9;True
4854;4855;3.5470941883767533;0.375;9;True
4855;4856;3.5571142284569137;0.375;9;True
4856;4857;3.567134268537074;0.375;9;True
4857;4858;3.577154308617234;0.375;9;True
4858;4859;3.5871743486973946;0.375;9;True
4859;4860;3.597194388777555;0.375;9;True
4860;4861;3.6072144288577155;0.375;9;True
4861;4862;3.6172344689378755;0.375;9;True
4862;4863;3.627254509018036;0.375;9;True
4863;4864;3.6372745490981964;0.375;9;True
4864;4865;3.6472945891783564;0.375;9;True
4865;4866;3.657314629258517;0.375;9;True
4866;4867;3.6673346693386772;0.375;9;True
4867;4868;3.6773547094188377;0.375;9;True
4868;4869;3.6873747494989977;0.375;9;True
4869;4870;3.697394789579158;0.375;9;True
4870;4871;3.7074148296593186;0.375;9;True
4871;4872;3.717434869739479;0.375;9;True
4872;4873;3.727454909819639;0.375;9;True
4873;4874;3.7374749498997994;0.375;9;True
4874;4875;3.74749498997996;0.375;9;True
4875;4876;3.75751503006012;0.375;9;True
4876;4877;3.7675350701402803;0.375;9;True
4877;4878;3.7775551102204408;0.375;9;True
4878;4879;3.787575150300601;0.375;9;True
4879;4880;3.797595190380761;0.375;9;True
4880;4881;3.8076152304609217;0.375;9;True
4881;4882;3.817635270541082;0.375;9;True
4882;4883;3.8276553106212425;0.375;9;True
4883;4884;3.8376753507014025;0.375;9;True
4884;4885;3.847695390781563;0.375;9;True
4885;4886;3.8577154308617234;0.375;9;True
4886;4887;3.8677354709418834;0.375;9;True
4887;4888;3.877755511022044;0.375;9;True
4888;4889;3.8877755511022043;0.375;9;True
4889;4890;3.8977955911823647;0.375;9;True
4890;4891;3.9078156312625247;0.375;9;True
4891;4892;3.917835671342685;0.375;9;True
4892;4893;3.9278557114228456;0.375;9;True
4893;4894;3.937875751503006;0.375;9;True
4894;4895;3.947895791583166;0.375;9;True
4895;4896;3.9579158316633265;0.375;9;True
4896;4897;3.967935871743487;0.375;9;True
4897;4898;3.977955911823647;0.375;9;True
4898;4899;3.9879759519038074;0.375;9;True
4899;4900;3.997995991983968;0.375;9;True
4900;4901;4.008016032064128;0.375;9;True
4901;4902;4.018036072144288;0.375;9;True
4902;4903;4.028056112224449;0.375;9;True
4903;4904;4.038076152304609;0.375;9;True
4904;4905;4.04809619238477;0.375;9;True
4905;4906;4.05811623246493;0.375;9;True
4906;4907;4.06813627254509;0.375;9;True
4907;4908;4.07815631262525;0.375;9;True
4908;4909;4.0881763527054105;0.375;9;True
4909;4910;4.098196392785571;0.375;9;True
4910;4911;4.108216432865731;0.375;9;True
4911;4912;4.118236472945892;0.375;9;True
4912;4913;4.128256513026052;0.375;9;True
4913;4914;4.138276553106213;0.375;9;True
4914;4915;4.148296593186372;0.375;9;True
4915;4916;4.158316633266533;0.375;9;True
4916;4917;4.168336673346693;0.375;9;True
4917;4918;4.1783567134268536;0.375;9;True
4918;4919;4.188376753507014;0.375;9;True
4919;4920;4.198396793587174;0.375;9;True
4920;4921;4.208416833667335;0.375;9;True
4921;4922;4.218436873747494;0.375;9;True
4922;4923;4.228456913827655;0.375;9;True
4923;4924;4.238476953907815;0.375;9;True
4924;4925;4.248496993987976;0.375;9;True
4925;4926;4.258517034068136;0.375;9;True
4926;4927;4.268537074148297;0.375;9;True
4927;4928;4.278557114228457;0.375;9;True
4928;4929;4.288577154308617;0.375;9;True
4929;4930;4.298597194388777;0.375;9;True
4930;4931;4.3086172344689375;0.375;9;True
4931;4932;4.318637274549098;0.375;9;True
4932;4933;4.328657314629258;0.375;9;True
4933;4934;4.338677354709419;0.375;9;True
4934;4935;4.348697394789579;0.375;9;True
4935;4936;4.35871743486974;0.375;9;True
4936;4937;4.368737474949899;0.375;9;True
4937;4938;4.37875751503006;0.375;9;True
4938;4939;4.38877755511022;0.375;9;True
4939;4940;4.398797595190381;0.375;9;True
4940;4941;4.408817635270541;0.375;9;True
4941;4942;4.4188376753507015;0.375;9;True
4942;4943;4.428857715430862;0.375;9;True
4943;4944;4.4388777555110215;0.375;9;True
4944;4945;4.448897795591182;0.375;9;True
4945;4946;4.458917835671342;0.375;9;True
4946;4947;4.468937875751503;0.375;9;True
4947;4948;4.478957915831663;0.375;9;True
4948;4949;4.488977955911824;0.375;9;True
4949;4950;4.498997995991984;0.375;9;True
4950;4951;4.509018036072144;0.375;9;True
4951;4952;4.519038076152304;0.375;9;True
4952;4953;4.529058116232465;0.375;9;True
4953;4954;4.539078156312625;0.375;9;True
4954;4955;4.5490981963927855;0.375;9;True
4955;4956;4.559118236472946;0.375;9;True
4956;4957;4.569138276553106;0.375;9;True
4957;4958;4.579158316633267;0.375;9;True
4958;4959;4.589178356713426;0.375;9;True
4959;4960;4.599198396793587;0.375;9;True
4960;4961;4.609218436873747;0.375;9;True
4961;4962;4.619238476953908;0.375;9;True
4962;4963;4.629258517034068;0.375;9;True
4963;4964;4.6392785571142285;0.375;9;True
4964;4965;4.649298597194389;0.375;9;True
4965;4966;4.6593186372745485;0.375;9;True
4966;4967;4.669338677354709;0.375;9;True
4967;4968;4.679358717434869;0.375;9;True
4968;4969;4.68937875751503;0.375;9;True
4969;4970;4.69939879759519;0.375;9;True
4970;4971;4.709418837675351;0.375;9;True
4971;4972;4.719438877755511;0.375;9;True
4972;4973;4.729458917835671;0.375;9;True
4973;4974;4.739478957915831;0.375;9;True
4974;4975;4.749498997995992;0.375;9;True
4975;4976;4.759519038076152;0.375;9;True
4976;4977;4.7695390781563125;0.375;9;True
4977;4978;4.779559118236473;0.375;9;True
4978;4979;4.789579158316633;0.375;9;True
4979;4980;4.799599198396794;0.375;9;True
4980;4981;4.809619238476953;0.375;9;True
4981;4982;4.819639278557114;0.375;9;True
4982;4983;4.829659318637274;0.375;9;True
4983;4984;4.839679358717435;0.375;9;True
4984;4985;4.849699398797595;0.375;9;True
4985;4986;4.859719438877756;0.375;9;True
4986;4987;4.869739478957916;0.375;9;True
4987;4988;4.879759519038076;0.375;9;True
4988;4989;4.889779559118236;0.375;9;True
4989;4990;4.8997995991983965;0.375;9;True
4990;4991;4.909819639278557;0.375;9;True
4991;4992;4.919839679358717;0.375;9;True
4992;4993;4.929859719438878;0.375;9;True
4993;4994;4.939879759519038;0.375;9;True
4994;4995;4.949899799599198;0.375;9;True
4995;4996;4.959919839679358;0.375;9;True
4996;4997;4.969939879759519;0.375;9;True
4997;4998;4.979959919839679;0.375;9;True
4998;4999;4.98997995991984;0.375;9;True
4999;5000;5.0;0.375;9;True
5000;5001;0.0;0.4166666666666667;10;False
5001;5002;0.01002004008016032;0.4166666666666667;10;False
5002;5003;0.02004008016032064;0.4166666666666667;10;False
5003;5004;0.03006012024048096;0.4166666666666667;10;False
5004;5005;0.04008016032064128;0.4166666666666667;10;False
5005;5006;0.0501002004008016;0.4166666666666667;10;False
5006;5007;0.06012024048096192;0.4166666666666667;10;False
5007;5008;0.07014028056112225;0.4166666666666667;10;False
5008;5009;0.08016032064128256;0.4166666666666667;10;False
5009;5010;0.09018036072144288;0.4166666666666667;10;False
5010;5011;0.1002004008016032;0.4166666666666667;10;False
5011;5012;0.11022044088176353;0.4166666666666667;10;False
5012;5013;0.12024048096192384;0.4166666666666667;10;False
5013;5014;0.13026052104208416;0.4166666666666667;10;False
5014;5015;0.1402805611222445;0.4166666666666667;10;False
5015;5016;0.1503006012024048;0.4166666666666667;10;False
5016;5017;0.16032064128256512;0.4166666666666667;10;False
5017;5018;0.17034068136272545;0.4166666666666667;10;False
5018;5019;0.18036072144288576;0.4166666666666667;10;False
5019;5020;0.1903807615230461;0.4166666666666667;10;False
5020;5021;0.2004008016032064;0.4166666666666667;10;False
5021;5022;0.21042084168336672;0.4166666666666667;10;False
5022;5023;0.22044088176352705;0.4166666666666667;10;False
5023;5024;0.23046092184368736;0.4166666666666667;10;False
5024;5025;0.24048096192384769;0.4166666666666667;10;False
5025;5026;0.250501002004008;0.4166666666666667;10;False
5026;5027;0.2605210420841683;0.4166666666666667;10;False
5027;5028;0.27054108216432865;0.4166666666666667;10;False
5028;5029;0.280561122244489;0.4166666666666667;10;False
5029;5030;0.2905811623246493;0.4166666666666667;10;False
5030;5031;0.3006012024048096;0.4166666666666667;10;False
5031;5032;0.3106212424849699;0.4166666666666667;10;False
5032;5033;0.32064128256513025;0.4166666666666667;10;False
5033;5034;0.3306613226452906;0.4166666666666667;10;False
5034;5035;0.3406813627254509;0.4166666666666667;10;False
5035;5036;0.3507014028056112;0.4166666666666667;10;False
5036;5037;0.3607214428857715;0.4166666666666667;10;False
5037;5038;0.37074148296593185;0.4166666666666667;10;False
5038;5039;0.3807615230460922;0.4166666666666667;10;False
5039;5040;0.3907815631262525;0.4166666666666667;10;False
5040;5041;0.4008016032064128;0.4166666666666667;10;False
5041;5042;0.4108216432865731;0.4166666666666667;10;False
5042;5043;0.42084168336673344;0.4166666666666667;10;False
5043;5044;0.4308617234468938;0.4166666666666667;10;False
5044;5045;0.4408817635270541;0.4166666666666667;10;False
5045;5046;0.45090180360721444;0.4166666666666667;10;False
5046;5047;0.4609218436873747;0.4166666666666667;10;False
5047;5048;0.47094188376753504;0.4166666666666667;10;False
5048;5049;0.48096192384769537;0.4166666666666667;10;False
5049;5050;0.4909819639278557;0.4166666666666667;10;False
5050;5051;0.501002004008016;0.4166666666666667;10;False
5051;5052;0.5110220440881763;0.4166666666666667;10;False
5052;5053;0.5210420841683366;0.4166666666666667;10;False
5053;5054;0.531062124248497;0.4166666666666667;10;False
5054;5055;0.5410821643286573;0.4166666666666667;10;False
5055;5056;0.5511022044088176;0.4166666666666667;10;False
5056;5057;0.561122244488978;0.4166666666666667;10;False
5057;5058;0.5711422845691383;0.4166666666666667;10;False
5058;5059;0.5811623246492986;0.4166666666666667;10;False
5059;5060;0.5911823647294588;0.4166666666666667;10;False
5060;5061;0.6012024048096192;0.4166666666666667;10;False
5061;5062;0.6112224448897795;0.4166666666666667;10;False
5062;5063;0.6212424849699398;0.4166666666666667;10;False
5063;5064;0.6312625250501002;0.4166666666666667;10;False
5064;5065;0.6412825651302605;0.4166666666666667;10;False
5065;5066;0.6513026052104208;0.4166666666666667;10;False
5066;5067;0.6613226452905812;0.4166666666666667;10;False
5067;5068;0.6713426853707415;0.4166666666666667;10;False
5068;5069;0.6813627254509018;0.4166666666666667;10;False
5069;5070;0.6913827655310621;0.4166666666666667;10;False
5070;5071;0.7014028056112224;0.4166666666666667;10;False
5071;5072;0.7114228456913827;0.4166666666666667;10;False
5072;5073;0.721442885771543;0.4166666666666667;10;False
5073;5074;0.7314629258517034;0.4166666666666667;10;False
5074;5075;0.7414829659318637;0.4166666666666667;10;False
5075;5076;0.751503006012024;0.4166666666666667;10;False
5076;5077;0.7615230460921844;0.4166666666666667;10;False
5077;5078;0.7715430861723447;0.4166666666666667;10;False
5078;5079;0.781563126252505;0.4166666666666667;10;False
5079;5080;0.7915831663326653;0.4166666666666667;10;False
5080;5081;0.8016032064128256;0.4166666666666667;10;False
5081;5082;0.8116232464929859;0.4166666666666667;10;False
5082;5083;0.8216432865731462;0.4166666666666667;10;False
5083;5084;0.8316633266533066;0.4166666666666667;10;False
5084;5085;0.8416833667334669;0.4166666666666667;10;False
5085;5086;0.8517034068136272;0.4166666666666667;10;False
5086;5087;0.8617234468937875;0.4166666666666667;10;False
5087;5088;0.8717434869739479;0.4166666666666667;10;False
5088;5089;0.8817635270541082;0.4166666666666667;10;False
5089;5090;0.8917835671342685;0.4166666666666667;10;False
5090;5091;0.9018036072144289;0.4166666666666667;10;False
5091;5092;0.9118236472945891;0.4166666666666667;10;False
5092;5093;0.9218436873747494;0.4166666666666667;10;False
5093;5094;0.9318637274549098;0.4166666666666667;10;False
5094;5095;0.9418837675350701;0.4166666666666667;10;False
5095;5096;0.9519038076152304;0.4166666666666667;10;False
5096;5097;0.9619238476953907;0.4166666666666667;10;False
5097;5098;0.9719438877755511;0.4166666666666667;10;False
5098;5099;0.9819639278557114;0.4166666666666667;10;False
5099;5100;0.9919839679358717;0.4166666666666667;10;False
5100;5101;1.002004008016032;0.4166666666666667;10;False
5101;5102;1.0120240480961924;0.4166666666666667;10;False
5102;5103;1.0220440881763526;0.4166666666666667;10;False
5103;5104;1.032064128256513;0.4166666666666667;10;False
5104;5105;1.0420841683366733;0.4166666666666667;10;False
5105;5106;1.0521042084168337;0.4166666666666667;10;False
5106;5107;1.062124248496994;0.4166666666666667;10;False
5107;5108;1.0721442885771542;0.4166666666666667;10;False
5108;5109;1.0821643286573146;0.4166666666666667;10;False
5109;5110;1.0921843687374748;0.4166666666666667;10;False
5110;5111;1.1022044088176353;0.4166666666666667;10;False
5111;5112;1.1122244488977955;0.4166666666666667;10;False
5112;5113;1.122244488977956;0.4166666666666667;10;False
5113;5114;1.1322645290581161;0.4166666666666667;10;False
5114;5115;1.1422845691382766;0.4166666666666667;10;False
5115;5116;1.1523046092184368;0.4166666666666667;10;False
5116;5117;1.1623246492985972;0.4166666666666667;10;False
5117;5118;1.1723446893787575;0.4166666666666667;10;False
5118;5119;1.1823647294589177;0.4166666666666667;10;False
5119;5120;1.1923847695390781;0.4166666666666667;10;False
5120;5121;1.2024048096192383;0.4166666666666667;10;False
5121;5122;1.2124248496993988;0.4166666666666667;10;False
5122;5123;1.222444889779559;0.4166666666666667;10;False
5123;5124;1.2324649298597194;0.4166666666666667;10;False
5124;5125;1.2424849699398797;0.4166666666666667;10;False
5125;5126;1.25250501002004;0.4166666666666667;10;False
5126;5127;1.2625250501002003;0.4166666666666667;10;False
5127;5128;1.2725450901803608;0.4166666666666667;10;False
5128;5129;1.282565130260521;0.4166666666666667;10;False
5129;5130;1.2925851703406812;0.4166666666666667;10;False
5130;5131;1.3026052104208417;0.4166666666666667;10;False
5131;5132;1.3126252505010019;0.4166666666666667;10;False
5132;5133;1.3226452905811623;0.4166666666666667;10;False
5133;5134;1.3326653306613225;0.4166666666666667;10;False
5134;5135;1.342685370741483;0.4166666666666667;10;False
5135;5136;1.3527054108216432;0.4166666666666667;10;False
5136;5137;1.3627254509018036;0.4166666666666667;10;False
5137;5138;1.3727454909819639;0.4166666666666667;10;False
5138;5139;1.3827655310621243;0.4166666666666667;10;False
5139;5140;1.3927855711422845;0.4166666666666667;10;False
5140;5141;1.4028056112224447;0.4166666666666667;10;False
5141;5142;1.4128256513026052;0.4166666666666667;10;False
5142;5143;1.4228456913827654;0.4166666666666667;10;False
5143;5144;1.4328657314629258;0.4166666666666667;10;False
5144;5145;1.442885771543086;0.4166666666666667;10;False
5145;5146;1.4529058116232465;0.4166666666666667;10;False
5146;5147;1.4629258517034067;0.4166666666666667;10;False
5147;5148;1.4729458917835672;0.4166666666666667;10;False
5148;5149;1.4829659318637274;0.4166666666666667;10;False
5149;5150;1.4929859719438878;0.4166666666666667;10;False
5150;5151;1.503006012024048;0.4166666666666667;10;False
5151;5152;1.5130260521042083;0.4166666666666667;10;False
5152;5153;1.5230460921843687;0.4166666666666667;10;False
5153;5154;1.533066132264529;0.4166666666666667;10;False
5154;5155;1.5430861723446894;0.4166666666666667;10;False
5155;5156;1.5531062124248496;0.4166666666666667;10;False
5156;5157;1.56312625250501;0.4166666666666667;10;False
5157;5158;1.5731462925851702;0.4166666666666667;10;False
5158;5159;1.5831663326653307;0.4166666666666667;10;False
5159;5160;1.593186372745491;0.4166666666666667;10;False
5160;5161;1.6032064128256511;0.4166666666666667;10;False
5161;5162;1.6132264529058116;0.4166666666666667;10;False
5162;5163;1.6232464929859718;0.4166666666666667;10;False
5163;5164;1.6332665330661322;0.4166666666666667;10;False
5164;5165;1.6432865731462925;0.4166666666666667;10;False
5165;5166;1.653306613226453;0.4166666666666667;10;False
5166;5167;1.6633266533066131;0.4166666666666667;10;False
5167;5168;1.6733466933867736;0.4166666666666667;10;False
5168;5169;1.6833667334669338;0.4166666666666667;10;False
5169;5170;1.6933867735470942;0.4166666666666667;10;False
5170;5171;1.7034068136272544;0.4166666666666667;10;False
5171;5172;1.7134268537074147;0.4166666666666667;10;False
5172;5173;1.723446893787575;0.4166666666666667;10;False
5173;5174;1.7334669338677353;0.4166666666666667;10;False
5174;5175;1.7434869739478958;0.4166666666666667;10;False
5175;5176;1.753507014028056;0.4166666666666667;10;False
5176;5177;1.7635270541082164;0.4166666666666667;10;False
5177;5178;1.7735470941883766;0.4166666666666667;10;False
5178;5179;1.783567134268537;0.4166666666666667;10;False
5179;5180;1.7935871743486973;0.4166666666666667;10;False
5180;5181;1.8036072144288577;0.4166666666666667;10;False
5181;5182;1.813627254509018;0.4166666666666667;10;False
5182;5183;1.8236472945891782;0.4166666666666667;10;False
5183;5184;1.8336673346693386;0.4166666666666667;10;False
5184;5185;1.8436873747494988;0.4166666666666667;10;False
5185;5186;1.8537074148296593;0.4166666666666667;10;False
5186;5187;1.8637274549098195;0.4166666666666667;10;False
5187;5188;1.87374749498998;0.4166666666666667;10;False
5188;5189;1.8837675350701402;0.4166666666666667;10;False
5189;5190;1.8937875751503006;0.4166666666666667;10;False
5190;5191;1.9038076152304608;0.4166666666666667;10;False
5191;5192;1.9138276553106213;0.4166666666666667;10;False
5192;5193;1.9238476953907815;0.4166666666666667;10;False
5193;5194;1.9338677354709417;0.4166666666666667;10;False
5194;5195;1.9438877755511021;0.4166666666666667;10;False
5195;5196;1.9539078156312624;0.4166666666666667;10;False
5196;5197;1.9639278557114228;0.4166666666666667;10;False
5197;5198;1.973947895791583;0.4166666666666667;10;False
5198;5199;1.9839679358717435;0.4166666666666667;10;False
5199;5200;1.9939879759519037;0.4166666666666667;10;False
5200;5201;2.004008016032064;0.4166666666666667;10;False
5201;5202;2.0140280561122244;0.4166666666666667;10;False
5202;5203;2.024048096192385;0.4166666666666667;10;False
5203;5204;2.034068136272545;0.4166666666666667;10;False
5204;5205;2.0440881763527052;0.4166666666666667;10;False
5205;5206;2.0541082164328657;0.4166666666666667;10;False
5206;5207;2.064128256513026;0.4166666666666667;10;False
5207;5208;2.074148296593186;0.4166666666666667;10;False
5208;5209;2.0841683366733466;0.4166666666666667;10;False
5209;5210;2.094188376753507;0.4166666666666667;10;False
5210;5211;2.1042084168336674;0.4166666666666667;10;False
5211;5212;2.1142284569138274;0.4166666666666667;10;False
5212;5213;2.124248496993988;0.4166666666666667;10;False
5213;5214;2.1342685370741483;0.4166666666666667;10;False
5214;5215;2.1442885771543083;0.4166666666666667;10;False
5215;5216;2.1543086172344688;0.4166666666666667;10;False
5216;5217;2.164328657314629;0.4166666666666667;10;False
5217;5218;2.1743486973947896;0.4166666666666667;10;False
5218;5219;2.1843687374749496;0.4166666666666667;10;False
5219;5220;2.19438877755511;0.4166666666666667;10;False
5220;5221;2.2044088176352705;0.4166666666666667;10;False
5221;5222;2.214428857715431;0.4166666666666667;10;False
5222;5223;2.224448897795591;0.4166666666666667;10;False
5223;5224;2.2344689378757514;0.4166666666666667;10;False
5224;5225;2.244488977955912;0.4166666666666667;10;False
5225;5226;2.254509018036072;0.4166559675919508;10;False
5226;5227;2.2645290581162323;0.4165558598082018;10;False
5227;5228;2.2745490981963927;0.4163519479438926;10;False
5228;5229;2.284569138276553;0.41604746069582393;10;False
5229;5230;2.294589178356713;0.4156472192498897;10;False
5230;5231;2.3046092184368736;0.41515756094345085;10;False
5231;5232;2.314629258517034;0.4145862389212934;10;False
5232;5233;2.3246492985971945;0.4139422993739932;10;False
5233;5234;2.3346693386773545;0.41323593830247146;10;False
5234;5235;2.344689378757515;0.41247834007669915;10;False
5235;5236;2.3547094188376754;0.4116815003447776;10;False
5236;5237;2.3647294589178354;0.4108580360964145;10;False
5237;5238;2.374749498997996;0.41002098588821073;10;False
5238;5239;2.3847695390781563;0.4091836033939462;10;False
5239;5240;2.3947895791583167;0.40835914754874725;10;False
5240;5241;2.4048096192384767;0.40756067260994666;10;False
5241;5242;2.414829659318637;0.4068008214587678;10;False
5242;5243;2.4248496993987976;0.4060916254156504;10;False
5243;5244;2.434869739478958;0.4054443137388989;10;False
5244;5245;2.444889779559118;0.4048691358230101;10;False
5245;5246;2.4549098196392785;0.4043751989119557;10;False
5246;5247;2.464929859719439;0.403970323897031;10;False
5247;5248;2.474949899799599;0.40366092148253657;10;False
5248;5249;2.4849699398797593;0.40345189068005877;10;False
5249;5250;2.49498997995992;0.4033465412385695;10;False
5250;5251;2.50501002004008;0.4033465412385695;10;False
5251;5252;2.51503006012024;0.40345189068005877;10;False
5252;5253;2.5250501002004007;0.40366092148253657;10;False
5253;5254;2.535070140280561;0.403970323897031;10;False
5254;5255;2.5450901803607215;0.4043751989119557;10;False
5255;5256;2.5551102204408815;0.4048691358230101;10;False
5256;5257;2.565130260521042;0.4054443137388989;10;False
5257;5258;2.5751503006012024;0.4060916254156504;10;False
5258;5259;2.5851703406813624;0.4068008214587678;10;False
5259;5260;2.595190380761523;0.40756067260994666;10;False
5260;5261;2.6052104208416833;0.40835914754874725;10;False
5261;5262;2.6152304609218437;0.4091836033939462;10;False
5262;5263;2.6252505010020037;0.41002098588821073;10;False
5263;5264;2.635270541082164;0.4108580360964145;10;False
5264;5265;2.6452905811623246;0.4116815003447776;10;False
5265;5266;2.655310621242485;0.41247834007669915;10;False
5266;5267;2.665330661322645;0.4132359383024714;10;False
5267;5268;2.6753507014028055;0.4139422993739932;10;False
5268;5269;2.685370741482966;0.4145862389212934;10;False
5269;5270;2.695390781563126;0.41515756094345085;10;False
5270;5271;2.7054108216432864;0.4156472192498896;10;False
5271;5272;2.715430861723447;0.41604746069582393;10;False
5272;5273;2.7254509018036073;0.4163519479438926;10;False
5273;5274;2.7354709418837673;0.4165558598082018;10;False
5274;5275;2.7454909819639277;0.4166559675919508;10;False
5275;5276;2.755511022044088;0.4166666666666667;10;False
5276;5277;2.7655310621242486;0.4166666666666667;10;False
5277;5278;2.7755511022044086;0.4166666666666667;10;False
5278;5279;2.785571142284569;0.4166666666666667;10;False
5279;5280;2.7955911823647295;0.4166666666666667;10;False
5280;5281;2.8056112224448895;0.4166666666666667;10;False
5281;5282;2.81563126252505;0.4166666666666667;10;False
5282;5283;2.8256513026052104;0.4166666666666667;10;False
5283;5284;2.835671342685371;0.4166666666666667;10;False
5284;5285;2.845691382765531;0.4166666666666667;10;False
5285;5286;2.8557114228456912;0.4166666666666667;10;False
5286;5287;2.8657314629258517;0.4166666666666667;10;False
5287;5288;2.875751503006012;0.4166666666666667;10;False
5288;5289;2.885771543086172;0.4166666666666667;10;False
5289;5290;2.8957915831663326;0.4166666666666667;10;False
5290;5291;2.905811623246493;0.4166666666666667;10;False
5291;5292;2.915831663326653;0.4166666666666667;10;False
5292;5293;2.9258517034068134;0.4166666666666667;10;False
5293;5294;2.935871743486974;0.4166666666666667;10;False
5294;5295;2.9458917835671343;0.4166666666666667;10;False
5295;5296;2.9559118236472943;0.4166666666666667;10;False
5296;5297;2.9659318637274548;0.4166666666666667;10;False
5297;5298;2.975951903807615;0.4166666666666667;10;False
5298;5299;2.9859719438877756;0.4166666666666667;10;False
5299;5300;2.9959919839679356;0.4166666666666667;10;False
5300;5301;3.006012024048096;0.4166666666666667;10;False
5301;5302;3.0160320641282565;0.4166666666666667;10;False
5302;5303;3.0260521042084165;0.4166666666666667;10;False
5303;5304;3.036072144288577;0.4166666666666667;10;False
5304;5305;3.0460921843687374;0.4166666666666667;10;False
5305;5306;3.056112224448898;0.4166666666666667;10;False
5306;5307;3.066132264529058;0.4166666666666667;10;False
5307;5308;3.0761523046092183;0.4166666666666667;10;False
5308;5309;3.0861723446893787;0.4166666666666667;10;False
5309;5310;3.096192384769539;0.4166666666666667;10;False
5310;5311;3.106212424849699;0.4166666666666667;10;False
5311;5312;3.1162324649298596;0.4166666666666667;10;False
5312;5313;3.12625250501002;0.4166666666666667;10;False
5313;5314;3.13627254509018;0.4166666666666667;10;False
5314;5315;3.1462925851703405;0.4166666666666667;10;False
5315;5316;3.156312625250501;0.4166666666666667;10;False
5316;5317;3.1663326653306614;0.4166666666666667;10;False
5317;5318;3.1763527054108214;0.4166666666666667;10;False
5318;5319;3.186372745490982;0.4166666666666667;10;False
5319;5320;3.1963927855711423;0.4166666666666667;10;False
5320;5321;3.2064128256513023;0.4166666666666667;10;False
5321;5322;3.2164328657314627;0.4166666666666667;10;False
5322;5323;3.226452905811623;0.4166666666666667;10;False
5323;5324;3.2364729458917836;0.4166666666666667;10;False
5324;5325;3.2464929859719436;0.4166666666666667;10;False
5325;5326;3.256513026052104;0.4166666666666667;10;False
5326;5327;3.2665330661322645;0.4166666666666667;10;False
5327;5328;3.276553106212425;0.4166666666666667;10;False
5328;5329;3.286573146292585;0.4166666666666667;10;False
5329;5330;3.2965931863727453;0.4166666666666667;10;False
5330;5331;3.306613226452906;0.4166666666666667;10;False
5331;5332;3.316633266533066;0.4166666666666667;10;False
5332;5333;3.3266533066132262;0.4166666666666667;10;False
5333;5334;3.3366733466933867;0.4166666666666667;10;False
5334;5335;3.346693386773547;0.4166666666666667;10;False
5335;5336;3.356713426853707;0.4166666666666667;10;False
5336;5337;3.3667334669338675;0.4166666666666667;10;False
5337;5338;3.376753507014028;0.4166666666666667;10;False
5338;5339;3.3867735470941884;0.4166666666666667;10;False
5339;5340;3.3967935871743484;0.4166666666666667;10;False
5340;5341;3.406813627254509;0.4166666666666667;10;False
5341;5342;3.4168336673346693;0.4166666666666667;10;False
5342;5343;3.4268537074148293;0.4166666666666667;10;False
5343;5344;3.4368737474949898;0.4166666666666667;10;False
5344;5345;3.44689378757515;0.4166666666666667;10;False
5345;5346;3.4569138276553106;0.4166666666666667;10;False
5346;5347;3.4669338677354706;0.4166666666666667;10;False
5347;5348;3.476953907815631;0.4166666666666667;10;False
5348;5349;3.4869739478957915;0.4166666666666667;10;False
5349;5350;3.496993987975952;0.4166666666666667;10;False
5350;5351;3.507014028056112;0.4166666666666667;10;False
5351;5352;3.5170340681362724;0.4166666666666667;10;False
5352;5353;3.527054108216433;0.4166666666666667;10;False
5353;5354;3.537074148296593;0.4166666666666667;10;False
5354;5355;3.5470941883767533;0.4166666666666667;10;False
5355;5356;3.5571142284569137;0.4166666666666667;10;False
5356;5357;3.567134268537074;0.4166666666666667;10;False
5357;5358;3.577154308617234;0.4166666666666667;10;False
5358;5359;3.5871743486973946;0.4166666666666667;10;False
5359;5360;3.597194388777555;0.4166666666666667;10;False
5360;5361;3.6072144288577155;0.4166666666666667;10;False
5361;5362;3.6172344689378755;0.4166666666666667;10;False
5362;5363;3.627254509018036;0.4166666666666667;10;False
5363;5364;3.6372745490981964;0.4166666666666667;10;False
5364;5365;3.6472945891783564;0.4166666666666667;10;False
5365;5366;3.657314629258517;0.4166666666666667;10;False
5366;5367;3.6673346693386772;0.4166666666666667;10;False
5367;5368;3.6773547094188377;0.4166666666666667;10;False
5368;5369;3.6873747494989977;0.4166666666666667;10;False
5369;5370;3.697394789579158;0.4166666666666667;10;False
5370;5371;3.7074148296593186;0.4166666666666667;10;False
5371;5372;3.717434869739479;0.4166666666666667;10;False
5372;5373;3.727454909819639;0.4166666666666667;10;False
5373;5374;3.7374749498997994;0.4166666666666667;10;False
5374;5375;3.74749498997996;0.4166666666666667;10;False
5375;5376;3.75751503006012;0.4166666666666667;10;False
5376;5377;3.7675350701402803;0.4166666666666667;10;False
5377;5378;3.7775551102204408;0.4166666666666667;10;False
5378;5379;3.787575150300601;0.4166666666666667;10;False
5379;5380;3.797595190380761;0.4166666666666667;10;False
5380;5381;3.8076152304609217;0.4166666666666667;10;False
5381;5382;3.817635270541082;0.4166666666666667;10;False
5382;5383;3.8276553106212425;0.4166666666666667;10;False
5383;5384;3.8376753507014025;0.4166666666666667;10;False
5384;5385;3.847695390781563;0.4166666666666667;10;False
5385;5386;3.8577154308617234;0.4166666666666667;10;False
5386;5387;3.8677354709418834;0.4166666666666667;10;False
5387;5388;3.877755511022044;0.4166666666666667;10;False
5388;5389;3.8877755511022043;0.4166666666666667;10;False
5389;5390;3.8977955911823647;0.4166666666666667;10;False
5390;5391;3.9078156312625247;0.4166666666666667;10;False
5391;5392;3.917835671342685;0.4166666666666667;10;False
5392;5393;3.9278557114228456;0.4166666666666667;10;False
5393;5394;3.937875751503006;0.4166666666666667;10;False
5394;5395;3.947895791583166;0.4166666666666667;10;False
5395;5396;3.9579158316633265;0.4166666666666667;10;False
5396;5397;3.967935871743487;0.4166666666666667;10;False
5397;5398;3.977955911823647;0.4166666666666667;10;False
5398;5399;3.9879759519038074;0.4166666666666667;10;False
5399;5400;3.997995991983968;0.4166666666666667;10;False
5400;5401;4.008016032064128;0.4166666666666667;10;False
5401;5402;4.018036072144288;0.4166666666666667;10;False
5402;5403;4.028056112224449;0.4166666666666667;10;False
5403;5404;4.038076152304609;0.4166666666666667;10;False
5404;5405;4.04809619238477;0.4166666666666667;10;False
5405;5406;4.05811623246493;0.4166666666666667;10;False
5406;5407;4.06813627254509;0.4166666666666667;10;False
5407;5408;4.07815631262525;0.4166666666666667;10;False
5408;5409;4.0881763527054105;0.4166666666666667;10;False
5409;5410;4.098196392785571;0.4166666666666667;10;False
5410;5411;4.108216432865731;0.4166666666666667;10;False
5411;5412;4.118236472945892;0.4166666666666667;10;False
5412;5413;4.128256513026052;0.4166666666666667;10;False
5413;5414;4.138276553106213;0.4166666666666667;10;False
5414;5415;4.148296593186372;0.4166666666666667;10;False
5415;5416;4.158316633266533;0.4166666666666667;10;False
5416;5417;4.168336673346693;0.4166666666666667;10;False
5417;5418;4.1783567134268536;0.4166666666666667;10;False
5418;5419;4.188376753507014;0.4166666666666667;10;False
5419;5420;4.198396793587174;0.4166666666666667;10;False
5420;5421;4.208416833667335;0.4166666666666667;10;False
5421;5422;4.218436873747494;0.4166666666666667;10;False
5422;5423;4.228456913827655;0.4166666666666667;10;False
5423;5424;4.238476953907815;0.4166666666666667;10;False
5424;5425;4.248496993987976;0.4166666666666667;10;False
5425;5426;4.258517034068136;0.4166666666666667;10;False
5426;5427;4.268537074148297;0.4166666666666667;10;False
5427;5428;4.278557114228457;0.4166666666666667;10;False
5428;5429;4.288577154308617;0.4166666666666667;10;False
5429;5430;4.298597194388777;0.4166666666666667;10;False
5430;5431;4.3086172344689375;0.4166666666666667;10;False
5431;5432;4.318637274549098;0.4166666666666667;10;False
5432;5433;4.328657314629258;0.4166666666666667;10;False
5433;5434;4.338677354709419;0.4166666666666667;10;False
5434;5435;4.348697394789579;0.4166666666666667;10;False
5435;5436;4.35871743486974;0.4166666666666667;10;False
5436;5437;4.368737474949899;0.4166666666666667;10;False
5437;5438;4.37875751503006;0.4166666666666667;10;False
5438;5439;4.38877755511022;0.4166666666666667;10;False
5439;5440;4.398797595190381;0.4166666666666667;10;False
5440;5441;4.408817635270541;0.4166666666666667;10;False
5441;5442;4.4188376753507015;0.4166666666666667;10;False
5442;5443;4.428857715430862;0.4166666666666667;10;False
5443;5444;4.4388777555110215;0.4166666666666667;10;False
5444;5445;4.448897795591182;0.4166666666666667;10;False
5445;5446;4.458917835671342;0.4166666666666667;10;False
5446;5447;4.468937875751503;0.4166666666666667;10;False
5447;5448;4.478957915831663;0.4166666666666667;10;False
5448;5449;4.488977955911824;0.4166666666666667;10;False
5449;5450;4.498997995991984;0.4166666666666667;10;False
5450;5451;4.509018036072144;0.4166666666666667;10;False
5451;5452;4.519038076152304;0.4166666666666667;10;False
5452;5453;4.529058116232465;0.4166666666666667;10;False
5453;5454;4.539078156312625;0.4166666666666667;10;False
5454;5455;4.5490981963927855;0.4166666666666667;10;False
5455;5456;4.559118236472946;0.4166666666666667;10;False
5456;5457;4.569138276553106;0.4166666666666667;10;False
5457;5458;4.579158316633267;0.4166666666666667;10;False
5458;5459;4.589178356713426;0.4166666666666667;10;False
5459;5460;4.599198396793587;0.4166666666666667;10;False
5460;5461;4.609218436873747;0.4166666666666667;10;False
5461;5462;4.619238476953908;0.4166666666666667;10;False
5462;5463;4.629258517034068;0.4166666666666667;10;False
5463;5464;4.6392785571142285;0.4166666666666667;10;False
5464;5465;4.649298597194389;0.4166666666666667;10;False
5465;5466;4.6593186372745485;0.4166666666666667;10;False
5466;5467;4.669338677354709;0.4166666666666667;10;False
5467;5468;4.679358717434869;0.4166666666666667;10;False
5468;5469;4.68937875751503;0.4166666666666667;10;False
5469;5470;4.69939879759519;0.4166666666666667;10;False
5470;5471;4.709418837675351;0.4166666666666667;10;False
5471;5472;4.719438877755511;0.4166666666666667;10;False
5472;5473;4.729458917835671;0.4166666666666667;10;False
5473;5474;4.739478957915831;0.4166666666666667;10;False
5474;5475;4.749498997995992;0.4166666666666667;10;False
5475;5476;4.759519038076152;0.4166666666666667;10;False
5476;5477;4.7695390781563125;0.4166666666666667;10;False
5477;5478;4.779559118236473;0.4166666666666667;10;False
5478;5479;4.789579158316633;0.4166666666666667;10;False
5479;5480;4.799599198396794;0.4166666666666667;10;False
5480;5481;4.809619238476953;0.4166666666666667;10;False
5481;5482;4.819639278557114;0.4166666666666667;10;False
5482;5483;4.829659318637274;0.4166666666666667;10;False
5483;5484;4.839679358717435;0.4166666666666667;10;False
5484;5485;4.849699398797595;0.4166666666666667;10;False
5485;5486;4.859719438877756;0.4166666666666667;10;False
5486;5487;4.869739478957916;0.4166666666666667;10;False
5487;5488;4.879759519038076;0.4166666666666667;10;False
5488;5489;4.889779559118236;0.4166666666666667;10;False
5489;5490;4.8997995991983965;0.4166666666666667;10;False
5490;5491;4.909819639278557;0.4166666666666667;10;False
5491;5492;4.919839679358717;0.4166666666666667;10;False
5492;5493;4.929859719438878;0.4166666666666667;10;False
5493;5494;4.939879759519038;0.4166666666666667;10;False
5494;5495;4.949899799599198;0.4166666666666667;10;False
5495;5496;4.959919839679358;0.4166666666666667;10;False
5496;5497;4.969939879759519;0.4166666666666667;10;False
5497;5498;4.979959919839679;0.4166666666666667;10;False
5498;5499;4.98997995991984;0.4166666666666667;10;False
5499;5500;5.0;0.4166666666666667;10;False
5500;5501;0.0;0.4583333333333333;11;False
5501;5502;0.01002004008016032;0.4583333333333333;11;False
5502;5503;0.02004008016032064;0.4583333333333333;11;False
5503;5504;0.03006012024048096;0.4583333333333333;11;False
5504;5505;0.04008016032064128;0.4583333333333333;11;False
5505;5506;0.0501002004008016;0.4583333333333333;11;False
5506;5507;0.06012024048096192;0.4583333333333333;11;False
5507;5508;0.07014028056112225;0.4583333333333333;11;False
5508;5509;0.08016032064128256;0.4583333333333333;11;False
5509;5510;0.09018036072144288;0.4583333333333333;11;False
5510;5511;0.1002004008016032;0.4583333333333333;11;False
5511;5512;0.11022044088176353;0.4583333333333333;11;False
5512;5513;0.12024048096192384;0.4583333333333333;11;False
5513;5514;0.13026052104208416;0.4583333333333333;11;False
5514;5515;0.1402805611222445;0.4583333333333333;11;False
5515;5516;0.1503006012024048;0.4583333333333333;11;False
5516;5517;0.16032064128256512;0.4583333333333333;11;False
5517;5518;0.17034068136272545;0.4583333333333333;11;False
5518;5519;0.18036072144288576;0.4583333333333333;11;False
5519;5520;0.1903807615230461;0.4583333333333333;11;False
5520;5521;0.2004008016032064;0.4583333333333333;11;False
5521;5522;0.21042084168336672;0.4583333333333333;11;False
5522;5523;0.22044088176352705;0.4583333333333333;11;False
5523;5524;0.23046092184368736;0.4583333333333333;11;False
5524;5525;0.24048096192384769;0.4583333333333333;11;False
5525;5526;0.250501002004008;0.4583333333333333;11;False
5526;5527;0.2605210420841683;0.4583333333333333;11;False
5527;5528;0.27054108216432865;0.4583333333333333;11;False
5528;5529;0.280561122244489;0.4583333333333333;11;False
5529;5530;0.2905811623246493;0.4583333333333333;11;False
5530;5531;0.3006012024048096;0.4583333333333333;11;False
5531;5532;0.3106212424849699;0.4583333333333333;11;False
5532;5533;0.32064128256513025;0.4583333333333333;11;False
5533;5534;0.3306613226452906;0.4583333333333333;11;False
5534;5535;0.3406813627254509;0.4583333333333333;11;False
5535;5536;0.3507014028056112;0.4583333333333333;11;False
5536;5537;0.3607214428857715;0.4583333333333333;11;False
5537;5538;0.37074148296593185;0.4583333333333333;11;False
5538;5539;0.3807615230460922;0.4583333333333333;11;False
5539;5540;0.3907815631262525;0.4583333333333333;11;False
5540;5541;0.4008016032064128;0.4583333333333333;11;False
5541;5542;0.4108216432865731;0.4583333333333333;11;False
5542;5543;0.42084168336673344;0.4583333333333333;11;False
5543;5544;0.4308617234468938;0.4583333333333333;11;False
5544;5545;0.4408817635270541;0.4583333333333333;11;False
5545;5546;0.45090180360721444;0.4583333333333333;11;False
5546;5547;0.4609218436873747;0.4583333333333333;11;False
5547;5548;0.47094188376753504;0.4583333333333333;11;False
5548;5549;0.48096192384769537;0.4583333333333333;11;False
5549;5550;0.4909819639278557;0.4583333333333333;11;False
5550;5551;0.501002004008016;0.4583333333333333;11;False
5551;5552;0.5110220440881763;0.4583333333333333;11;False
5552;5553;0.5210420841683366;0.4583333333333333;11;False
5553;5554;0.531062124248497;0.4583333333333333;11;False
5554;5555;0.5410821643286573;0.4583333333333333;11;False
5555;5556;0.5511022044088176;0.4583333333333333;11;False
5556;5557;0.561122244488978;0.4583333333333333;11;False
5557;5558;0.5711422845691383;0.4583333333333333;11;False
5558;5559;0.5811623246492986;0.4583333333333333;11;False
5559;5560;0.5911823647294588;0.4583333333333333;11;False
5560;5561;0.6012024048096192;0.4583333333333333;11;False
5561;5562;0.6112224448897795;0.4583333333333333;11;False
5562;5563;0.6212424849699398;0.4583333333333333;11;False
5563;5564;0.6312625250501002;0.4583333333333333;11;False
5564;5565;0.6412825651302605;0.4583333333333333;11;False
5565;5566;0.6513026052104208;0.4583333333333333;11;False
5566;5567;0.6613226452905812;0.4583333333333333;11;False
5567;5568;0.6713426853707415;0.4583333333333333;11;False
5568;5569;0.6813627254509018;0.4583333333333333;11;False
5569;5570;0.6913827655310621;0.4583333333333333;11;False
5570;5571;0.7014028056112224;0.4583333333333333;11;False
5571;5572;0.7114228456913827;0.4583333333333333;11;False
5572;5573;0.721442885771543;0.4583333333333333;11;False
5573;5574;0.7314629258517034;0.4583333333333333;11;False
5574;5575;0.7414829659318637;0.4583333333333333;11;False
5575;5576;0.751503006012024;0.4583333333333333;11;False
5576;5577;0.7615230460921844;0.4583333333333333;11;False
5577;5578;0.7715430861723447;0.4583333333333333;11;False
5578;5579;0.781563126252505;0.4583333333333333;11;False
5579;5580;0.7915831663326653;0.4583333333333333;11;False
5580;5581;0.8016032064128256;0.4583333333333333;11;False
5581;5582;0.8116232464929859;0.4583333333333333;11;False
5582;5583;0.8216432865731462;0.4583333333333333;11;False
5583;5584;0.8316633266533066;0.4583333333333333;11;False
5584;5585;0.8416833667334669;0.4583333333333333;11;False
5585;5586;0.8517034068136272;0.4583333333333333;11;False
5586;5587;0.8617234468937875;0.4583333333333333;11;False
5587;5588;0.8717434869739479;0.4583333333333333;11;False
5588;5589;0.8817635270541082;0.4583333333333333;11;False
5589;5590;0.8917835671342685;0.4583333333333333;11;False
5590;5591;0.9018036072144289;0.4583333333333333;11;False
5591;5592;0.9118236472945891;0.4583333333333333;11;False
5592;5593;0.9218436873747494;0.4583333333333333;11;False
5593;5594;0.9318637274549098;0.4583333333333333;11;False
5594;5595;0.9418837675350701;0.4583333333333333;11;False
5595;5596;0.9519038076152304;0.4583333333333333;11;False
5596;5597;0.9619238476953907;0.4583333333333333;11;False
5597;5598;0.9719438877755511;0.4583333333333333;11;False
5598;5599;0.9819639278557114;0.4583333333333333;11;False
5599;5600;0.9919839679358717;0.4583333333333333;11;False
5600;5601;1.002004008016032;0.4583333333333333;11;False
5601;5602;1.0120240480961924;0.4583333333333333;11;False
5602;5603;1.0220440881763526;0.4583333333333333;11;False
5603;5604;1.032064128256513;0.4583333333333333;11;False
5604;5605;1.0420841683366733;0.4583333333333333;11;False
5605;5606;1.0521042084168337;0.4583333333333333;11;False
5606;5607;1.062124248496994;0.4583333333333333;11;False
5607;5608;1.0721442885771542;0.4583333333333333;11;False
5608;5609;1.0821643286573146;0.4583333333333333;11;False
5609;5610;1.0921843687374748;0.4583333333333333;11;False
5610;5611;1.1022044088176353;0.4583333333333333;11;False
5611;5612;1.1122244488977955;0.4583333333333333;11;False
5612;5613;1.122244488977956;0.4583333333333333;11;False
5613;5614;1.1322645290581161;0.4583333333333333;11;False
5614;5615;1.1422845691382766;0.4583333333333333;11;False
5615;5616;1.1523046092184368;0.4583333333333333;11;False
5616;5617;1.1623246492985972;0.4583333333333333;11;False
5617;5618;1.1723446893787575;0.4583333333333333;11;False
5618;5619;1.1823647294589177;0.4583333333333333;11;False
5619;5620;1.1923847695390781;0.4583333333333333;11;False
5620;5621;1.2024048096192383;0.4583333333333333;11;False
5621;5622;1.2124248496993988;0.4583333333333333;11;False
5622;5623;1.222444889779559;0.4583333333333333;11;False
5623;5624;1.2324649298597194;0.4583333333333333;11;False
5624;5625;1.2424849699398797;0.4583333333333333;11;False
5625;5626;1.25250501002004;0.4583333333333333;11;False
5626;5627;1.2625250501002003;0.4583333333333333;11;False
5627;5628;1.2725450901803608;0.4583333333333333;11;False
5628;5629;1.282565130260521;0.4583333333333333;11;False
5629;5630;1.2925851703406812;0.4583333333333333;11;False
5630;5631;1.3026052104208417;0.4583333333333333;11;False
5631;5632;1.3126252505010019;0.4583333333333333;11;False
5632;5633;1.3226452905811623;0.4583333333333333;11;False
5633;5634;1.3326653306613225;0.4583333333333333;11;False
5634;5635;1.342685370741483;0.4583333333333333;11;False
5635;5636;1.3527054108216432;0.4583333333333333;11;False
5636;5637;1.3627254509018036;0.4583333333333333;11;False
5637;5638;1.3727454909819639;0.4583333333333333;11;False
5638;5639;1.3827655310621243;0.4583333333333333;11;False
5639;5640;1.3927855711422845;0.4583333333333333;11;False
5640;5641;1.4028056112224447;0.4583333333333333;11;False
5641;5642;1.4128256513026052;0.4583333333333333;11;False
5642;5643;1.4228456913827654;0.4583333333333333;11;False
5643;5644;1.4328657314629258;0.4583333333333333;11;False
5644;5645;1.442885771543086;0.4583333333333333;11;False
5645;5646;1.4529058116232465;0.4583333333333333;11;False
5646;5647;1.4629258517034067;0.4583333333333333;11;False
5647;5648;1.4729458917835672;0.4583333333333333;11;False
5648;5649;1.4829659318637274;0.4583333333333333;11;False
5649;5650;1.4929859719438878;0.4583333333333333;11;False
5650;5651;1.503006012024048;0.4583333333333333;11;False
5651;5652;1.5130260521042083;0.4583333333333333;11;False
5652;5653;1.5230460921843687;0.4583333333333333;11;False
5653;5654;1.533066132264529;0.4583333333333333;11;False
5654;5655;1.5430861723446894;0.4583333333333333;11;False
5655;5656;1.5531062124248496;0.4583333333333333;11;False
5656;5657;1.56312625250501;0.4583333333333333;11;False
5657;5658;1.5731462925851702;0.4583333333333333;11;False
5658;5659;1.5831663326653307;0.4583333333333333;11;False
5659;5660;1.593186372745491;0.4583333333333333;11;False
5660;5661;1.6032064128256511;0.4583333333333333;11;False
5661;5662;1.6132264529058116;0.4583333333333333;11;False
5662;5663;1.6232464929859718;0.4583333333333333;11;False
5663;5664;1.6332665330661322;0.4583333333333333;11;False
5664;5665;1.6432865731462925;0.4583333333333333;11;False
5665;5666;1.653306613226453;0.4583333333333333;11;False
5666;5667;1.6633266533066131;0.4583333333333333;11;False
5667;5668;1.6733466933867736;0.4583333333333333;11;False
5668;5669;1.6833667334669338;0.4583333333333333;11;False
5669;5670;1.6933867735470942;0.4583333333333333;11;False
5670;5671;1.7034068136272544;0.4583333333333333;11;False
5671;5672;1.7134268537074147;0.4583333333333333;11;False
5672;5673;1.723446893787575;0.4583333333333333;11;False
5673;5674;1.7334669338677353;0.4583333333333333;11;False
5674;5675;1.7434869739478958;0.4583333333333333;11;False
5675;5676;1.753507014028056;0.4583333333333333;11;False
5676;5677;1.7635270541082164;0.4583333333333333;11;False
5677;5678;1.7735470941883766;0.4583333333333333;11;False
5678;5679;1.783567134268537;0.4583333333333333;11;False
5679;5680;1.7935871743486973;0.4583333333333333;11;False
5680;5681;1.8036072144288577;0.4583333333333333;11;False
5681;5682;1.813627254509018;0.4583333333333333;11;False
5682;5683;1.8236472945891782;0.4583333333333333;11;False
5683;5684;1.8336673346693386;0.4583333333333333;11;False
5684;5685;1.8436873747494988;0.4583333333333333;11;False
5685;5686;1.8537074148296593;0.4583333333333333;11;False
5686;5687;1.8637274549098195;0.4583333333333333;11;False
5687;5688;1.87374749498998;0.4583333333333333;11;False
5688;5689;1.8837675350701402;0.4583333333333333;11;False
5689;5690;1.8937875751503006;0.4583333333333333;11;False
5690;5691;1.9038076152304608;0.4583333333333333;11;False
5691;5692;1.9138276553106213;0.4583333333333333;11;False
5692;5693;1.9238476953907815;0.4583333333333333;11;False
5693;5694;1.9338677354709417;0.4583333333333333;11;False
5694;5695;1.9438877755511021;0.4583333333333333;11;False
5695;5696;1.9539078156312624;0.4583333333333333;11;False
5696;5697;1.9639278557114228;0.4583333333333333;11;False
5697;5698;1.973947895791583;0.4583333333333333;11;False
5698;5699;1.9839679358717435;0.4583333333333333;11;False
5699;5700;1.9939879759519037;0.4583333333333333;11;False
5700;5701;2.004008016032064;0.4583333333333333;11;False
5701;5702;2.0140280561122244;0.4583333333333333;11;False
5702;5703;2.024048096192385;0.4583333333333333;11;False
5703;5704;2.034068136272545;0.4583333333333333;11;False
5704;5705;2.0440881763527052;0.4583333333333333;11;False
5705;5706;2.0541082164328657;0.4583333333333333;11;False
5706;5707;2.064128256513026;0.4583333333333333;11;False
5707;5708;2.074148296593186;0.4583333333333333;11;False
5708;5709;2.0841683366733466;0.4583333333333333;11;False
5709;5710;2.094188376753507;0.4583333333333333;11;False
5710;5711;2.1042084168336674;0.4583333333333333;11;False
5711;5712;2.1142284569138274;0.4583333333333333;11;False
5712;5713;2.124248496993988;0.4583333333333333;11;False
5713;5714;2.1342685370741483;0.4583333333333333;11;False
5714;5715;2.1442885771543083;0.4583333333333333;11;False
5715;5716;2.1543086172344688;0.4583333333333333;11;False
5716;5717;2.164328657314629;0.4583333333333333;11;False
5717;5718;2.1743486973947896;0.4583333333333333;11;False
5718;5719;2.1843687374749496;0.4583333333333333;11;False
5719;5720;2.19438877755511;0.4583333333333333;11;False
5720;5721;2.2044088176352705;0.4583333333333333;11;False
5721;5722;2.214428857715431;0.4583333333333333;11;False
5722;5723;2.224448897795591;0.4583333333333333;11;False
5723;5724;2.2344689378757514;0.4583333333333333;11;False
5724;5725;2.244488977955912;0.4583333333333333;11;False
5725;5726;2.254509018036072;0.4583119351839016;11;False
5726;5727;2.2645290581162323;0.4581117196164036;11;False
5727;5728;2.2745490981963927;0.4577038958877851;11;False
5728;5729;2.284569138276553;0.45709492139164787;11;False
5729;5730;2.294589178356713;0.4562944384997793;11;False
5730;5731;2.3046092184368736;0.4553151218869017;11;False
5731;5732;2.314629258517034;0.4541724778425868;11;False
5732;5733;2.3246492985971945;0.45288459874798637;11;False
5733;5734;2.3346693386773545;0.45147187660494287;11;False
5734;5735;2.344689378757515;0.4499566801533983;11;False
5735;5736;2.3547094188376754;0.4483630006895551;11;False
5736;5737;2.3647294589178354;0.4467160721928291;11;False
5737;5738;2.374749498997996;0.4450419717764215;11;False
5738;5739;2.3847695390781563;0.4433672067878924;11;False
5739;5740;2.3947895791583167;0.44171829509749455;11;False
5740;5741;2.4048096192384767;0.4401213452198933;11;False
5741;5742;2.414829659318637;0.4386016429175356;11;False
5742;5743;2.4248496993987976;0.4371832508313009;11;False
5743;5744;2.434869739478958;0.4358886274777978;11;False
5744;5745;2.444889779559118;0.4347382716460202;11;False
5745;5746;2.4549098196392785;0.4337503978239115;11;False
5746;5747;2.464929859719439;0.4329406477940621;11;False
5747;5748;2.474949899799599;0.43232184296507314;11;False
5748;5749;2.4849699398797593;0.4319037813601175;11;False
5749;5750;2.49498997995992;0.431693082477139;11;False
5750;5751;2.50501002004008;0.431693082477139;11;False
5751;5752;2.51503006012024;0.4319037813601175;11;False
5752;5753;2.5250501002004007;0.4323218429650731;11;False
5753;5754;2.535070140280561;0.4329406477940621;11;False
5754;5755;2.5450901803607215;0.4337503978239115;11;False
5755;5756;2.5551102204408815;0.43473827164602014;11;False
5756;5757;2.565130260521042;0.4358886274777978;11;False
5757;5758;2.5751503006012024;0.4371832508313009;11;False
5758;5759;2.5851703406813624;0.4386016429175355;11;False
5759;5760;2.595190380761523;0.44012134521989327;11;False
5760;5761;2.6052104208416833;0.44171829509749455;11;False
5761;5762;2.6152304609218437;0.4433672067878924;11;False
5762;5763;2.6252505010020037;0.4450419717764214;11;False
5763;5764;2.635270541082164;0.446716072192829;11;False
5764;5765;2.6452905811623246;0.4483630006895551;11;False
5765;5766;2.655310621242485;0.4499566801533983;11;False
5766;5767;2.665330661322645;0.4514718766049428;11;False
5767;5768;2.6753507014028055;0.45288459874798637;11;False
5768;5769;2.685370741482966;0.4541724778425868;11;False
5769;5770;2.695390781563126;0.45531512188690165;11;False
5770;5771;2.7054108216432864;0.4562944384997793;11;False
5771;5772;2.715430861723447;0.45709492139164787;11;False
5772;5773;2.7254509018036073;0.4577038958877851;11;False
5773;5774;2.7354709418837673;0.4581117196164036;11;False
5774;5775;2.7454909819639277;0.4583119351839016;11;False
5775;5776;2.755511022044088;0.4583333333333333;11;False
5776;5777;2.7655310621242486;0.4583333333333333;11;False
5777;5778;2.7755511022044086;0.4583333333333333;11;False
5778;5779;2.785571142284569;0.4583333333333333;11;False
5779;5780;2.7955911823647295;0.4583333333333333;11;False
5780;5781;2.8056112224448895;0.4583333333333333;11;False
5781;5782;2.81563126252505;0.4583333333333333;11;False
5782;5783;2.8256513026052104;0.4583333333333333;11;False
5783;5784;2.835671342685371;0.4583333333333333;11;False
5784;5785;2.845691382765531;0.4583333333333333;11;False
5785;5786;2.8557114228456912;0.4583333333333333;11;False
5786;5787;2.8657314629258517;0.4583333333333333;11;False
5787;5788;2.875751503006012;0.4583333333333333;11;False
5788;5789;2.885771543086172;0.4583333333333333;11;False
5789;5790;2.8957915831663326;0.4583333333333333;11;False
5790;5791;2.905811623246493;0.4583333333333333;11;False
5791;5792;2.915831663326653;0.4583333333333333;11;False
5792;5793;2.9258517034068134;0.4583333333333333;11;False
5793;5794;2.935871743486974;0.4583333333333333;11;False
5794;5795;2.9458917835671343;0.4583333333333333;11;False
5795;5796;2.9559118236472943;0.4583333333333333;11;False
5796;5797;2.9659318637274548;0.4583333333333333;11;False
5797;5798;2.975951903807615;0.4583333333333333;11;False
5798;5799;2.9859719438877756;0.4583333333333333;11;False
5799;5800;2.9959919839679356;0.4583333333333333;11;False
5800;5801;3.006012024048096;0.4583333333333333;11;False
5801;5802;3.0160320641282565;0.4583333333333333;11;False
5802;5803;3.0260521042084165;0.4583333333333333;11;False
5803;5804;3.036072144288577;0.4583333333333333;11;False
5804;5805;3.0460921843687374;0.4583333333333333;11;False
5805;5806;3.056112224448898;0.4583333333333333;11;False
5806;5807;3.066132264529058;0.4583333333333333;11;False
5807;5808;3.0761523046092183;0.4583333333333333;11;False
5808;5809;3.0861723446893787;0.4583333333333333;11;False
5809;5810;3.096192384769539;0.4583333333333333;11;False
5810;5811;3.106212424849699;0.4583333333333333;11;False
5811;5812;3.1162324649298596;0.4583333333333333;11;False
5812;5813;3.12625250501002;0.4583333333333333;11;False
5813;5814;3.13627254509018;0.4583333333333333;11;False
5814;5815;3.1462925851703405;0.4583333333333333;11;False
5815;5816;3.156312625250501;0.4583333333333333;11;False
5816;5817;3.1663326653306614;0.4583333333333333;11;False
5817;5818;3.1763527054108214;0.4583333333333333;11;False
5818;5819;3.186372745490982;0.4583333333333333;11;False
5819;5820;3.1963927855711423;0.4583333333333333;11;False
5820;5821;3.2064128256513023;0.4583333333333333;11;False
5821;5822;3.2164328657314627;0.4583333333333333;11;False
5822;5823;3.226452905811623;0.4583333333333333;11;False
5823;5824;3.2364729458917836;0.4583333333333333;11;False
5824;5825;3.2464929859719436;0.4583333333333333;11;False
5825;5826;3.256513026052104;0.4583333333333333;11;False
5826;5827;3.2665330661322645;0.4583333333333333;11;False
5827;5828;3.276553106212425;0.4583333333333333;11;False
5828;5829;3.286573146292585;0.4583333333333333;11;False
5829;5830;3.2965931863727453;0.4583333333333333;11;False
5830;5831;3.306613226452906;0.4583333333333333;11;False
5831;5832;3.316633266533066;0.4583333333333333;11;False
5832;5833;3.3266533066132262;0.4583333333333333;11;False
5833;5834;3.3366733466933867;0.4583333333333333;11;False
5834;5835;3.346693386773547;0.4583333333333333;11;False
5835;5836;3.356713426853707;0.4583333333333333;11;False
5836;5837;3.3667334669338675;0.4583333333333333;11;False
5837;5838;3.376753507014028;0.4583333333333333;11;False
5838;5839;3.3867735470941884;0.4583333333333333;11;False
5839;5840;3.3967935871743484;0.4583333333333333;11;False
5840;5841;3.406813627254509;0.4583333333333333;11;False
5841;5842;3.4168336673346693;0.4583333333333333;11;False
5842;5843;3.4268537074148293;0.4583333333333333;11;False
5843;5844;3.4368737474949898;0.4583333333333333;11;False
5844;5845;3.44689378757515;0.4583333333333333;11;False
5845;5846;3.4569138276553106;0.4583333333333333;11;False
5846;5847;3.4669338677354706;0.4583333333333333;11;False
5847;5848;3.476953907815631;0.4583333333333333;11;False
5848;5849;3.4869739478957915;0.4583333333333333;11;False
5849;5850;3.496993987975952;0.4583333333333333;11;False
5850;5851;3.507014028056112;0.4583333333333333;11;False
5851;5852;3.5170340681362724;0.4583333333333333;11;False
5852;5853;3.527054108216433;0.4583333333333333;11;False
5853;5854;3.537074148296593;0.4583333333333333;11;False
5854;5855;3.5470941883767533;0.4583333333333333;11;False
5855;5856;3.5571142284569137;0.4583333333333333;11;False
5856;5857;3.567134268537074;0.4583333333333333;11;False
5857;5858;3.577154308617234;0.4583333333333333;11;False
5858;5859;3.5871743486973946;0.4583333333333333;11;False
5859;5860;3.597194388777555;0.4583333333333333;11;False
5860;5861;3.6072144288577155;0.4583333333333333;11;False
5861;5862;3.6172344689378755;0.4583333333333333;11;False
5862;5863;3.627254509018036;0.4583333333333333;11;False
5863;5864;3.6372745490981964;0.4583333333333333;11;False
5864;5865;3.6472945891783564;0.4583333333333333;11;False
5865;5866;3.657314629258517;0.4583333333333333;11;False
5866;5867;3.6673346693386772;0.4583333333333333;11;False
5867;5868;3.6773547094188377;0.4583333333333333;11;False
5868;5869;3.6873747494989977;0.4583333333333333;11;False
5869;5870;3.697394789579158;0.4583333333333333;11;False
5870;5871;3.7074148296593186;0.4583333333333333;11;False
5871;5872;3.717434869739479;0.4583333333333333;11;False
5872;5873;3.727454909819639;0.4583333333333333;11;False
5873;5874;3.7374749498997994;0.4583333333333333;11;False
5874;5875;3.74749498997996;0.4583333333333333;11;False
5875;5876;3.75751503006012;0.4583333333333333;11;False
5876;5877;3.7675350701402803;0.4583333333333333;11;False
5877;5878;3.7775551102204408;0.4583333333333333;11;False
5878;5879;3.787575150300601;0.4583333333333333;11;False
5879;5880;3.797595190380761;0.4583333333333333;11;False
5880;5881;3.8076152304609217;0.4583333333333333;11;False
5881;5882;3.817635270541082;0.4583333333333333;11;False
5882;5883;3.8276553106212425;0.4583333333333333;11;False
5883;5884;3.8376753507014025;0.4583333333333333;11;False
5884;5885;3.847695390781563;0.4583333333333333;11;False
5885;5886;3.8577154308617234;0.4583333333333333;11;False
5886;5887;3.8677354709418834;0.4583333333333333;11;False
5887;5888;3.877755511022044;0.4583333333333333;11;False
5888;5889;3.8877755511022043;0.4583333333333333;11;False
5889;5890;3.8977955911823647;0.4583333333333333;11;False
5890;5891;3.9078156312625247;0.4583333333333333;11;False
5891;5892;3.917835671342685;0.4583333333333333;11;False
5892;5893;3.9278557114228456;0.4583333333333333;11;False
5893;5894;3.937875751503006;0.4583333333333333;11;False
5894;5895;3.947895791583166;0.4583333333333333;11;False
5895;5896;3.9579158316633265;0.4583333333333333;11;False
5896;5897;3.967935871743487;0.4583333333333333;11;False
5897;5898;3.977955911823647;0.4583333333333333;11;False
5898;5899;3.9879759519038074;0.4583333333333333;11;False
5899;5900;3.997995991983968;0.4583333333333333;11;False
5900;5901;4.008016032064128;0.4583333333333333;11;False
5901;5902;4.018036072144288;0.4583333333333333;11;False
5902;5903;4.028056112224449;0.4583333333333333;11;False
5903;5904;4.038076152304609;0.4583333333333333;11;False
5904;5905;4.04809619238477;0.4583333333333333;11;False
5905;5906;4.05811623246493;0.4583333333333333;11;False
5906;5907;4.06813627254509;0.4583333333333333;11;False
5907;5908;4.07815631262525;0.4583333333333333;11;False
5908;5909;4.0881763527054105;0.4583333333333333;11;False
5909;5910;4.098196392785571;0.4583333333333333;11;False
5910;5911;4.108216432865731;0.4583333333333333;11;False
5911;5912;4.118236472945892;0.4583333333333333;11;False
5912;5913;4.128256513026052;0.4583333333333333;11;False
5913;5914;4.138276553106213;0.4583333333333333;11;False
5914;5915;4.148296593186372;0.4583333333333333;11;False
5915;5916;4.158316633266533;0.4583333333333333;11;False
5916;5917;4.168336673346693;0.4583333333333333;11;False
5917;5918;4.1783567134268536;0.4583333333333333;11;False
5918;5919;4.188376753507014;0.4583333333333333;11;False
5919;5920;4.198396793587174;0.4583333333333333;11;False
5920;5921;4.208416833667335;0.4583333333333333;11;False
5921;5922;4.218436873747494;0.4583333333333333;11;False
5922;5923;4.228456913827655;0.4583333333333333;11;False
5923;5924;4.238476953907815;0.4583333333333333;11;False
5924;5925;4.248496993987976;0.4583333333333333;11;False
5925;5926;4.258517034068136;0.4583333333333333;11;False
5926;5927;4.268537074148297;0.4583333333333333;11;False
5927;5928;4.278557114228457;0.4583333333333333;11;False
5928;5929;4.288577154308617;0.4583333333333333;11;False
5929;5930;4.298597194388777;0.4583333333333333;11;False
5930;5931;4.3086172344689375;0.4583333333333333;11;False
5931;5932;4.318637274549098;0.4583333333333333;11;False
5932;5933;4.328657314629258;0.4583333333333333;11;False
5933;5934;4.338677354709419;0.4583333333333333;11;False
5934;5935;4.348697394789579;0.4583333333333333;11;False
5935;5936;4.35871743486974;0.4583333333333333;11;False
5936;5937;4.368737474949899;0.4583333333333333;11;False
5937;5938;4.37875751503006;0.4583333333333333;11;False
5938;5939;4.38877755511022;0.4583333333333333;11;False
5939;5940;4.398797595190381;0.4583333333333333;11;False
5940;5941;4.408817635270541;0.4583333333333333;11;False
5941;5942;4.4188376753507015;0.4583333333333333;11;False
5942;5943;4.428857715430862;0.4583333333333333;11;False
5943;5944;4.4388777555110215;0.4583333333333333;11;False
5944;5945;4.448897795591182;0.4583333333333333;11;False
5945;5946;4.458917835671342;0.4583333333333333;11;False
5946;5947;4.468937875751503;0.4583333333333333;11;False
5947;5948;4.478957915831663;0.4583333333333333;11;False
5948;5949;4.488977955911824;0.4583333333333333;11;False
5949;5950;4.498997995991984;0.4583333333333333;11;False
5950;5951;4.509018036072144;0.4583333333333333;11;False
5951;5952;4.519038076152304;0.4583333333333333;11;False
5952;5953;4.529058116232465;0.4583333333333333;11;False
5953;5954;4.539078156312625;0.4583333333333333;11;False
5954;5955;4.5490981963927855;0.4583333333333333;11;False
5955;5956;4.559118236472946;0.4583333333333333;11;False
5956;5957;4.569138276553106;0.4583333333333333;11;False
5957;5958;4.579158316633267;0.4583333333333333;11;False
5958;5959;4.589178356713426;0.4583333333333333;11;False
5959;5960;4.599198396793587;0.4583333333333333;11;False
5960;5961;4.609218436873747;0.4583333333333333;11;False
5961;5962;4.619238476953908;0.4583333333333333;11;False
5962;5963;4.629258517034068;0.4583333333333333;11;False
5963;5964;4.6392785571142285;0.4583333333333333;11;False
5964;5965;4.649298597194389;0.4583333333333333;11;False
5965;5966;4.6593186372745485;0.4583333333333333;11;False
5966;5967;4.669338677354709;0.4583333333333333;11;False
5967;5968;4.679358717434869;0.4583333333333333;11;False
5968;5969;4.68937875751503;0.4583333333333333;11;False
5969;5970;4.69939879759519;0.4583333333333333;11;False
5970;5971;4.709418837675351;0.4583333333333333;11;False
5971;5972;4.719438877755511;0.4583333333333333;11;False
5972;5973;4.729458917835671;0.4583333333333333;11;False
5973;5974;4.739478957915831;0.4583333333333333;11;False
5974;5975;4.749498997995992;0.4583333333333333;11;False
5975;5976;4.759519038076152;0.4583333333333333;11;False
5976;5977;4.7695390781563125;0.4583333333333333;11;False
5977;5978;4.779559118236473;0.4583333333333333;11;False
5978;5979;4.789579158316633;0.4583333333333333;11;False
5979;5980;4.799599198396794;0.4583333333333333;11;False
5980;5981;4.809619238476953;0.4583333333333333;11;False
5981;5982;4.819639278557114;0.4583333333333333;11;False
5982;5983;4.829659318637274;0.4583333333333333;11;False
5983;5984;4.839679358717435;0.4583333333333333;11;False
5984;5985;4.849699398797595;0.4583333333333333;11;False
5985;5986;4.859719438877756;0.4583333333333333;11;False
5986;5987;4.869739478957916;0.4583333333333333;11;False
5987;5988;4.879759519038076;0.4583333333333333;11;False
5988;5989;4.889779559118236;0.4583333333333333;11;False
5989;5990;4.8997995991983965;0.4583333333333333;11;False
5990;5991;4.909819639278557;0.4583333333333333;11;False
5991;5992;4.919839679358717;0.4583333333333333;11;False
5992;5993;4.929859719438878;0.4583333333333333;11;False
5993;5994;4.939879759519038;0.4583333333333333;11;False
5994;5995;4.949899799599198;0.4583333333333333;11;False
5995;5996;4.959919839679358;0.4583333333333333;11;False
5996;5997;4.969939879759519;0.4583333333333333;11;False
5997;5998;4.979959919839679;0.4583333333333333;11;False
5998;5999;4.98997995991984;0.4583333333333333;11;False
5999;6000;5.0;0.4583333333333333;11;False
6000;6001;0.0;0.5;12;True
6001;6002;0.01002004008016032;0.5;12;True
6002;6003;0.02004008016032064;0.5;12;True
6003;6004;0.03006012024048096;0.5;12;True
6004;6005;0.04008016032064128;0.5;12;True
6005;6006;0.0501002004008016;0.5;12;True
6006;6007;0.06012024048096192;0.5;12;True
6007;6008;0.07014028056112225;0.5;12;True
6008;6009;0.08016032064128256;0.5;12;True
6009;6010;0.09018036072144288;0.5;12;True
6010;6011;0.1002004008016032;0.5;12;True
6011;6012;0.11022044088176353;0.5;12;True
6012;6013;0.12024048096192384;0.5;12;True
6013;6014;0.13026052104208416;0.5;12;True
6014;6015;0.1402805611222445;0.5;12;True
6015;6016;0.1503006012024048;0.5;12;True
6016;6017;0.16032064128256512;0.5;12;True
6017;6018;0.17034068136272545;0.5;12;True
6018;6019;0.18036072144288576;0.5;12;True
6019;6020;0.1903807615230461;0.5;12;True
6020;6021;0.2004008016032064;0.5;12;True
6021;6022;0.21042084168336672;0.5;12;True
6022;6023;0.22044088176352705;0.5;12;True
6023;6024;0.23046092184368736;0.5;12;True
6024;6025;0.24048096192384769;0.5;12;True
6025;6026;0.250501002004008;0.5;12;True
6026;6027;0.2605210420841683;0.5;12;True
6027;6028;0.27054108216432865;0.5;12;True
6028;6029;0.280561122244489;0.5;12;True
6029;6030;0.2905811623246493;0.5;12;True
6030;6031;0.3006012024048096;0.5;12;True
6031;6032;0.3106212424849699;0.5;12;True
6032;6033;0.32064128256513025;0.5;12;True
6033;6034;0.3306613226452906;0.5;12;True
6034;6035;0.3406813627254509;0.5;12;True
6035;6036;0.3507014028056112;0.5;12;True
6036;6037;0.3607214428857715;0.5;12;True
6037;6038;0.37074148296593185;0.5;12;True
6038;6039;0.3807615230460922;0.5;12;True
6039;6040;0.3907815631262525;0.5;12;True
6040;6041;0.4008016032064128;0.5;12;True
6041;6042;0.4108216432865731;0.5;12;True
6042;6043;0.42084168336673344;0.5;12;True
6043;6044;0.4308617234468938;0.5;12;True
6044;6045;0.4408817635270541;0.5;12;True
6045;6046;0.45090180360721444;0.5;12;True
6046;6047;0.4609218436873747;0.5;12;True
6047;6048;0.47094188376753504;0.5;12;True
6048;6049;0.48096192384769537;0.5;12;True
6049;6050;0.4909819639278557;0.5;12;True
6050;6051;0.501002004008016;0.5;12;True
6051;6052;0.5110220440881763;0.5;12;True
6052;6053;0.5210420841683366;0.5;12;True
6053;6054;0.531062124248497;0.5;12;True
6054;6055;0.5410821643286573;0.5;12;True
6055;6056;0.5511022044088176;0.5;12;True
6056;6057;0.561122244488978;0.5;12;True
6057;6058;0.5711422845691383;0.5;12;True
6058;6059;0.5811623246492986;0.5;12;True
6059;6060;0.5911823647294588;0.5;12;True
6060;6061;0.6012024048096192;0.5;12;True
6061;6062;0.6112224448897795;0.5;12;True
6062;6063;0.6212424849699398;0.5;12;True
6063;6064;0.6312625250501002;0.5;12;True
6064;6065;0.6412825651302605;0.5;12;True
6065;6066;0.6513026052104208;0.5;12;True
6066;6067;0.6613226452905812;0.5;12;True
6067;6068;0.6713426853707415;0.5;12;True
6068;6069;0.6813627254509018;0.5;12;True
6069;6070;0.6913827655310621;0.5;12;True
6070;6071;0.7014028056112224;0.5;12;True
6071;6072;0.7114228456913827;0.5;12;True
6072;6073;0.721442885771543;0.5;12;True
6073;6074;0.7314629258517034;0.5;12;True
6074;6075;0.7414829659318637;0.5;12;True
6075;6076;0.751503006012024;0.5;12;True
6076;6077;0.7615230460921844;0.5;12;True
6077;6078;0.7715430861723447;0.5;12;True
6078;6079;0.781563126252505;0.5;12;True
6079;6080;0.7915831663326653;0.5;12;True
6080;6081;0.8016032064128256;0.5;12;True
6081;6082;0.8116232464929859;0.5;12;True
6082;6083;0.8216432865731462;0.5;12;True
6083;6084;0.8316633266533066;0.5;12;True
6084;6085;0.8416833667334669;0.5;12;True
6085;6086;0.8517034068136272;0.5;12;True
6086;6087;0.8617234468937875;0.5;12;True
6087;6088;0.8717434869739479;0.5;12;True
6088;6089;0.8817635270541082;0.5;12;True
6089;6090;0.8917835671342685;0.5;12;True
6090;6091;0.9018036072144289;0.5;12;True
6091;6092;0.9118236472945891;0.5;12;True
6092;6093;0.9218436873747494;0.5;12;True
6093;6094;0.9318637274549098;0.5;12;True
6094;6095;0.9418837675350701;0.5;12;True
6095;6096;0.9519038076152304;0.5;12;True
6096;6097;0.9619238476953907;0.5;12;True
6097;6098;0.9719438877755511;0.5;12;True
6098;6099;0.9819639278557114;0.5;12;True
6099;6100;0.9919839679358717;0.5;12;True
6100;6101;1.002004008016032;0.5;12;True
6101;6102;1.0120240480961924;0.5;12;True
6102;6103;1.0220440881763526;0.5;12;True
6103;6104;1.032064128256513;0.5;12;True
6104;6105;1.0420841683366733;0.5;12;True
6105;6106;1.0521042084168337;0.5;12;True
6106;6107;1.062124248496994;0.5;12;True
6107;6108;1.0721442885771542;0.5;12;True
6108;6109;1.0821643286573146;0.5;12;True
6109;6110;1.0921843687374748;0.5;12;True
6110;6111;1.1022044088176353;0.5;12;True
6111;6112;1.1122244488977955;0.5;12;True
6112;6113;1.122244488977956;0.5;12;True
6113;6114;1.1322645290581161;0.5;12;True
6114;6115;1.1422845691382766;0.5;12;True
6115;6116;1.1523046092184368;0.5;12;True
6116;6117;1.1623246492985972;0.5;12;True
6117;6118;1.1723446893787575;0.5;12;True
6118;6119;1.1823647294589177;0.5;12;True
6119;6120;1.1923847695390781;0.5;12;True
6120;6121;1.2024048096192383;0.5;12;True
6121;6122;1.2124248496993988;0.5;12;True
6122;6123;1.222444889779559;0.5;12;True
6123;6124;1.2324649298597194;0.5;12;True
6124;6125;1.2424849699398797;0.5;12;True
6125;6126;1.25250501002004;0.5;12;True
6126;6127;1.2625250501002003;0.5;12;True
6127;6128;1.2725450901803608;0.5;12;True
6128;6129;1.282565130260521;0.5;12;True
6129;6130;1.2925851703406812;0.5;12;True
6130;6131;1.3026052104208417;0.5;12;True
6131;6132;1.3126252505010019;0.5;12;True
6132;6133;1.3226452905811623;0.5;12;True
6133;6134;1.3326653306613225;0.5;12;True
6134;6135;1.342685370741483;0.5;12;True
6135;6136;1.3527054108216432;0.5;12;True
6136;6137;1.3627254509018036;0.5;12;True
6137;6138;1.3727454909819639;0.5;12;True
6138;6139;1.3827655310621243;0.5;12;True
6139;6140;1.3927855711422845;0.5;12;True
6140;6141;1.4028056112224447;0.5;12;True
6141;6142;1.4128256513026052;0.5;12;True
6142;6143;1.4228456913827654;0.5;12;True
6143;6144;1.4328657314629258;0.5;12;True
6144;6145;1.442885771543086;0.5;12;True
6145;6146;1.4529058116232465;0.5;12;True
6146;6147;1.4629258517034067;0.5;12;True
6147;6148;1.4729458917835672;0.5;12;True
6148;6149;1.4829659318637274;0.5;12;True
6149;6150;1.4929859719438878;0.5;12;True
6150;6151;1.503006012024048;0.5;12;True
6151;6152;1.5130260521042083;0.5;12;True
6152;6153;1.5230460921843687;0.5;12;True
6153;6154;1.533066132264529;0.5;12;True
6154;6155;1.5430861723446894;0.5;12;True
6155;6156;1.5531062124248496;0.5;12;True
6156;6157;1.56312625250501;0.5;12;True
6157;6158;1.5731462925851702;0.5;12;True
6158;6159;1.5831663326653307;0.5;12;True
6159;6160;1.593186372745491;0.5;12;True
6160;6161;1.6032064128256511;0.5;12;True
6161;6162;1.6132264529058116;0.5;12;True
6162;6163;1.6232464929859718;0.5;12;True
6163;6164;1.6332665330661322;0.5;12;True
6164;6165;1.6432865731462925;0.5;12;True
6165;6166;1.653306613226453;0.5;12;True
6166;6167;1.6633266533066131;0.5;12;True
6167;6168;1.6733466933867736;0.5;12;True
6168;6169;1.6833667334669338;0.5;12;True
6169;6170;1.6933867735470942;0.5;12;True
6170;6171;1.7034068136272544;0.5;12;True
6171;6172;1.7134268537074147;0.5;12;True
6172;6173;1.723446893787575;0.5;12;True
6173;6174;1.7334669338677353;0.5;12;True
6174;6175;1.7434869739478958;0.5;12;True
6175;6176;1.753507014028056;0.5;12;True
6176;6177;1.7635270541082164;0.5;12;True
6177;6178;1.7735470941883766;0.5;12;True
6178;6179;1.783567134268537;0.5;12;True
6179;6180;1.7935871743486973;0.5;12;True
6180;6181;1.8036072144288577;0.5;12;True
6181;6182;1.813627254509018;0.5;12;True
6182;6183;1.8236472945891782;0.5;12;True
6183;6184;1.8336673346693386;0.5;12;True
6184;6185;1.8436873747494988;0.5;12;True
6185;6186;1.8537074148296593;0.5;12;True
6186;6187;1.8637274549098195;0.5;12;True
6187;6188;1.87374749498998;0.5;12;True
6188;6189;1.8837675350701402;0.5;12;True
6189;6190;1.8937875751503006;0.5;12;True
6190;6191;1.9038076152304608;0.5;12;True
6191;6192;1.9138276553106213;0.5;12;True
6192;6193;1.9238476953907815;0.5;12;True
6193;6194;1.9338677354709417;0.5;12;True
6194;6195;1.9438877755511021;0.5;12;True
6195;6196;1.9539078156312624;0.5;12;True
6196;6197;1.9639278557114228;0.5;12;True
6197;6198;1.973947895791583;0.5;12;True
6198;6199;1.9839679358717435;0.5;12;True
6199;6200;1.9939879759519037;0.5;12;True
6200;6201;2.004008016032064;0.5;12;True
6201;6202;2.0140280561122244;0.5;12;True
6202;6203;2.024048096192385;0.5;12;True
6203;6204;2.034068136272545;0.5;12;True
6204;6205;2.0440881763527052;0.5;12;True
6205;6206;2.0541082164328657;0.5;12;True
6206;6207;2.064128256513026;0.5;12;True
6207;6208;2.074148296593186;0.5;12;True
6208;6209;2.0841683366733466;0.5;12;True
6209;6210;2.094188376753507;0.5;12;True
6210;6211;2.1042084168336674;0.5;12;True
6211;6212;2.1142284569138274;0.5;12;True
6212;6213;2.124248496993988;0.5;12;True
6213;6214;2.1342685370741483;0.5;12;True
6214;6215;2.1442885771543083;0.5;12;True
6215;6216;2.1543086172344688;0.5;12;True
6216;6217;2.164328657314629;0.5;12;True
6217;6218;2.1743486973947896;0.5;12;True
6218;6219;2.1843687374749496;0.5;12;True
6219;6220;2.19438877755511;0.5;12;True
6220;6221;2.2044088176352705;0.5;12;True
6221;6222;2.214428857715431;0.5;12;True
6222;6223;2.224448897795591;0.5;12;True
6223;6224;2.2344689378757514;0.5;12;True
6224;6225;2.244488977955912;0.5;12;True
6225;6226;2.254509018036072;0.4999679027758524;12;True
6226;6227;2.2645290581162323;0.49966757942460543;12;True
6227;6228;2.2745490981963927;0.49905584383167767;12;True
6228;6229;2.284569138276553;0.4981423820874718;12;True
6229;6230;2.294589178356713;0.496941657749669;12;True
6230;6231;2.3046092184368736;0.49547268283035256;12;True
6231;6232;2.314629258517034;0.4937587167638802;12;True
6232;6233;2.3246492985971945;0.49182689812197955;12;True
6233;6234;2.3346693386773545;0.48970781490741433;12;True
6234;6235;2.344689378757515;0.48743502023009744;12;True
6235;6236;2.3547094188376754;0.48504450103433266;12;True
6236;6237;2.3647294589178354;0.48257410828924363;12;True
6237;6238;2.374749498997996;0.48006295766463225;12;True
6238;6239;2.3847695390781563;0.4775508101818386;12;True
6239;6240;2.3947895791583167;0.4750774426462418;12;True
6240;6241;2.4048096192384767;0.47268201782984;12;True
6241;6242;2.414829659318637;0.4704024643763034;12;True
6242;6243;2.4248496993987976;0.4682748762469513;12;True
6243;6244;2.434869739478958;0.46633294121669666;12;True
6244;6245;2.444889779559118;0.4646074074690303;12;True
6245;6246;2.4549098196392785;0.46312559673586723;12;True
6246;6247;2.464929859719439;0.46191097169109313;12;True
6247;6248;2.474949899799599;0.4609827644476097;12;True
6248;6249;2.4849699398797593;0.46035567204017624;12;True
6249;6250;2.49498997995992;0.4600396237157085;12;True
6250;6251;2.50501002004008;0.4600396237157085;12;True
6251;6252;2.51503006012024;0.46035567204017624;12;True
6252;6253;2.5250501002004007;0.46098276444760966;12;True
6253;6254;2.535070140280561;0.46191097169109313;12;True
6254;6255;2.5450901803607215;0.46312559673586723;12;True
6255;6256;2.5551102204408815;0.46460740746903023;12;True
6256;6257;2.565130260521042;0.46633294121669666;12;True
6257;6258;2.5751503006012024;0.4682748762469513;12;True
6258;6259;2.5851703406813624;0.4704024643763033;12;True
6259;6260;2.595190380761523;0.47268201782983993;12;True
6260;6261;2.6052104208416833;0.4750774426462418;12;True
6261;6262;2.6152304609218437;0.4775508101818386;12;True
6262;6263;2.6252505010020037;0.48006295766463214;12;True
6263;6264;2.635270541082164;0.4825741082892435;12;True
6264;6265;2.6452905811623246;0.48504450103433266;12;True
6265;6266;2.655310621242485;0.48743502023009744;12;True
6266;6267;2.665330661322645;0.4897078149074142;12;True
6267;6268;2.6753507014028055;0.49182689812197955;12;True
6268;6269;2.685370741482966;0.4937587167638802;12;True
6269;6270;2.695390781563126;0.4954726828303525;12;True
6270;6271;2.7054108216432864;0.4969416577496689;12;True
6271;6272;2.715430861723447;0.4981423820874718;12;True
6272;6273;2.7254509018036073;0.49905584383167767;12;True
6273;6274;2.7354709418837673;0.49966757942460543;12;True
6274;6275;2.7454909819639277;0.4999679027758524;12;True
6275;6276;2.755511022044088;0.5;12;True
6276;6277;2.7655310621242486;0.5;12;True
6277;6278;2.7755511022044086;0.5;12;True
6278;6279;2.785571142284569;0.5;12;True
6279;6280;2.7955911823647295;0.5;12;True
6280;6281;2.8056112224448895;0.5;12;True
6281;6282;2.81563126252505;0.5;12;True
6282;6283;2.8256513026052104;0.5;12;True
6283;6284;2.835671342685371;0.5;12;True
6284;6285;2.845691382765531;0.5;12;True
6285;6286;2.8557114228456912;0.5;12;True
6286;6287;2.8657314629258517;0.5;12;True
6287;6288;2.875751503006012;0.5;12;True
6288;6289;2.885771543086172;0.5;12;True
6289;6290;2.8957915831663326;0.5;12;True
6290;6291;2.905811623246493;0.5;12;True
6291;6292;2.915831663326653;0.5;12;True
6292;6293;2.9258517034068134;0.5;12;True
6293;6294;2.935871743486974;0.5;12;True
6294;6295;2.9458917835671343;0.5;12;True
6295;6296;2.9559118236472943;0.5;12;True
6296;6297;2.9659318637274548;0.5;12;True
6297;6298;2.975951903807615;0.5;12;True
6298;6299;2.9859719438877756;0.5;12;True
6299;6300;2.9959919839679356;0.5;12;True
6300;6301;3.006012024048096;0.5;12;True
6301;6302;3.0160320641282565;0.5;12;True
6302;6303;3.0260521042084165;0.5;12;True
6303;6304;3.036072144288577;0.5;12;True
6304;6305;3.0460921843687374;0.5;12;True
6305;6306;3.056112224448898;0.5;12;True
6306;6307;3.066132264529058;0.5;12;True
6307;6308;3.0761523046092183;0.5;12;True
6308;6309;3.0861723446893787;0.5;12;True
6309;6310;3.096192384769539;0.5;12;True
6310;6311;3.106212424849699;0.5;12;True
6311;6312;3.1162324649298596;0.5;12;True
6312;6313;3.12625250501002;0.5;12;True
6313;6314;3.13627254509018;0.5;12;True
6314;6315;3.1462925851703405;0.5;12;True
6315;6316;3.156312625250501;0.5;12;True
6316;6317;3.1663326653306614;0.5;12;True
6317;6318;3.1763527054108214;0.5;12;True
6318;6319;3.186372745490982;0.5;12;True
6319;6320;3.1963927855711423;0.5;12;True
6320;6321;3.2064128256513023;0.5;12;True
6321;6322;3.2164328657314627;0.5;12;True
6322;6323;3.226452905811623;0.5;12;True
6323;6324;3.2364729458917836;0.5;12;True
6324;6325;3.2464929859719436;0.5;12;True
6325;6326;3.256513026052104;0.5;12;True
6326;6327;3.2665330661322645;0.5;12;True
6327;6328;3.276553106212425;0.5;12;True
6328;6329;3.286573146292585;0.5;12;True
6329;6330;3.2965931863727453;0.5;12;True
6330;6331;3.306613226452906;0.5;12;True
6331;6332;3.316633266533066;0.5;12;True
6332;6333;3.3266533066132262;0.5;12;True
6333;6334;3.3366733466933867;0.5;12;True
6334;6335;3.346693386773547;0.5;12;True
6335;6336;3.356713426853707;0.5;12;True
6336;6337;3.3667334669338675;0.5;12;True
6337;6338;3.376753507014028;0.5;12;True
6338;6339;3.3867735470941884;0.5;12;True
6339;6340;3.3967935871743484;0.5;12;True
6340;6341;3.406813627254509;0.5;12;True
6341;6342;3.4168336673346693;0.5;12;True
6342;6343;3.4268537074148293;0.5;12;True
6343;6344;3.4368737474949898;0.5;12;True
6344;6345;3.44689378757515;0.5;12;True
6345;6346;3.4569138276553106;0.5;12;True
6346;6347;3.4669338677354706;0.5;12;True
6347;6348;3.476953907815631;0.5;12;True
6348;6349;3.4869739478957915;0.5;12;True
6349;6350;3.496993987975952;0.5;12;True
6350;6351;3.507014028056112;0.5;12;True
6351;6352;3.5170340681362724;0.5;12;True
6352;6353;3.527054108216433;0.5;12;True
6353;6354;3.537074148296593;0.5;12;True
6354;6355;3.5470941883767533;0.5;12;True
6355;6356;3.5571142284569137;0.5;12;True
6356;6357;3.567134268537074;0.5;12;True
6357;6358;3.577154308617234;0.5;12;True
6358;6359;3.5871743486973946;0.5;12;True
6359;6360;3.597194388777555;0.5;12;True
6360;6361;3.6072144288577155;0.5;12;True
6361;6362;3.6172344689378755;0.5;12;True
6362;6363;3.627254509018036;0.5;12;True
6363;6364;3.6372745490981964;0.5;12;True
6364;6365;3.6472945891783564;0.5;12;True
6365;6366;3.657314629258517;0.5;12;True
6366;6367;3.6673346693386772;0.5;12;True
6367;6368;3.6773547094188377;0.5;12;True
6368;6369;3.6873747494989977;0.5;12;True
6369;6370;3.697394789579158;0.5;12;True
6370;6371;3.7074148296593186;0.5;12;True
6371;6372;3.717434869739479;0.5;12;True
6372;6373;3.727454909819639;0.5;12;True
6373;6374;3.7374749498997994;0.5;12;True
6374;6375;3.74749498997996;0.5;12;True
6375;6376;3.75751503006012;0.5;12;True
6376;6377;3.7675350701402803;0.5;12;True
6377;6378;3.7775551102204408;0.5;12;True
6378;6379;3.787575150300601;0.5;12;True
6379;6380;3.797595190380761;0.5;12;True
6380;6381;3.8076152304609217;0.5;12;True
6381;6382;3.817635270541082;0.5;12;True
6382;6383;3.8276553106212425;0.5;12;True
6383;6384;3.8376753507014025;0.5;12;True
6384;6385;3.847695390781563;0.5;12;True
6385;6386;3.8577154308617234;0.5;12;True
6386;6387;3.8677354709418834;0.5;12;True
6387;6388;3.877755511022044;0.5;12;True
6388;6389;3.8877755511022043;0.5;12;True
6389;6390;3.8977955911823647;0.5;12;True
6390;6391;3.9078156312625247;0.5;12;True
6391;6392;3.917835671342685;0.5;12;True
6392;6393;3.9278557114228456;0.5;12;True
6393;6394;3.937875751503006;0.5;12;True
6394;6395;3.947895791583166;0.5;12;True
6395;6396;3.9579158316633265;0.5;12;True
6396;6397;3.967935871743487;0.5;12;True
6397;6398;3.977955911823647;0.5;12;True
6398;6399;3.9879759519038074;0.5;12;True
6399;6400;3.997995991983968;0.5;12;True
6400;6401;4.008016032064128;0.5;12;True
6401;6402;4.018036072144288;0.5;12;True
6402;6403;4.028056112224449;0.5;12;True
6403;6404;4.038076152304609;0.5;12;True
6404;6405;4.04809619238477;0.5;12;True
6405;6406;4.05811623246493;0.5;12;True
6406;6407;4.06813627254509;0.5;12;True
6407;6408;4.07815631262525;0.5;12;True
6408;6409;4.0881763527054105;0.5;12;True
6409;6410;4.098196392785571;0.5;12;True
6410;6411;4.108216432865731;0.5;12;True
6411;6412;4.118236472945892;0.5;12;True
6412;6413;4.128256513026052;0.5;12;True
6413;6414;4.138276553106213;0.5;12;True
6414;6415;4.148296593186372;0.5;12;True
6415;6416;4.158316633266533;0.5;12;True
6416;6417;4.168336673346693;0.5;12;True
6417;6418;4.1783567134268536;0.5;12;True
6418;6419;4.188376753507014;0.5;12;True
6419;6420;4.198396793587174;0.5;12;True
6420;6421;4.208416833667335;0.5;12;True
6421;6422;4.218436873747494;0.5;12;True
6422;6423;4.228456913827655;0.5;12;True
6423;6424;4.238476953907815;0.5;12;True
6424;6425;4.248496993987976;0.5;12;True
6425;6426;4.258517034068136;0.5;12;True
6426;6427;4.268537074148297;0.5;12;True
6427;6428;4.278557114228457;0.5;12;True
6428;6429;4.288577154308617;0.5;12;True
6429;6430;4.298597194388777;0.5;12;True
6430;6431;4.3086172344689375;0.5;12;True
6431;6432;4.318637274549098;0.5;12;True
6432;6433;4.328657314629258;0.5;12;True
6433;6434;4.338677354709419;0.5;12;True
6434;6435;4.348697394789579;0.5;12;True
6435;6436;4.35871743486974;0.5;12;True
6436;6437;4.368737474949899;0.5;12;True
6437;6438;4.37875751503006;0.5;12;True
6438;6439;4.38877755511022;0.5;12;True
6439;6440;4.398797595190381;0.5;12;True
6440;6441;4.408817635270541;0.5;12;True
6441;6442;4.4188376753507015;0.5;12;True
6442;6443;4.428857715430862;0.5;12;True
6443;6444;4.4388777555110215;0.5;12;True
6444;6445;4.448897795591182;0.5;12;True
6445;6446;4.458917835671342;0.5;12;True
6446;6447;4.468937875751503;0.5;12;True
6447;6448;4.478957915831663;0.5;12;True
6448;6449;4.488977955911824;0.5;12;True
6449;6450;4.498997995991984;0.5;12;True
6450;6451;4.509018036072144;0.5;12;True
6451;6452;4.519038076152304;0.5;12;True
6452;6453;4.529058116232465;0.5;12;True
6453;6454;4.539078156312625;0.5;12;True
6454;6455;4.5490981963927855;0.5;12;True
6455;6456;4.559118236472946;0.5;12;True
6456;6457;4.569138276553106;0.5;12;True
6457;6458;4.579158316633267;0.5;12;True
6458;6459;4.589178356713426;0.5;12;True
6459;6460;4.599198396793587;0.5;12;True
6460;6461;4.609218436873747;0.5;12;True
6461;6462;4.619238476953908;0.5;12;True
6462;6463;4.629258517034068;0.5;12;True
6463;6464;4.6392785571142285;0.5;12;True
6464;6465;4.649298597194389;0.5;12;True
6465;6466;4.6593186372745485;0.5;12;True
6466;6467;4.669338677354709;0.5;12;True
6467;6468;4.679358717434869;0.5;12;True
6468;6469;4.68937875751503;0.5;12;True
6469;6470;4.69939879759519;0.5;12;True
6470;6471;4.709418837675351;0.5;12;True
6471;6472;4.719438877755511;0.5;12;True
6472;6473;4.729458917835671;0.5;12;True
6473;6474;4.739478957915831;0.5;12;True
6474;6475;4.749498997995992;0.5;12;True
6475;6476;4.759519038076152;0.5;12;True
6476;6477;4.7695390781563125;0.5;12;True
6477;6478;4.779559118236473;0.5;12;True
6478;6479;4.789579158316633;0.5;12;True
6479;6480;4.799599198396794;0.5;12;True
6480;6481;4.809619238476953;0.5;12;True
6481;6482;4.819639278557114;0.5;12;True
6482;6483;4.829659318637274;0.5;12;True
6483;6484;4.839679358717435;0.5;12;True
6484;6485;4.849699398797595;0.5;12;True
6485;6486;4.859719438877756;0.5;12;True
6486;6487;4.869739478957916;0.5;12;True
6487;6488;4.879759519038076;0.5;12;True
6488;6489;4.889779559118236;0.5;12;True
6489;6490;4.8997995991983965;0.5;12;True
6490;6491;4.909819639278557;0.5;12;True
6491;6492;4.919839679358717;0.5;12;True
6492;6493;4.929859719438878;0.5;12;True
6493;6494;4.939879759519038;0.5;12;True
6494;6495;4.949899799599198;0.5;12;True
6495;6496;4.959919839679358;0.5;12;True
6496;6497;4.969939879759519;0.5;12;True
6497;6498;4.979959919839679;0.5;12;True
6498;6499;4.98997995991984;0.5;12;True
6499;6500;5.0;0.5;12;True
6500;6501;0.0;0.5416666666666666;13;False
6501;6502;0.01002004008016032;0.5416666666666666;13;False
6502;6503;0.02004008016032064;0.5416666666666666;13;False
6503;6504;0.03006012024048096;0.5416666666666666;13;False
6504;6505;0.04008016032064128;0.5416666666666666;13;False
6505;6506;0.0501002004008016;0.5416666666666666;13;False
6506;6507;0.06012024048096192;0.5416666666666666;13;False
6507;6508;0.07014028056112225;0.5416666666666666;13;False
6508;6509;0.08016032064128256;0.5416666666666666;13;False
6509;6510;0.09018036072144288;0.5416666666666666;13;False
6510;6511;0.1002004008016032;0.5416666666666666;13;False
6511;6512;0.11022044088176353;0.5416666666666666;13;False
6512;6513;0.12024048096192384;0.5416666666666666;13;False
6513;6514;0.13026052104208416;0.5416666666666666;13;False
6514;6515;0.1402805611222445;0.5416666666666666;13;False
6515;6516;0.1503006012024048;0.5416666666666666;13;False
6516;6517;0.16032064128256512;0.5416666666666666;13;False
6517;6518;0.17034068136272545;0.5416666666666666;13;False
6518;6519;0.18036072144288576;0.5416666666666666;13;False
6519;6520;0.1903807615230461;0.5416666666666666;13;False
6520;6521;0.2004008016032064;0.5416666666666666;13;False
6521;6522;0.21042084168336672;0.5416666666666666;13;False
6522;6523;0.22044088176352705;0.5416666666666666;13;False
6523;6524;0.23046092184368736;0.5416666666666666;13;False
6524;6525;0.24048096192384769;0.5416666666666666;13;False
6525;6526;0.250501002004008;0.5416666666666666;13;False
6526;6527;0.2605210420841683;0.5416666666666666;13;False
6527;6528;0.27054108216432865;0.5416666666666666;13;False
6528;6529;0.280561122244489;0.5416666666666666;13;False
6529;6530;0.2905811623246493;0.5416666666666666;13;False
6530;6531;0.3006012024048096;0.5416666666666666;13;False
6531;6532;0.3106212424849699;0.5416666666666666;13;False
6532;6533;0.32064128256513025;0.5416666666666666;13;False
6533;6534;0.3306613226452906;0.5416666666666666;13;False
6534;6535;0.3406813627254509;0.5416666666666666;13;False
6535;6536;0.3507014028056112;0.5416666666666666;13;False
6536;6537;0.3607214428857715;0.5416666666666666;13;False
6537;6538;0.37074148296593185;0.5416666666666666;13;False
6538;6539;0.3807615230460922;0.5416666666666666;13;False
6539;6540;0.3907815631262525;0.5416666666666666;13;False
6540;6541;0.4008016032064128;0.5416666666666666;13;False
6541;6542;0.4108216432865731;0.5416666666666666;13;False
6542;6543;0.42084168336673344;0.5416666666666666;13;False
6543;6544;0.4308617234468938;0.5416666666666666;13;False
6544;6545;0.4408817635270541;0.5416666666666666;13;False
6545;6546;0.45090180360721444;0.5416666666666666;13;False
6546;6547;0.4609218436873747;0.5416666666666666;13;False
6547;6548;0.47094188376753504;0.5416666666666666;13;False
6548;6549;0.48096192384769537;0.5416666666666666;13;False
6549;6550;0.4909819639278557;0.5416666666666666;13;False
6550;6551;0.501002004008016;0.5416666666666666;13;False
6551;6552;0.5110220440881763;0.5416666666666666;13;False
6552;6553;0.5210420841683366;0.5416666666666666;13;False
6553;6554;0.531062124248497;0.5416666666666666;13;False
6554;6555;0.5410821643286573;0.5416666666666666;13;False
6555;6556;0.5511022044088176;0.5416666666666666;13;False
6556;6557;0.561122244488978;0.5416666666666666;13;False
6557;6558;0.5711422845691383;0.5416666666666666;13;False
6558;6559;0.5811623246492986;0.5416666666666666;13;False
6559;6560;0.5911823647294588;0.5416666666666666;13;False
6560;6561;0.6012024048096192;0.5416666666666666;13;False
6561;6562;0.6112224448897795;0.5416666666666666;13;False
6562;6563;0.6212424849699398;0.5416666666666666;13;False
6563;6564;0.6312625250501002;0.5416666666666666;13;False
6564;6565;0.6412825651302605;0.5416666666666666;13;False
6565;6566;0.6513026052104208;0.5416666666666666;13;False
6566;6567;0.6613226452905812;0.5416666666666666;13;False
6567;6568;0.6713426853707415;0.5416666666666666;13;False
6568;6569;0.6813627254509018;0.5416666666666666;13;False
6569;6570;0.6913827655310621;0.5416666666666666;13;False
6570;6571;0.7014028056112224;0.5416666666666666;13;False
6571;6572;0.7114228456913827;0.5416666666666666;13;False
6572;6573;0.721442885771543;0.5416666666666666;13;False
6573;6574;0.7314629258517034;0.5416666666666666;13;False
6574;6575;0.7414829659318637;0.5416666666666666;13;False
6575;6576;0.751503006012024;0.5416666666666666;13;False
6576;6577;0.7615230460921844;0.5416666666666666;13;False
6577;6578;0.7715430861723447;0.5416666666666666;13;False
6578;6579;0.781563126252505;0.5416666666666666;13;False
6579;6580;0.7915831663326653;0.5416666666666666;13;False
6580;6581;0.8016032064128256;0.5416666666666666;13;False
6581;6582;0.8116232464929859;0.5416666666666666;13;False
6582;6583;0.8216432865731462;0.5416666666666666;13;False
6583;6584;0.8316633266533066;0.5416666666666666;13;False
6584;6585;0.8416833667334669;0.5416666666666666;13;False
6585;6586;0.8517034068136272;0.5416666666666666;13;False
6586;6587;0.8617234468937875;0.5416666666666666;13;False
6587;6588;0.8717434869739479;0.5416666666666666;13;False
6588;6589;0.8817635270541082;0.5416666666666666;13;False
6589;6590;0.8917835671342685;0.5416666666666666;13;False
6590;6591;0.9018036072144289;0.5416666666666666;13;False
6591;6592;0.9118236472945891;0.5416666666666666;13;False
6592;6593;0.9218436873747494;0.5416666666666666;13;False
6593;6594;0.9318637274549098;0.5416666666666666;13;False
6594;6595;0.9418837675350701;0.5416666666666666;13;False
6595;6596;0.9519038076152304;0.5416666666666666;13;False
6596;6597;0.9619238476953907;0.5416666666666666;13;False
6597;6598;0.9719438877755511;0.5416666666666666;13;False
6598;6599;0.9819639278557114;0.5416666666666666;13;False
6599;6600;0.9919839679358717;0.5416666666666666;13;False
6600;6601;1.002004008016032;0.5416666666666666;13;False
6601;6602;1.0120240480961924;0.5416666666666666;13;False
6602;6603;1.0220440881763526;0.5416666666666666;13;False
6603;6604;1.032064128256513;0.5416666666666666;13;False
6604;6605;1.0420841683366733;0.5416666666666666;13;False
6605;6606;1.0521042084168337;0.5416666666666666;13;False
6606;6607;1.062124248496994;0.5416666666666666;13;False
6607;6608;1.0721442885771542;0.5416666666666666;13;False
6608;6609;1.0821643286573146;0.5416666666666666;13;False
6609;6610;1.0921843687374748;0.5416666666666666;13;False
6610;6611;1.1022044088176353;0.5416666666666666;13;False
6611;6612;1.1122244488977955;0.5416666666666666;13;False
6612;6613;1.122244488977956;0.5416666666666666;13;False
6613;6614;1.1322645290581161;0.5416666666666666;13;False
6614;6615;1.1422845691382766;0.5416666666666666;13;False
6615;6616;1.1523046092184368;0.5416666666666666;13;False
6616;6617;1.1623246492985972;0.5416666666666666;13;False
6617;6618;1.1723446893787575;0.5416666666666666;13;False
6618;6619;1.1823647294589177;0.5416666666666666;13;False
6619;6620;1.1923847695390781;0.5416666666666666;13;False
6620;6621;1.2024048096192383;0.5416666666666666;13;False
6621;6622;1.2124248496993988;0.5416666666666666;13;False
6622;6623;1.222444889779559;0.5416666666666666;13;False
6623;6624;1.2324649298597194;0.5416666666666666;13;False
6624;6625;1.2424849699398797;0.5416666666666666;13;False
6625;6626;1.25250501002004;0.5416666666666666;13;False
6626;6627;1.2625250501002003;0.5416666666666666;13;False
6627;6628;1.2725450901803608;0.5416666666666666;13;False
6628;6629;1.282565130260521;0.5416666666666666;13;False
6629;6630;1.2925851703406812;0.5416666666666666;13;False
6630;6631;1.3026052104208417;0.5416666666666666;13;False
6631;6632;1.3126252505010019;0.5416666666666666;13;False
6632;6633;1.3226452905811623;0.5416666666666666;13;False
6633;6634;1.3326653306613225;0.5416666666666666;13;False
6634;6635;1.342685370741483;0.5416666666666666;13;False
6635;6636;1.3527054108216432;0.5416666666666666;13;False
6636;6637;1.3627254509018036;0.5416666666666666;13;False
6637;6638;1.3727454909819639;0.5416666666666666;13;False
6638;6639;1.3827655310621243;0.5416666666666666;13;False
6639;6640;1.3927855711422845;0.5416666666666666;13;False
6640;6641;1.4028056112224447;0.5416666666666666;13;False
6641;6642;1.4128256513026052;0.5416666666666666;13;False
6642;6643;1.4228456913827654;0.5416666666666666;13;False
6643;6644;1.4328657314629258;0.5416666666666666;13;False
6644;6645;1.442885771543086;0.5416666666666666;13;False
6645;6646;1.4529058116232465;0.5416666666666666;13;False
6646;6647;1.4629258517034067;0.5416666666666666;13;False
6647;6648;1.4729458917835672;0.5416666666666666;13;False
6648;6649;1.4829659318637274;0.5416666666666666;13;False
6649;6650;1.4929859719438878;0.5416666666666666;13;False
6650;6651;1.503006012024048;0.5416666666666666;13;False
6651;6652;1.5130260521042083;0.5416666666666666;13;False
6652;6653;1.5230460921843687;0.5416666666666666;13;False
6653;6654;1.533066132264529;0.5416666666666666;13;False
6654;6655;1.5430861723446894;0.5416666666666666;13;False
6655;6656;1.5531062124248496;0.5416666666666666;13;False
6656;6657;1.56312625250501;0.5416666666666666;13;False
6657;6658;1.5731462925851702;0.5416666666666666;13;False
6658;6659;1.5831663326653307;0.5416666666666666;13;False
6659;6660;1.593186372745491;0.5416666666666666;13;False
6660;6661;1.6032064128256511;0.5416666666666666;13;False
6661;6662;1.6132264529058116;0.5416666666666666;13;False
6662;6663;1.6232464929859718;0.5416666666666666;13;False
6663;6664;1.6332665330661322;0.5416666666666666;13;False
6664;6665;1.6432865731462925;0.5416666666666666;13;False
6665;6666;1.653306613226453;0.5416666666666666;13;False
6666;6667;1.6633266533066131;0.5416666666666666;13;False
6667;6668;1.6733466933867736;0.5416666666666666;13;False
6668;6669;1.6833667334669338;0.5416666666666666;13;False
6669;6670;1.6933867735470942;0.5416666666666666;13;False
6670;6671;1.7034068136272544;0.5416666666666666;13;False
6671;6672;1.7134268537074147;0.5416666666666666;13;False
6672;6673;1.723446893787575;0.5416666666666666;13;False
6673;6674;1.7334669338677353;0.5416666666666666;13;False
6674;6675;1.7434869739478958;0.5416666666666666;13;False
6675;6676;1.753507014028056;0.5416666666666666;13;False
6676;6677;1.7635270541082164;0.5416666666666666;13;False
6677;6678;1.7735470941883766;0.5416666666666666;13;False
6678;6679;1.783567134268537;0.5416666666666666;13;False
6679;6680;1.7935871743486973;0.5416666666666666;13;False
6680;6681;1.8036072144288577;0.5416666666666666;13;False
6681;6682;1.813627254509018;0.5416666666666666;13;False
6682;6683;1.8236472945891782;0.5416666666666666;13;False
6683;6684;1.8336673346693386;0.5416666666666666;13;False
6684;6685;1.8436873747494988;0.5416666666666666;13;False
6685;6686;1.8537074148296593;0.5416666666666666;13;False
6686;6687;1.8637274549098195;0.5416666666666666;13;False
6687;6688;1.87374749498998;0.5416666666666666;13;False
6688;6689;1.8837675350701402;0.5416666666666666;13;False
6689;6690;1.8937875751503006;0.5416666666666666;13;False
6690;6691;1.9038076152304608;0.5416666666666666;13;False
6691;6692;1.9138276553106213;0.5416666666666666;13;False
6692;6693;1.9238476953907815;0.5416666666666666;13;False
6693;6694;1.9338677354709417;0.5416666666666666;13;False
6694;6695;1.9438877755511021;0.5416666666666666;13;False
6695;6696;1.9539078156312624;0.5416666666666666;13;False
6696;6697;1.9639278557114228;0.5416666666666666;13;False
6697;6698;1.973947895791583;0.5416666666666666;13;False
6698;6699;1.9839679358717435;0.5416666666666666;13;False
6699;6700;1.9939879759519037;0.5416666666666666;13;False
6700;6701;2.004008016032064;0.5416666666666666;13;False
6701;6702;2.0140280561122244;0.5416666666666666;13;False
6702;6703;2.024048096192385;0.5416666666666666;13;False
6703;6704;2.034068136272545;0.5416666666666666;13;False
6704;6705;2.0440881763527052;0.5416666666666666;13;False
6705;6706;2.0541082164328657;0.5416666666666666;13;False
6706;6707;2.064128256513026;0.5416666666666666;13;False
6707;6708;2.074148296593186;0.5416666666666666;13;False
6708;6709;2.0841683366733466;0.5416666666666666;13;False
6709;6710;2.094188376753507;0.5416666666666666;13;False
6710;6711;2.1042084168336674;0.5416666666666666;13;False
6711;6712;2.1142284569138274;0.5416666666666666;13;False
6712;6713;2.124248496993988;0.5416666666666666;13;False
6713;6714;2.1342685370741483;0.5416666666666666;13;False
6714;6715;2.1442885771543083;0.5416666666666666;13;False
6715;6716;2.1543086172344688;0.5416666666666666;13;False
6716;6717;2.164328657314629;0.5416666666666666;13;False
6717;6718;2.1743486973947896;0.5416666666666666;13;False
6718;6719;2.1843687374749496;0.5416666666666666;13;False
6719;6720;2.19438877755511;0.5416666666666666;13;False
6720;6721;2.2044088176352705;0.5416666666666666;13;False
6721;6722;2.214428857715431;0.5416666666666666;13;False
6722;6723;2.224448897795591;0.5416666666666666;13;False
6723;6724;2.2344689378757514;0.5416666666666666;13;False
6724;6725;2.244488977955912;0.5416666666666666;13;False
6725;6726;2.254509018036072;0.5416390956881064;13;False
6726;6727;2.2645290581162323;0.5413811229537568;13;False
6727;6728;2.2745490981963927;0.5408556523136907;13;False
6728;6729;2.284569138276553;0.5400710039575171;13;False
6729;6730;2.294589178356713;0.5390396018393103;13;False
6730;6731;2.3046092184368736;0.5377777769593816;13;False
6731;6732;2.314629258517034;0.5363055087827168;13;False
6732;6733;2.3246492985971945;0.5346461088884049;13;False
6733;6734;2.3346693386773545;0.5328258518590868;13;False
6734;6735;2.344689378757515;0.5308735592548384;13;False
6735;6736;2.3547094188376754;0.5288201432587594;13;False
6736;6737;2.3647294589178354;0.5266981172200852;13;False
6737;6738;2.374749498997996;0.5245410808447755;13;False
6738;6739;2.3847695390781563;0.5223831881849644;13;False
6739;6740;2.3947895791583167;0.520258606851012;13;False
6740;6741;2.4048096192384767;0.5182009770088762;13;False
6741;6742;2.414829659318637;0.5162428787289285;13;False
6742;6743;2.4248496993987976;0.5144153161200946;13;False
6743;6744;2.434869739478958;0.5127472264174325;13;False
6744;6745;2.444889779559118;0.511265021796148;13;False
6745;6746;2.4549098196392785;0.5099921711668665;13;False
6746;6747;2.464929859719439;0.5089488285739285;13;False
6747;6748;2.474949899799599;0.5081515140805657;13;False
6748;6749;2.4849699398797593;0.5076128521937567;13;False
6749;6750;2.49498997995992;0.5073413719704873;13;False
6750;6751;2.50501002004008;0.5073413719704873;13;False
6751;6752;2.51503006012024;0.5076128521937567;13;False
6752;6753;2.5250501002004007;0.5081515140805657;13;False
6753;6754;2.535070140280561;0.5089488285739285;13;False
6754;6755;2.5450901803607215;0.5099921711668665;13;False
6755;6756;2.5551102204408815;0.5112650217961479;13;False
6756;6757;2.565130260521042;0.5127472264174325;13;False
6757;6758;2.5751503006012024;0.5144153161200946;13;False
6758;6759;2.5851703406813624;0.5162428787289284;13;False
6759;6760;2.595190380761523;0.5182009770088761;13;False
6760;6761;2.6052104208416833;0.520258606851012;13;False
6761;6762;2.6152304609218437;0.5223831881849644;13;False
6762;6763;2.6252505010020037;0.5245410808447754;13;False
6763;6764;2.635270541082164;0.5266981172200851;13;False
6764;6765;2.6452905811623246;0.5288201432587594;13;False
6765;6766;2.655310621242485;0.5308735592548384;13;False
6766;6767;2.665330661322645;0.5328258518590867;13;False
6767;6768;2.6753507014028055;0.5346461088884049;13;False
6768;6769;2.685370741482966;0.5363055087827168;13;False
6769;6770;2.695390781563126;0.5377777769593816;13;False
6770;6771;2.7054108216432864;0.5390396018393102;13;False
6771;6772;2.715430861723447;0.5400710039575171;13;False
6772;6773;2.7254509018036073;0.5408556523136907;13;False
6773;6774;2.7354709418837673;0.5413811229537568;13;False
6774;6775;2.7454909819639277;0.5416390956881064;13;False
6775;6776;2.755511022044088;0.5416666666666666;13;False
6776;6777;2.7655310621242486;0.5416666666666666;13;False
6777;6778;2.7755511022044086;0.5416666666666666;13;False
6778;6779;2.785571142284569;0.5416666666666666;13;False
6779;6780;2.7955911823647295;0.5416666666666666;13;False
6780;6781;2.8056112224448895;0.5416666666666666;13;False
6781;6782;2.81563126252505;0.5416666666666666;13;False
6782;6783;2.8256513026052104;0.5416666666666666;13;False
6783;6784;2.835671342685371;0.5416666666666666;13;False
6784;6785;2.845691382765531;0.5416666666666666;13;False
6785;6786;2.8557114228456912;0.5416666666666666;13;False
6786;6787;2.8657314629258517;0.5416666666666666;13;False
6787;6788;2.875751503006012;0.5416666666666666;13;False
6788;6789;2.885771543086172;0.5416666666666666;13;False
6789;6790;2.8957915831663326;0.5416666666666666;13;False
6790;6791;2.905811623246493;0.5416666666666666;13;False
6791;6792;2.915831663326653;0.5416666666666666;13;False
6792;6793;2.9258517034068134;0.5416666666666666;13;False
6793;6794;2.935871743486974;0.5416666666666666;13;False
6794;6795;2.9458917835671343;0.5416666666666666;13;False
6795;6796;2.9559118236472943;0.5416666666666666;13;False
6796;6797;2.9659318637274548;0.5416666666666666;13;False
6797;6798;2.975951903807615;0.5416666666666666;13;False
6798;6799;2.9859719438877756;0.5416666666666666;13;False
6799;6800;2.9959919839679356;0.5416666666666666;13;False
6800;6801;3.006012024048096;0.5416666666666666;13;False
6801;6802;3.0160320641282565;0.5416666666666666;13;False
6802;6803;3.0260521042084165;0.5416666666666666;13;False
6803;6804;3.036072144288577;0.5416666666666666;13;False
6804;6805;3.0460921843687374;0.5416666666666666;13;False
6805;6806;3.056112224448898;0.5416666666666666;13;False
6806;6807;3.066132264529058;0.5416666666666666;13;False
6807;6808;3.0761523046092183;0.5416666666666666;13;False
6808;6809;3.0861723446893787;0.5416666666666666;13;False
6809;6810;3.096192384769539;0.5416666666666666;13;False
6810;6811;3.106212424849699;0.5416666666666666;13;False
6811;6812;3.1162324649298596;0.5416666666666666;13;False
6812;6813;3.12625250501002;0.5416666666666666;13;False
6813;6814;3.13627254509018;0.5416666666666666;13;False
6814;6815;3.1462925851703405;0.5416666666666666;13;False
6815;6816;3.156312625250501;0.5416666666666666;13;False
6816;6817;3.1663326653306614;0.5416666666666666;13;False
6817;6818;3.1763527054108214;0.5416666666666666;13;False
6818;6819;3.186372745490982;0.5416666666666666;13;False
6819;6820;3.1963927855711423;0.5416666666666666;13;False
6820;6821;3.2064128256513023;0.5416666666666666;13;False
6821;6822;3.2164328657314627;0.5416666666666666;13;False
6822;6823;3.226452905811623;0.5416666666666666;13;False
6823;6824;3.2364729458917836;0.5416666666666666;13;False
6824;6825;3.2464929859719436;0.5416666666666666;13;False
6825;6826;3.256513026052104;0.5416666666666666;13;False
6826;6827;3.2665330661322645;0.5416666666666666;13;False
6827;6828;3.276553106212425;0.5416666666666666;13;False
6828;6829;3.286573146292585;0.5416666666666666;13;False
6829;6830;3.2965931863727453;0.5416666666666666;13;False
6830;6831;3.306613226452906;0.5416666666666666;13;False
6831;6832;3.316633266533066;0.5416666666666666;13;False
6832;6833;3.3266533066132262;0.5416666666666666;13;False
6833;6834;3.3366733466933867;0.5416666666666666;13;False
6834;6835;3.346693386773547;0.5416666666666666;13;False
6835;6836;3.356713426853707;0.5416666666666666;13;False
6836;6837;3.3667334669338675;0.5416666666666666;13;False
6837;6838;3.376753507014028;0.5416666666666666;13;False
6838;6839;3.3867735470941884;0.5416666666666666;13;False
6839;6840;3.3967935871743484;0.5416666666666666;13;False
6840;6841;3.406813627254509;0.5416666666666666;13;False
6841;6842;3.4168336673346693;0.5416666666666666;13;False
6842;6843;3.4268537074148293;0.5416666666666666;13;False
6843;6844;3.4368737474949898;0.5416666666666666;13;False
6844;6845;3.44689378757515;0.5416666666666666;13;False
6845;6846;3.4569138276553106;0.5416666666666666;13;False
6846;6847;3.4669338677354706;0.5416666666666666;13;False
6847;6848;3.476953907815631;0.5416666666666666;13;False
6848;6849;3.4869739478957915;0.5416666666666666;13;False
6849;6850;3.496993987975952;0.5416666666666666;13;False
6850;6851;3.507014028056112;0.5416666666666666;13;False
6851;6852;3.5170340681362724;0.5416666666666666;13;False
6852;6853;3.527054108216433;0.5416666666666666;13;False
6853;6854;3.537074148296593;0.5416666666666666;13;False
6854;6855;3.5470941883767533;0.5416666666666666;13;False
6855;6856;3.5571142284569137;0.5416666666666666;13;False
6856;6857;3.567134268537074;0.5416666666666666;13;False
6857;6858;3.577154308617234;0.5416666666666666;13;False
6858;6859;3.5871743486973946;0.5416666666666666;13;False
6859;6860;3.597194388777555;0.5416666666666666;13;False
6860;6861;3.6072144288577155;0.5416666666666666;13;False
6861;6862;3.6172344689378755;0.5416666666666666;13;False
6862;6863;3.627254509018036;0.5416666666666666;13;False
6863;6864;3.6372745490981964;0.5416666666666666;13;False
6864;6865;3.6472945891783564;0.5416666666666666;13;False
6865;6866;3.657314629258517;0.5416666666666666;13;False
6866;6867;3.6673346693386772;0.5416666666666666;13;False
6867;6868;3.6773547094188377;0.5416666666666666;13;False
6868;6869;3.6873747494989977;0.5416666666666666;13;False
6869;6870;3.697394789579158;0.5416666666666666;13;False
6870;6871;3.7074148296593186;0.5416666666666666;13;False
6871;6872;3.717434869739479;0.5416666666666666;13;False
6872;6873;3.727454909819639;0.5416666666666666;13;False
6873;6874;3.7374749498997994;0.5416666666666666;13;False
6874;6875;3.74749498997996;0.5416666666666666;13;False
6875;6876;3.75751503006012;0.5416666666666666;13;False
6876;6877;3.7675350701402803;0.5416666666666666;13;False
6877;6878;3.7775551102204408;0.5416666666666666;13;False
6878;6879;3.787575150300601;0.5416666666666666;13;False
6879;6880;3.797595190380761;0.5416666666666666;13;False
6880;6881;3.8076152304609217;0.5416666666666666;13;False
6881;6882;3.817635270541082;0.5416666666666666;13;False
6882;6883;3.8276553106212425;0.5416666666666666;13;False
6883;6884;3.8376753507014025;0.5416666666666666;13;False
6884;6885;3.847695390781563;0.5416666666666666;13;False
6885;6886;3.8577154308617234;0.5416666666666666;13;False
6886;6887;3.8677354709418834;0.5416666666666666;13;False
6887;6888;3.877755511022044;0.5416666666666666;13;False
6888;6889;3.8877755511022043;0.5416666666666666;13;False
6889;6890;3.8977955911823647;0.5416666666666666;13;False
6890;6891;3.9078156312625247;0.5416666666666666;13;False
6891;6892;3.917835671342685;0.5416666666666666;13;False
6892;6893;3.9278557114228456;0.5416666666666666;13;False
6893;6894;3.937875751503006;0.5416666666666666;13;False
6894;6895;3.947895791583166;0.5416666666666666;13;False
6895;6896;3.9579158316633265;0.5416666666666666;13;False
6896;6897;3.967935871743487;0.5416666666666666;13;False
6897;6898;3.977955911823647;0.5416666666666666;13;False
6898;6899;3.9879759519038074;0.5416666666666666;13;False
6899;6900;3.997995991983968;0.5416666666666666;13;False
6900;6901;4.008016032064128;0.5416666666666666;13;False
6901;6902;4.018036072144288;0.5416666666666666;13;False
6902;6903;4.028056112224449;0.5416666666666666;13;False
6903;6904;4.038076152304609;0.5416666666666666;13;False
6904;6905;4.04809619238477;0.5416666666666666;13;False
6905;6906;4.05811623246493;0.5416666666666666;13;False
6906;6907;4.06813627254509;0.5416666666666666;13;False
6907;6908;4.07815631262525;0.5416666666666666;13;False
6908;6909;4.0881763527054105;0.5416666666666666;13;False
6909;6910;4.098196392785571;0.5416666666666666;13;False
6910;6911;4.108216432865731;0.5416666666666666;13;False
6911;6912;4.118236472945892;0.5416666666666666;13;False
6912;6913;4.128256513026052;0.5416666666666666;13;False
6913;6914;4.138276553106213;0.5416666666666666;13;False
6914;6915;4.148296593186372;0.5416666666666666;13;False
6915;6916;4.158316633266533;0.5416666666666666;13;False
6916;6917;4.168336673346693;0.5416666666666666;13;False
6917;6918;4.1783567134268536;0.5416666666666666;13;False
6918;6919;4.188376753507014;0.5416666666666666;13;False
6919;6920;4.198396793587174;0.5416666666666666;13;False
6920;6921;4.208416833667335;0.5416666666666666;13;False
6921;6922;4.218436873747494;0.5416666666666666;13;False
6922;6923;4.228456913827655;0.5416666666666666;13;False
6923;6924;4.238476953907815;0.5416666666666666;13;False
6924;6925;4.248496993987976;0.5416666666666666;13;False
6925;6926;4.258517034068136;0.5416666666666666;13;False
6926;6927;4.268537074148297;0.5416666666666666;13;False
6927;6928;4.278557114228457;0.5416666666666666;13;False
6928;6929;4.288577154308617;0.5416666666666666;13;False
6929;6930;4.298597194388777;0.5416666666666666;13;False
6930;6931;4.3086172344689375;0.5416666666666666;13;False
6931;6932;4.318637274549098;0.5416666666666666;13;False
6932;6933;4.328657314629258;0.5416666666666666;13;False
6933;6934;4.338677354709419;0.5416666666666666;13;False
6934;6935;4.348697394789579;0.5416666666666666;13;False
6935;6936;4.35871743486974;0.5416666666666666;13;False
6936;6937;4.368737474949899;0.5416666666666666;13;False
6937;6938;4.37875751503006;0.5416666666666666;13;False
6938;6939;4.38877755511022;0.5416666666666666;13;False
6939;6940;4.398797595190381;0.5416666666666666;13;False
6940;6941;4.408817635270541;0.5416666666666666;13;False
6941;6942;4.4188376753507015;0.5416666666666666;13;False
6942;6943;4.428857715430862;0.5416666666666666;13;False
6943;6944;4.4388777555110215;0.5416666666666666;13;False
6944;6945;4.448897795591182;0.5416666666666666;13;False
6945;6946;4.458917835671342;0.5416666666666666;13;False
6946;6947;4.468937875751503;0.5416666666666666;13;False
6947;6948;4.478957915831663;0.5416666666666666;13;False
6948;6949;4.488977955911824;0.5416666666666666;13;False
6949;6950;4.498997995991984;0.5416666666666666;13;False
6950;6951;4.509018036072144;0.5416666666666666;13;False
6951;6952;4.519038076152304;0.5416666666666666;13;False
6952;6953;4.529058116232465;0.5416666666666666;13;False
6953;6954;4.539078156312625;0.5416666666666666;13;False
6954;6955;4.5490981963927855;0.5416666666666666;13;False
6955;6956;4.559118236472946;0.5416666666666666;13;False
6956;6957;4.569138276553106;0.5416666666666666;13;False
6957;6958;4.579158316633267;0.5416666666666666;13;False
6958;6959;4.589178356713426;0.5416666666666666;13;False
6959;6960;4.599198396793587;0.5416666666666666;13;False
6960;6961;4.609218436873747;0.5416666666666666;13;False
6961;6962;4.619238476953908;0.5416666666666666;13;False
6962;6963;4.629258517034068;0.5416666666666666;13;False
6963;6964;4.6392785571142285;0.5416666666666666;13;False
6964;6965;4.649298597194389;0.5416666666666666;13;False
6965;6966;4.6593186372745485;0.5416666666666666;13;False
6966;6967;4.669338677354709;0.5416666666666666;13;False
6967;6968;4.679358717434869;0.5416666666666666;13;False
6968;6969;4.68937875751503;0.5416666666666666;13;False
6969;6970;4.69939879759519;0.5416666666666666;13;False
6970;6971;4.709418837675351;0.5416666666666666;13;False
6971;6972;4.719438877755511;0.5416666666666666;13;False
6972;6973;4.729458917835671;0.5416666666666666;13;False
6973;6974;4.739478957915831;0.5416666666666666;13;False
6974;6975;4.749498997995992;0.5416666666666666;13;False
6975;6976;4.759519038076152;0.5416666666666666;13;False
6976;6977;4.7695390781563125;0.5416666666666666;13;False
6977;6978;4.779559118236473;0.5416666666666666;13;False
6978;6979;4.789579158316633;0.5416666666666666;13;False
6979;6980;4.799599198396794;0.5416666666666666;13;False
6980;6981;4.809619238476953;0.5416666666666666;13;False
6981;6982;4.819639278557114;0.5416666666666666;13;False
6982;6983;4.829659318637274;0.5416666666666666;13;False
6983;6984;4.839679358717435;0.5416666666666666;13;False
6984;6985;4.849699398797595;0.5416666666666666;13;False
6985;6986;4.859719438877756;0.5416666666666666;13;False
6986;6987;4.869739478957916;0.5416666666666666;13;False
6987;6988;4.879759519038076;0.5416666666666666;13;False
6988;6989;4.889779559118236;0.5416666666666666;13;False
6989;6990;4.8997995991983965;0.5416666666666666;13;False
6990;6991;4.909819639278557;0.5416666666666666;13;False
6991;6992;4.919839679358717;0.5416666666666666;13;False
6992;6993;4.929859719438878;0.5416666666666666;13;False
6993;6994;4.939879759519038;0.5416666666666666;13;False
6994;6995;4.949899799599198;0.5416666666666666;13;False
6995;6996;4.959919839679358;0.5416666666666666;13;False
6996;6997;4.969939879759519;0.5416666666666666;13;False
6997;6998;4.979959919839679;0.5416666666666666;13;False
6998;6999;4.98997995991984;0.5416666666666666;13;False
6999;7000;5.0;0.5416666666666666;13;False
7000;7001;0.0;0.5833333333333334;14;False
7001;7002;0.01002004008016032;0.5833333333333334;14;False
7002;7003;0.02004008016032064;0.5833333333333334;14;False
7003;7004;0.03006012024048096;0.5833333333333334;14;False
7004;7005;0.04008016032064128;0.5833333333333334;14;False
7005;7006;0.0501002004008016;0.5833333333333334;14;False
7006;7007;0.06012024048096192;0.5833333333333334;14;False
7007;7008;0.07014028056112225;0.5833333333333334;14;False
7008;7009;0.08016032064128256;0.5833333333333334;14;False
7009;7010;0.09018036072144288;0.5833333333333334;14;False
7010;7011;0.1002004008016032;0.5833333333333334;14;False
7011;7012;0.11022044088176353;0.5833333333333334;14;False
7012;7013;0.12024048096192384;0.5833333333333334;14;False
7013;7014;0.13026052104208416;0.5833333333333334;14;False
7014;7015;0.1402805611222445;0.5833333333333334;14;False
7015;7016;0.1503006012024048;0.5833333333333334;14;False
7016;7017;0.16032064128256512;0.5833333333333334;14;False
7017;7018;0.17034068136272545;0.5833333333333334;14;False
7018;7019;0.18036072144288576;0.5833333333333334;14;False
7019;7020;0.1903807615230461;0.5833333333333334;14;False
7020;7021;0.2004008016032064;0.5833333333333334;14;False
7021;7022;0.21042084168336672;0.5833333333333334;14;False
7022;7023;0.22044088176352705;0.5833333333333334;14;False
7023;7024;0.23046092184368736;0.5833333333333334;14;False
7024;7025;0.24048096192384769;0.5833333333333334;14;False
7025;7026;0.250501002004008;0.5833333333333334;14;False
7026;7027;0.2605210420841683;0.5833333333333334;14;False
7027;7028;0.27054108216432865;0.5833333333333334;14;False
7028;7029;0.280561122244489;0.5833333333333334;14;False
7029;7030;0.2905811623246493;0.5833333333333334;14;False
7030;7031;0.3006012024048096;0.5833333333333334;14;False
7031;7032;0.3106212424849699;0.5833333333333334;14;False
7032;7033;0.32064128256513025;0.5833333333333334;14;False
7033;7034;0.3306613226452906;0.5833333333333334;14;False
7034;7035;0.3406813627254509;0.5833333333333334;14;False
7035;7036;0.3507014028056112;0.5833333333333334;14;False
7036;7037;0.3607214428857715;0.5833333333333334;14;False
7037;7038;0.37074148296593185;0.5833333333333334;14;False
7038;7039;0.3807615230460922;0.5833333333333334;14;False
7039;7040;0.3907815631262525;0.5833333333333334;14;False
7040;7041;0.4008016032064128;0.5833333333333334;14;False
7041;7042;0.4108216432865731;0.5833333333333334;14;False
7042;7043;0.42084168336673344;0.5833333333333334;14;False
7043;7044;0.4308617234468938;0.5833333333333334;14;False
7044;7045;0.4408817635270541;0.5833333333333334;14;False
7045;7046;0.45090180360721444;0.5833333333333334;14;False
7046;7047;0.4609218436873747;0.5833333333333334;14;False
7047;7048;0.47094188376753504;0.5833333333333334;14;False
7048;7049;0.48096192384769537;0.5833333333333334;14;False
7049;7050;0.4909819639278557;0.5833333333333334;14;False
7050;7051;0.501002004008016;0.5833333333333334;14;False
7051;7052;0.5110220440881763;0.5833333333333334;14;False
7052;7053;0.5210420841683366;0.5833333333333334;14;False
7053;7054;0.531062124248497;0.5833333333333334;14;False
7054;7055;0.5410821643286573;0.5833333333333334;14;False
7055;7056;0.5511022044088176;0.5833333333333334;14;False
7056;7057;0.561122244488978;0.5833333333333334;14;False
7057;7058;0.5711422845691383;0.5833333333333334;14;False
7058;7059;0.5811623246492986;0.5833333333333334;14;False
7059;7060;0.5911823647294588;0.5833333333333334;14;False
7060;7061;0.6012024048096192;0.5833333333333334;14;False
7061;7062;0.6112224448897795;0.5833333333333334;14;False
7062;7063;0.6212424849699398;0.5833333333333334;14;False
7063;7064;0.6312625250501002;0.5833333333333334;14;False
7064;7065;0.6412825651302605;0.5833333333333334;14;False
7065;7066;0.6513026052104208;0.5833333333333334;14;False
7066;7067;0.6613226452905812;0.5833333333333334;14;False
7067;7068;0.6713426853707415;0.5833333333333334;14;False
7068;7069;0.6813627254509018;0.5833333333333334;14;False
7069;7070;0.6913827655310621;0.5833333333333334;14;False
7070;7071;0.7014028056112224;0.5833333333333334;14;False
7071;7072;0.7114228456913827;0.5833333333333334;14;False
7072;7073;0.721442885771543;0.5833333333333334;14;False
7073;7074;0.7314629258517034;0.5833333333333334;14;False
7074;7075;0.7414829659318637;0.5833333333333334;14;False
7075;7076;0.751503006012024;0.5833333333333334;14;False
7076;7077;0.7615230460921844;0.5833333333333334;14;False
7077;7078;0.7715430861723447;0.5833333333333334;14;False
7078;7079;0.781563126252505;0.5833333333333334;14;False
7079;7080;0.7915831663326653;0.5833333333333334;14;False
7080;7081;0.8016032064128256;0.5833333333333334;14;False
7081;7082;0.8116232464929859;0.5833333333333334;14;False
7082;7083;0.8216432865731462;0.5833333333333334;14;False
7083;7084;0.8316633266533066;0.5833333333333334;14;False
7084;7085;0.8416833667334669;0.5833333333333334;14;False
7085;7086;0.8517034068136272;0.5833333333333334;14;False
7086;7087;0.8617234468937875;0.5833333333333334;14;False
7087;7088;0.8717434869739479;0.5833333333333334;14;False
7088;7089;0.8817635270541082;0.5833333333333334;14;False
7089;7090;0.8917835671342685;0.5833333333333334;14;False
7090;7091;0.9018036072144289;0.5833333333333334;14;False
7091;7092;0.9118236472945891;0.5833333333333334;14;False
7092;7093;0.9218436873747494;0.5833333333333334;14;False
7093;7094;0.9318637274549098;0.5833333333333334;14;False
7094;7095;0.9418837675350701;0.5833333333333334;14;False
7095;7096;0.9519038076152304;0.5833333333333334;14;False
7096;7097;0.9619238476953907;0.5833333333333334;14;False
7097;7098;0.9719438877755511;0.5833333333333334;14;False
7098;7099;0.9819639278557114;0.5833333333333334;14;False
7099;7100;0.9919839679358717;0.5833333333333334;14;False
7100;7101;1.002004008016032;0.5833333333333334;14;False
7101;7102;1.0120240480961924;0.5833333333333334;14;False
7102;7103;1.0220440881763526;0.5833333333333334;14;False
7103;7104;1.032064128256513;0.5833333333333334;14;False
7104;7105;1.0420841683366733;0.5833333333333334;14;False
7105;7106;1.0521042084168337;0.5833333333333334;14;False
7106;7107;1.062124248496994;0.5833333333333334;14;False
7107;7108;1.0721442885771542;0.5833333333333334;14;False
7108;7109;1.0821643286573146;0.5833333333333334;14;False
7109;7110;1.0921843687374748;0.5833333333333334;14;False
7110;7111;1.1022044088176353;0.5833333333333334;14;False
7111;7112;1.1122244488977955;0.5833333333333334;14;False
7112;7113;1.122244488977956;0.5833333333333334;14;False
7113;7114;1.1322645290581161;0.5833333333333334;14;False
7114;7115;1.1422845691382766;0.5833333333333334;14;False
7115;7116;1.1523046092184368;0.5833333333333334;14;False
7116;7117;1.1623246492985972;0.5833333333333334;14;False
7117;7118;1.1723446893787575;0.5833333333333334;14;False
7118;7119;1.1823647294589177;0.5833333333333334;14;False
7119;7120;1.1923847695390781;0.5833333333333334;14;False
7120;7121;1.2024048096192383;0.5833333333333334;14;False
7121;7122;1.2124248496993988;0.5833333333333334;14;False
7122;7123;1.222444889779559;0.5833333333333334;14;False
7123;7124;1.2324649298597194;0.5833333333333334;14;False
7124;7125;1.2424849699398797;0.5833333333333334;14;False
7125;7126;1.25250501002004;0.5833333333333334;14;False
7126;7127;1.2625250501002003;0.5833333333333334;14;False
7127;7128;1.2725450901803608;0.5833333333333334;14;False
7128;7129;1.282565130260521;0.5833333333333334;14;False
7129;7130;1.2925851703406812;0.5833333333333334;14;False
7130;7131;1.3026052104208417;0.5833333333333334;14;False
7131;7132;1.3126252505010019;0.5833333333333334;14;False
7132;7133;1.3226452905811623;0.5833333333333334;14;False
7133;7134;1.3326653306613225;0.5833333333333334;14;False
7134;7135;1.342685370741483;0.5833333333333334;14;False
7135;7136;1.3527054108216432;0.5833333333333334;14;False
7136;7137;1.3627254509018036;0.5833333333333334;14;False
7137;7138;1.3727454909819639;0.5833333333333334;14;False
7138;7139;1.3827655310621243;0.5833333333333334;14;False
7139;7140;1.3927855711422845;0.5833333333333334;14;False
7140;7141;1.4028056112224447;0.5833333333333334;14;False
7141;7142;1.4128256513026052;0.5833333333333334;14;False
7142;7143;1.4228456913827654;0.5833333333333334;14;False
7143;7144;1.4328657314629258;0.5833333333333334;14;False
7144;7145;1.442885771543086;0.5833333333333334;14;False
7145;7146;1.4529058116232465;0.5833333333333334;14;False
7146;7147;1.4629258517034067;0.5833333333333334;14;False
7147;7148;1.4729458917835672;0.5833333333333334;14;False
7148;7149;1.4829659318637274;0.5833333333333334;14;False
7149;7150;1.4929859719438878;0.5833333333333334;14;False
7150;7151;1.503006012024048;0.5833333333333334;14;False
7151;7152;1.5130260521042083;0.5833333333333334;14;False
7152;7153;1.5230460921843687;0.5833333333333334;14;False
7153;7154;1.533066132264529;0.5833333333333334;14;False
7154;7155;1.5430861723446894;0.5833333333333334;14;False
7155;7156;1.5531062124248496;0.5833333333333334;14;False
7156;7157;1.56312625250501;0.5833333333333334;14;False
7157;7158;1.5731462925851702;0.5833333333333334;14;False
7158;7159;1.5831663326653307;0.5833333333333334;14;False
7159;7160;1.593186372745491;0.5833333333333334;14;False
7160;7161;1.6032064128256511;0.5833333333333334;14;False
7161;7162;1.6132264529058116;0.5833333333333334;14;False
7162;7163;1.6232464929859718;0.5833333333333334;14;False
7163;7164;1.6332665330661322;0.5833333333333334;14;False
7164;7165;1.6432865731462925;0.5833333333333334;14;False
7165;7166;1.653306613226453;0.5833333333333334;14;False
7166;7167;1.6633266533066131;0.5833333333333334;14;False
7167;7168;1.6733466933867736;0.5833333333333334;14;False
7168;7169;1.6833667334669338;0.5833333333333334;14;False
7169;7170;1.6933867735470942;0.5833333333333334;14;False
7170;7171;1.7034068136272544;0.5833333333333334;14;False
7171;7172;1.7134268537074147;0.5833333333333334;14;False
7172;7173;1.723446893787575;0.5833333333333334;14;False
7173;7174;1.7334669338677353;0.5833333333333334;14;False
7174;7175;1.7434869739478958;0.5833333333333334;14;False
7175;7176;1.753507014028056;0.5833333333333334;14;False
7176;7177;1.7635270541082164;0.5833333333333334;14;False
7177;7178;1.7735470941883766;0.5833333333333334;14;False
7178;7179;1.783567134268537;0.5833333333333334;14;False
7179;7180;1.7935871743486973;0.5833333333333334;14;False
7180;7181;1.8036072144288577;0.5833333333333334;14;False
7181;7182;1.813627254509018;0.5833333333333334;14;False
7182;7183;1.8236472945891782;0.5833333333333334;14;False
7183;7184;1.8336673346693386;0.5833333333333334;14;False
7184;7185;1.8436873747494988;0.5833333333333334;14;False
7185;7186;1.8537074148296593;0.5833333333333334;14;False
7186;7187;1.8637274549098195;0.5833333333333334;14;False
7187;7188;1.87374749498998;0.5833333333333334;14;False
7188;7189;1.8837675350701402;0.5833333333333334;14;False
7189;7190;1.8937875751503006;0.5833333333333334;14;False
7190;7191;1.9038076152304608;0.5833333333333334;14;False
7191;7192;1.9138276553106213;0.5833333333333334;14;False
7192;7193;1.9238476953907815;0.5833333333333334;14;False
7193;7194;1.9338677354709417;0.5833333333333334;14;False
7194;7195;1.9438877755511021;0.5833333333333334;14;False
7195;7196;1.9539078156312624;0.5833333333333334;14;False
7196;7197;1.9639278557114228;0.5833333333333334;14;False
7197;7198;1.973947895791583;0.5833333333333334;14;False
7198;7199;1.9839679358717435;0.5833333333333334;14;False
7199;7200;1.9939879759519037;0.5833333333333334;14;False
7200;7201;2.004008016032064;0.5833333333333334;14;False
7201;7202;2.0140280561122244;0.5833333333333334;14;False
7202;7203;2.024048096192385;0.5833333333333334;14;False
7203;7204;2.034068136272545;0.5833333333333334;14;False
7204;7205;2.0440881763527052;0.5833333333333334;14;False
7205;7206;2.0541082164328657;0.5833333333333334;14;False
7206;7207;2.064128256513026;0.5833333333333334;14;False
7207;7208;2.074148296593186;0.5833333333333334;14;False
7208;7209;2.0841683366733466;0.5833333333333334;14;False
7209;7210;2.094188376753507;0.5833333333333334;14;False
7210;7211;2.1042084168336674;0.5833333333333334;14;False
7211;7212;2.1142284569138274;0.5833333333333334;14;False
7212;7213;2.124248496993988;0.5833333333333334;14;False
7213;7214;2.1342685370741483;0.5833333333333334;14;False
7214;7215;2.1442885771543083;0.5833333333333334;14;False
7215;7216;2.1543086172344688;0.5833333333333334;14;False
7216;7217;2.164328657314629;0.5833333333333334;14;False
7217;7218;2.1743486973947896;0.5833333333333334;14;False
7218;7219;2.1843687374749496;0.5833333333333334;14;False
7219;7220;2.19438877755511;0.5833333333333334;14;False
7220;7221;2.2044088176352705;0.5833333333333334;14;False
7221;7222;2.214428857715431;0.5833333333333334;14;False
7222;7223;2.224448897795591;0.5833333333333334;14;False
7223;7224;2.2344689378757514;0.5833333333333334;14;False
7224;7225;2.244488977955912;0.5833333333333334;14;False
7225;7226;2.254509018036072;0.5833102886003604;14;False
7226;7227;2.2645290581162323;0.5830946664829082;14;False
7227;7228;2.2745490981963927;0.5826554607957039;14;False
7228;7229;2.284569138276553;0.5819996258275623;14;False
7229;7230;2.294589178356713;0.5811375459289516;14;False
7230;7231;2.3046092184368736;0.5800828710884105;14;False
7231;7232;2.314629258517034;0.5788523008015533;14;False
7232;7233;2.3246492985971945;0.5774653196548303;14;False
7233;7234;2.3346693386773545;0.5759438888107593;14;False
7234;7235;2.344689378757515;0.5743120982795792;14;False
7235;7236;2.3547094188376754;0.572595785483186;14;False
7236;7237;2.3647294589178354;0.5708221261509266;14;False
7237;7238;2.374749498997996;0.5690192040249186;14;False
7238;7239;2.3847695390781563;0.5672155661880903;14;False
7239;7240;2.3947895791583167;0.5654397710557821;14;False
7240;7241;2.4048096192384767;0.5637199361879124;14;False
7241;7242;2.414829659318637;0.5620832930815535;14;False
7242;7243;2.4248496993987976;0.5605557559932378;14;False
7243;7244;2.434869739478958;0.5591615116181685;14;False
7244;7245;2.444889779559118;0.5579226361232655;14;False
7245;7246;2.4549098196392785;0.5568587455978657;14;False
7246;7247;2.464929859719439;0.5559866854567639;14;False
7247;7248;2.474949899799599;0.5553202637135217;14;False
7248;7249;2.4849699398797593;0.5548700323473373;14;False
7249;7250;2.49498997995992;0.5546431202252663;14;False
7250;7251;2.50501002004008;0.5546431202252663;14;False
7251;7252;2.51503006012024;0.5548700323473373;14;False
7252;7253;2.5250501002004007;0.5553202637135216;14;False
7253;7254;2.535070140280561;0.5559866854567639;14;False
7254;7255;2.5450901803607215;0.5568587455978657;14;False
7255;7256;2.5551102204408815;0.5579226361232655;14;False
7256;7257;2.565130260521042;0.5591615116181685;14;False
7257;7258;2.5751503006012024;0.5605557559932378;14;False
7258;7259;2.5851703406813624;0.5620832930815534;14;False
7259;7260;2.595190380761523;0.5637199361879124;14;False
7260;7261;2.6052104208416833;0.5654397710557821;14;False
7261;7262;2.6152304609218437;0.5672155661880903;14;False
7262;7263;2.6252505010020037;0.5690192040249186;14;False
7263;7264;2.635270541082164;0.5708221261509266;14;False
7264;7265;2.6452905811623246;0.572595785483186;14;False
7265;7266;2.655310621242485;0.5743120982795792;14;False
7266;7267;2.665330661322645;0.5759438888107593;14;False
7267;7268;2.6753507014028055;0.5774653196548303;14;False
7268;7269;2.685370741482966;0.5788523008015533;14;False
7269;7270;2.695390781563126;0.5800828710884105;14;False
7270;7271;2.7054108216432864;0.5811375459289515;14;False
7271;7272;2.715430861723447;0.5819996258275623;14;False
7272;7273;2.7254509018036073;0.5826554607957039;14;False
7273;7274;2.7354709418837673;0.5830946664829082;14;False
7274;7275;2.7454909819639277;0.5833102886003604;14;False
7275;7276;2.755511022044088;0.5833333333333334;14;False
7276;7277;2.7655310621242486;0.5833333333333334;14;False
7277;7278;2.7755511022044086;0.5833333333333334;14;False
7278;7279;2.785571142284569;0.5833333333333334;14;False
7279;7280;2.7955911823647295;0.5833333333333334;14;False
7280;7281;2.8056112224448895;0.5833333333333334;14;False
7281;7282;2.81563126252505;0.5833333333333334;14;False
7282;7283;2.8256513026052104;0.5833333333333334;14;False
7283;7284;2.835671342685371;0.5833333333333334;14;False
7284;7285;2.845691382765531;0.5833333333333334;14;False
7285;7286;2.8557114228456912;0.5833333333333334;14;False
7286;7287;2.8657314629258517;0.5833333333333334;14;False
7287;7288;2.875751503006012;0.5833333333333334;14;False
7288;7289;2.885771543086172;0.5833333333333334;14;False
7289;7290;2.8957915831663326;0.5833333333333334;14;False
7290;7291;2.905811623246493;0.5833333333333334;14;False
7291;7292;2.915831663326653;0.5833333333333334;14;False
7292;7293;2.9258517034068134;0.5833333333333334;14;False
7293;7294;2.935871743486974;0.5833333333333334;14;False
7294;7295;2.9458917835671343;0.5833333333333334;14;False
7295;7296;2.9559118236472943;0.5833333333333334;14;False
7296;7297;2.9659318637274548;0.5833333333333334;14;False
7297;7298;2.975951903807615;0.5833333333333334;14;False
7298;7299;2.9859719438877756;0.5833333333333334;14;False
7299;7300;2.9959919839679356;0.5833333333333334;14;False
7300;7301;3.006012024048096;0.5833333333333334;14;False
7301;7302;3.0160320641282565;0.5833333333333334;14;False
7302;7303;3.0260521042084165;0.5833333333333334;14;False
7303;7304;3.036072144288577;0.5833333333333334;14;False
7304;7305;3.0460921843687374;0.5833333333333334;14;False
7305;7306;3.056112224448898;0.5833333333333334;14;False
7306;7307;3.066132264529058;0.5833333333333334;14;False
7307;7308;3.0761523046092183;0.5833333333333334;14;False
7308;7309;3.0861723446893787;0.5833333333333334;14;False
7309;7310;3.096192384769539;0.5833333333333334;14;False
7310;7311;3.106212424849699;0.5833333333333334;14;False
7311;7312;3.1162324649298596;0.5833333333333334;14;False
7312;7313;3.12625250501002;0.5833333333333334;14;False
7313;7314;3.13627254509018;0.5833333333333334;14;False
7314;7315;3.1462925851703405;0.5833333333333334;14;False
7315;7316;3.156312625250501;0.5833333333333334;14;False
7316;7317;3.1663326653306614;0.5833333333333334;14;False
7317;7318;3.1763527054108214;0.5833333333333334;14;False
7318;7319;3.186372745490982;0.5833333333333334;14;False
7319;7320;3.1963927855711423;0.5833333333333334;14;False
7320;7321;3.2064128256513023;0.5833333333333334;14;False
7321;7322;3.2164328657314627;0.5833333333333334;14;False
7322;7323;3.226452905811623;0.5833333333333334;14;False
7323;7324;3.2364729458917836;0.5833333333333334;14;False
7324;7325;3.2464929859719436;0.5833333333333334;14;False
7325;7326;3.256513026052104;0.5833333333333334;14;False
7326;7327;3.2665330661322645;0.5833333333333334;14;False
7327;7328;3.276553106212425;0.5833333333333334;14;False
7328;7329;3.286573146292585;0.5833333333333334;14;False
7329;7330;3.2965931863727453;0.5833333333333334;14;False
7330;7331;3.306613226452906;0.5833333333333334;14;False
7331;7332;3.316633266533066;0.5833333333333334;14;False
7332;7333;3.3266533066132262;0.5833333333333334;14;False
7333;7334;3.3366733466933867;0.5833333333333334;14;False
7334;7335;3.346693386773547;0.5833333333333334;14;False
7335;7336;3.356713426853707;0.5833333333333334;14;False
7336;7337;3.3667334669338675;0.5833333333333334;14;False
7337;7338;3.376753507014028;0.5833333333333334;14;False
7338;7339;3.3867735470941884;0.5833333333333334;14;False
7339;7340;3.3967935871743484;0.5833333333333334;14;False
7340;7341;3.406813627254509;0.5833333333333334;14;False
7341;7342;3.4168336673346693;0.5833333333333334;14;False
7342;7343;3.4268537074148293;0.5833333333333334;14;False
7343;7344;3.4368737474949898;0.5833333333333334;14;False
7344;7345;3.44689378757515;0.5833333333333334;14;False
7345;7346;3.4569138276553106;0.5833333333333334;14;False
7346;7347;3.4669338677354706;0.5833333333333334;14;False
7347;7348;3.476953907815631;0.5833333333333334;14;False
7348;7349;3.4869739478957915;0.5833333333333334;14;False
7349;7350;3.496993987975952;0.5833333333333334;14;False
7350;7351;3.507014028056112;0.5833333333333334;14;False
7351;7352;3.5170340681362724;0.5833333333333334;14;False
7352;7353;3.527054108216433;0.5833333333333334;14;False
7353;7354;3.537074148296593;0.5833333333333334;14;False
7354;7355;3.5470941883767533;0.5833333333333334;14;False
7355;7356;3.5571142284569137;0.5833333333333334;14;False
7356;7357;3.567134268537074;0.5833333333333334;14;False
7357;7358;3.577154308617234;0.5833333333333334;14;False
7358;7359;3.5871743486973946;0.5833333333333334;14;False
7359;7360;3.597194388777555;0.5833333333333334;14;False
7360;7361;3.6072144288577155;0.5833333333333334;14;False
7361;7362;3.6172344689378755;0.5833333333333334;14;False
7362;7363;3.627254509018036;0.5833333333333334;14;False
7363;7364;3.6372745490981964;0.5833333333333334;14;False
7364;7365;3.6472945891783564;0.5833333333333334;14;False
7365;7366;3.657314629258517;0.5833333333333334;14;False
7366;7367;3.6673346693386772;0.5833333333333334;14;False
7367;7368;3.6773547094188377;0.5833333333333334;14;False
7368;7369;3.6873747494989977;0.5833333333333334;14;False
7369;7370;3.697394789579158;0.5833333333333334;14;False
7370;7371;3.7074148296593186;0.5833333333333334;14;False
7371;7372;3.717434869739479;0.5833333333333334;14;False
7372;7373;3.727454909819639;0.5833333333333334;14;False
7373;7374;3.7374749498997994;0.5833333333333334;14;False
7374;7375;3.74749498997996;0.5833333333333334;14;False
7375;7376;3.75751503006012;0.5833333333333334;14;False
7376;7377;3.7675350701402803;0.5833333333333334;14;False
7377;7378;3.7775551102204408;0.5833333333333334;14;False
7378;7379;3.787575150300601;0.5833333333333334;14;False
7379;7380;3.797595190380761;0.5833333333333334;14;False
7380;7381;3.8076152304609217;0.5833333333333334;14;False
7381;7382;3.817635270541082;0.5833333333333334;14;False
7382;7383;3.8276553106212425;0.5833333333333334;14;False
7383;7384;3.8376753507014025;0.5833333333333334;14;False
7384;7385;3.847695390781563;0.5833333333333334;14;False
7385;7386;3.8577154308617234;0.5833333333333334;14;False
7386;7387;3.8677354709418834;0.5833333333333334;14;False
7387;7388;3.877755511022044;0.5833333333333334;14;False
7388;7389;3.8877755511022043;0.5833333333333334;14;False
7389;7390;3.8977955911823647;0.5833333333333334;14;False
7390;7391;3.9078156312625247;0.5833333333333334;14;False
7391;7392;3.917835671342685;0.5833333333333334;14;False
7392;7393;3.9278557114228456;0.5833333333333334;14;False
7393;7394;3.937875751503006;0.5833333333333334;14;False
7394;7395;3.947895791583166;0.5833333333333334;14;False
7395;7396;3.9579158316633265;0.5833333333333334;14;False
7396;7397;3.967935871743487;0.5833333333333334;14;False
7397;7398;3.977955911823647;0.5833333333333334;14;False
7398;7399;3.9879759519038074;0.5833333333333334;14;False
7399;7400;3.997995991983968;0.5833333333333334;14;False
7400;7401;4.008016032064128;0.5833333333333334;14;False
7401;7402;4.018036072144288;0.5833333333333334;14;False
7402;7403;4.028056112224449;0.5833333333333334;14;False
7403;7404;4.038076152304609;0.5833333333333334;14;False
7404;7405;4.04809619238477;0.5833333333333334;14;False
7405;7406;4.05811623246493;0.5833333333333334;14;False
7406;7407;4.06813627254509;0.5833333333333334;14;False
7407;7408;4.07815631262525;0.5833333333333334;14;False
7408;7409;4.0881763527054105;0.5833333333333334;14;False
7409;7410;4.098196392785571;0.5833333333333334;14;False
7410;7411;4.108216432865731;0.5833333333333334;14;False
7411;7412;4.118236472945892;0.5833333333333334;14;False
7412;7413;4.128256513026052;0.5833333333333334;14;False
7413;7414;4.138276553106213;0.5833333333333334;14;False
7414;7415;4.148296593186372;0.5833333333333334;14;False
7415;7416;4.158316633266533;0.5833333333333334;14;False
7416;7417;4.168336673346693;0.5833333333333334;14;False
7417;7418;4.1783567134268536;0.5833333333333334;14;False
7418;7419;4.188376753507014;0.5833333333333334;14;False
7419;7420;4.198396793587174;0.5833333333333334;14;False
7420;7421;4.208416833667335;0.5833333333333334;14;False
7421;7422;4.218436873747494;0.5833333333333334;14;False
7422;7423;4.228456913827655;0.5833333333333334;14;False
7423;7424;4.238476953907815;0.5833333333333334;14;False
7424;7425;4.248496993987976;0.5833333333333334;14;False
7425;7426;4.258517034068136;0.5833333333333334;14;False
7426;7427;4.268537074148297;0.5833333333333334;14;False
7427;7428;4.278557114228457;0.5833333333333334;14;False
7428;7429;4.288577154308617;0.5833333333333334;14;False
7429;7430;4.298597194388777;0.5833333333333334;14;False
7430;7431;4.3086172344689375;0.5833333333333334;14;False
7431;7432;4.318637274549098;0.5833333333333334;14;False
7432;7433;4.328657314629258;0.5833333333333334;14;False
7433;7434;4.338677354709419;0.5833333333333334;14;False
7434;7435;4.348697394789579;0.5833333333333334;14;False
7435;7436;4.35871743486974;0.5833333333333334;14;False
7436;7437;4.368737474949899;0.5833333333333334;14;False
7437;7438;4.37875751503006;0.5833333333333334;14;False
7438;7439;4.38877755511022;0.5833333333333334;14;False
7439;7440;4.398797595190381;0.5833333333333334;14;False
7440;7441;4.408817635270541;0.5833333333333334;14;False
7441;7442;4.4188376753507015;0.5833333333333334;14;False
7442;7443;4.428857715430862;0.5833333333333334;14;False
7443;7444;4.4388777555110215;0.5833333333333334;14;False
7444;7445;4.448897795591182;0.5833333333333334;14;False
7445;7446;4.458917835671342;0.5833333333333334;14;False
7446;7447;4.468937875751503;0.5833333333333334;14;False
7447;7448;4.478957915831663;0.5833333333333334;14;False
7448;7449;4.488977955911824;0.5833333333333334;14;False
7449;7450;4.498997995991984;0.5833333333333334;14;False
7450;7451;4.509018036072144;0.5833333333333334;14;False
7451;7452;4.519038076152304;0.5833333333333334;14;False
7452;7453;4.529058116232465;0.5833333333333334;14;False
7453;7454;4.539078156312625;0.5833333333333334;14;False
7454;7455;4.5490981963927855;0.5833333333333334;14;False
7455;7456;4.559118236472946;0.5833333333333334;14;False
7456;7457;4.569138276553106;0.5833333333333334;14;False
7457;7458;4.579158316633267;0.5833333333333334;14;False
7458;7459;4.589178356713426;0.5833333333333334;14;False
7459;7460;4.599198396793587;0.5833333333333334;14;False
7460;7461;4.609218436873747;0.5833333333333334;14;False
7461;7462;4.619238476953908;0.5833333333333334;14;False
7462;7463;4.629258517034068;0.5833333333333334;14;False
7463;7464;4.6392785571142285;0.5833333333333334;14;False
7464;7465;4.649298597194389;0.5833333333333334;14;False
7465;7466;4.6593186372745485;0.5833333333333334;14;False
7466;7467;4.669338677354709;0.5833333333333334;14;False
7467;7468;4.679358717434869;0.5833333333333334;14;False
7468;7469;4.68937875751503;0.5833333333333334;14;False
7469;7470;4.69939879759519;0.5833333333333334;14;False
7470;7471;4.709418837675351;0.5833333333333334;14;False
7471;7472;4.719438877755511;0.5833333333333334;14;False
7472;7473;4.729458917835671;0.5833333333333334;14;False
7473;7474;4.739478957915831;0.5833333333333334;14;False
7474;7475;4.749498997995992;0.5833333333333334;14;False
7475;7476;4.759519038076152;0.5833333333333334;14;False
7476;7477;4.7695390781563125;0.5833333333333334;14;False
7477;7478;4.779559118236473;0.5833333333333334;14;False
7478;7479;4.789579158316633;0.5833333333333334;14;False
7479;7480;4.799599198396794;0.5833333333333334;14;False
7480;7481;4.809619238476953;0.5833333333333334;14;False
7481;7482;4.819639278557114;0.5833333333333334;14;False
7482;7483;4.829659318637274;0.5833333333333334;14;False
7483;7484;4.839679358717435;0.5833333333333334;14;False
7484;7485;4.849699398797595;0.5833333333333334;14;False
7485;7486;4.859719438877756;0.5833333333333334;14;False
7486;7487;4.869739478957916;0.5833333333333334;14;False
7487;7488;4.879759519038076;0.5833333333333334;14;False
7488;7489;4.889779559118236;0.5833333333333334;14;False
7489;7490;4.8997995991983965;0.5833333333333334;14;False
7490;7491;4.909819639278557;0.5833333333333334;14;False
7491;7492;4.919839679358717;0.5833333333333334;14;False
7492;7493;4.929859719438878;0.5833333333333334;14;False
7493;7494;4.939879759519038;0.5833333333333334;14;False
7494;7495;4.949899799599198;0.5833333333333334;14;False
7495;7496;4.959919839679358;0.5833333333333334;14;False
7496;7497;4.969939879759519;0.5833333333333334;14;False
7497;7498;4.979959919839679;0.5833333333333334;14;False
7498;7499;4.98997995991984;0.5833333333333334;14;False
7499;7500;5.0;0.5833333333333334;14;False
7500;7501;0.0;0.625;15;True
7501;7502;0.01002004008016032;0.625;15;True
7502;7503;0.02004008016032064;0.625;15;True
7503;7504;0.03006012024048096;0.625;15;True
7504;7505;0.04008016032064128;0.625;15;True
7505;7506;0.0501002004008016;0.625;15;True
7506;7507;0.06012024048096192;0.625;15;True
7507;7508;0.07014028056112225;0.625;15;True
7508;7509;0.08016032064128256;0.625;15;True
7509;7510;0.09018036072144288;0.625;15;True
7510;7511;0.1002004008016032;0.625;15;True
7511;7512;0.11022044088176353;0.625;15;True
7512;7513;0.12024048096192384;0.625;15;True
7513;7514;0.13026052104208416;0.625;15;True
7514;7515;0.1402805611222445;0.625;15;True
7515;7516;0.1503006012024048;0.625;15;True
7516;7517;0.16032064128256512;0.625;15;True
7517;7518;0.17034068136272545;0.625;15;True
7518;7519;0.18036072144288576;0.625;15;True
7519;7520;0.1903807615230461;0.625;15;True
7520;7521;0.2004008016032064;0.625;15;True
7521;7522;0.21042084168336672;0.625;15;True
7522;7523;0.22044088176352705;0.625;15;True
7523;7524;0.23046092184368736;0.625;15;True
7524;7525;0.24048096192384769;0.625;15;True
7525;7526;0.250501002004008;0.625;15;True
7526;7527;0.2605210420841683;0.625;15;True
7527;7528;0.27054108216432865;0.625;15;True
7528;7529;0.280561122244489;0.625;15;True
7529;7530;0.2905811623246493;0.625;15;True
7530;7531;0.3006012024048096;0.625;15;True
7531;7532;0.3106212424849699;0.625;15;True
7532;7533;0.32064128256513025;0.625;15;True
7533;7534;0.3306613226452906;0.625;15;True
7534;7535;0.3406813627254509;0.625;15;True
7535;7536;0.3507014028056112;0.625;15;True
7536;7537;0.3607214428857715;0.625;15;True
7537;7538;0.37074148296593185;0.625;15;True
7538;7539;0.3807615230460922;0.625;15;True
7539;7540;0.3907815631262525;0.625;15;True
7540;7541;0.4008016032064128;0.625;15;True
7541;7542;0.4108216432865731;0.625;15;True
7542;7543;0.42084168336673344;0.625;15;True
7543;7544;0.4308617234468938;0.625;15;True
7544;7545;0.4408817635270541;0.625;15;True
7545;7546;0.45090180360721444;0.625;15;True
7546;7547;0.4609218436873747;0.625;15;True
7547;7548;0.47094188376753504;0.625;15;True
7548;7549;0.48096192384769537;0.625;15;True
7549;7550;0.4909819639278557;0.625;15;True
7550;7551;0.501002004008016;0.625;15;True
7551;7552;0.5110220440881763;0.625;15;True
7552;7553;0.5210420841683366;0.625;15;True
7553;7554;0.531062124248497;0.625;15;True
7554;7555;0.5410821643286573;0.625;15;True
7555;7556;0.5511022044088176;0.625;15;True
7556;7557;0.561122244488978;0.625;15;True
7557;7558;0.5711422845691383;0.625;15;True
7558;7559;0.5811623246492986;0.625;15;True
7559;7560;0.5911823647294588;0.625;15;True
7560;7561;0.6012024048096192;0.625;15;True
7561;7562;0.6112224448897795;0.625;15;True
7562;7563;0.6212424849699398;0.625;15;True
7563;7564;0.6312625250501002;0.625;15;True
7564;7565;0.6412825651302605;0.625;15;True
7565;7566;0.6513026052104208;0.625;15;True
7566;7567;0.6613226452905812;0.625;15;True
7567;7568;0.6713426853707415;0.625;15;True
7568;7569;0.6813627254509018;0.625;15;True
7569;7570;0.6913827655310621;0.625;15;True
7570;7571;0.7014028056112224;0.625;15;True
7571;7572;0.7114228456913827;0.625;15;True
7572;7573;0.721442885771543;0.625;15;True
7573;7574;0.7314629258517034;0.625;15;True
7574;7575;0.7414829659318637;0.625;15;True
7575;7576;0.751503006012024;0.625;15;True
7576;7577;0.7615230460921844;0.625;15;True
7577;7578;0.7715430861723447;0.625;15;True
7578;7579;0.781563126252505;0.625;15;True
7579;7580;0.7915831663326653;0.625;15;True
7580;7581;0.8016032064128256;0.625;15;True
7581;7582;0.8116232464929859;0.625;15;True
7582;7583;0.8216432865731462;0.625;15;True
7583;7584;0.8316633266533066;0.625;15;True
7584;7585;0.8416833667334669;0.625;15;True
7585;7586;0.8517034068136272;0.625;15;True
7586;7587;0.8617234468937875;0.625;15;True
7587;7588;0.8717434869739479;0.625;15;True
7588;7589;0.8817635270541082;0.625;15;True
7589;7590;0.8917835671342685;0.625;15;True
7590;7591;0.9018036072144289;0.625;15;True
7591;7592;0.9118236472945891;0.625;15;True
7592;7593;0.9218436873747494;0.625;15;True
7593;7594;0.9318637274549098;0.625;15;True
7594;7595;0.9418837675350701;0.625;15;True
7595;7596;0.9519038076152304;0.625;15;True
7596;7597;0.9619238476953907;0.625;15;True
7597;7598;0.9719438877755511;0.625;15;True
7598;7599;0.9819639278557114;0.625;15;True
7599;7600;0.9919839679358717;0.625;15;True
7600;7601;1.002004008016032;0.625;15;True
7601;7602;1.0120240480961924;0.625;15;True
7602;7603;1.0220440881763526;0.625;15;True
7603;7604;1.032064128256513;0.625;15;True
7604;7605;1.0420841683366733;0.625;15;True
7605;7606;1.0521042084168337;0.625;15;True
7606;7607;1.062124248496994;0.625;15;True
7607;7608;1.0721442885771542;0.625;15;True
7608;7609;1.0821643286573146;0.625;15;True
7609;7610;1.0921843687374748;0.625;15;True
7610;7611;1.1022044088176353;0.625;15;True
7611;7612;1.1122244488977955;0.625;15;True
7612;7613;1.122244488977956;0.625;15;True
7613;7614;1.1322645290581161;0.625;15;True
7614;7615;1.1422845691382766;0.625;15;True
7615;7616;1.1523046092184368;0.625;15;True
7616;7617;1.1623246492985972;0.625;15;True
7617;7618;1.1723446893787575;0.625;15;True
7618;7619;1.1823647294589177;0.625;15;True
7619;7620;1.1923847695390781;0.625;15;True
7620;7621;1.2024048096192383;0.625;15;True
7621;7622;1.2124248496993988;0.625;15;True
7622;7623;1.222444889779559;0.625;15;True
7623;7624;1.2324649298597194;0.625;15;True
7624;7625;1.2424849699398797;0.625;15;True
7625;7626;1.25250501002004;0.625;15;True
7626;7627;1.2625250501002003;0.625;15;True
7627;7628;1.2725450901803608;0.625;15;True
7628;7629;1.282565130260521;0.625;15;True
7629;7630;1.2925851703406812;0.625;15;True
7630;7631;1.3026052104208417;0.625;15;True
7631;7632;1.3126252505010019;0.625;15;True
7632;7633;1.3226452905811623;0.625;15;True
7633;7634;1.3326653306613225;0.625;15;True
7634;7635;1.342685370741483;0.625;15;True
7635;7636;1.3527054108216432;0.625;15;True
7636;7637;1.3627254509018036;0.625;15;True
7637;7638;1.3727454909819639;0.625;15;True
7638;7639;1.3827655310621243;0.625;15;True
7639;7640;1.3927855711422845;0.625;15;True
7640;7641;1.4028056112224447;0.625;15;True
7641;7642;1.4128256513026052;0.625;15;True
7642;7643;1.4228456913827654;0.625;15;True
7643;7644;1.4328657314629258;0.625;15;True
7644;7645;1.442885771543086;0.625;15;True
7645;7646;1.4529058116232465;0.625;15;True
7646;7647;1.4629258517034067;0.625;15;True
7647;7648;1.4729458917835672;0.625;15;True
7648;7649;1.4829659318637274;0.625;15;True
7649;7650;1.4929859719438878;0.625;15;True
7650;7651;1.503006012024048;0.625;15;True
7651;7652;1.5130260521042083;0.625;15;True
7652;7653;1.5230460921843687;0.625;15;True
7653;7654;1.533066132264529;0.625;15;True
7654;7655;1.5430861723446894;0.625;15;True
7655;7656;1.5531062124248496;0.625;15;True
7656;7657;1.56312625250501;0.625;15;True
7657;7658;1.5731462925851702;0.625;15;True
7658;7659;1.5831663326653307;0.625;15;True
7659;7660;1.593186372745491;0.625;15;True
7660;7661;1.6032064128256511;0.625;15;True
7661;7662;1.6132264529058116;0.625;15;True
7662;7663;1.6232464929859718;0.625;15;True
7663;7664;1.6332665330661322;0.625;15;True
7664;7665;1.6432865731462925;0.625;15;True
7665;7666;1.653306613226453;0.625;15;True
7666;7667;1.6633266533066131;0.625;15;True
7667;7668;1.6733466933867736;0.625;15;True
7668;7669;1.6833667334669338;0.625;15;True
7669;7670;1.6933867735470942;0.625;15;True
7670;7671;1.7034068136272544;0.625;15;True
7671;7672;1.7134268537074147;0.625;15;True
7672;7673;1.723446893787575;0.625;15;True
7673;7674;1.7334669338677353;0.625;15;True
7674;7675;1.7434869739478958;0.625;15;True
7675;7676;1.753507014028056;0.625;15;True
7676;7677;1.7635270541082164;0.625;15;True
7677;7678;1.7735470941883766;0.625;15;True
7678;7679;1.783567134268537;0.625;15;True
7679;7680;1.7935871743486973;0.625;15;True
7680;7681;1.8036072144288577;0.625;15;True
7681;7682;1.813627254509018;0.625;15;True
7682;7683;1.8236472945891782;0.625;15;True
7683;7684;1.8336673346693386;0.625;15;True
7684;7685;1.8436873747494988;0.625;15;True
7685;7686;1.8537074148296593;0.625;15;True
7686;7687;1.8637274549098195;0.625;15;True
7687;7688;1.87374749498998;0.625;15;True
7688;7689;1.8837675350701402;0.625;15;True
7689;7690;1.8937875751503006;0.625;15;True
7690;7691;1.9038076152304608;0.625;15;True
7691;7692;1.9138276553106213;0.625;15;True
7692;7693;1.9238476953907815;0.625;15;True
7693;7694;1.9338677354709417;0.625;15;True
7694;7695;1.9438877755511021;0.625;15;True
7695;7696;1.9539078156312624;0.625;15;True
7696;7697;1.9639278557114228;0.625;15;True
7697;7698;1.973947895791583;0.625;15;True
7698;7699;1.9839679358717435;0.625;15;True
7699;7700;1.9939879759519037;0.625;15;True
7700;7701;2.004008016032064;0.625;15;True
7701;7702;2.0140280561122244;0.625;15;True
7702;7703;2.024048096192385;0.625;15;True
7703;7704;2.034068136272545;0.625;15;True
7704;7705;2.0440881763527052;0.625;15;True
7705;7706;2.0541082164328657;0.625;15;True
7706;7707;2.064128256513026;0.625;15;True
7707;7708;2.074148296593186;0.625;15;True
7708;7709;2.0841683366733466;0.625;15;True
7709;7710;2.094188376753507;0.625;15;True
7710;7711;2.1042084168336674;0.625;15;True
7711;7712;2.1142284569138274;0.625;15;True
7712;7713;2.124248496993988;0.625;15;True
7713;7714;2.1342685370741483;0.625;15;True
7714;7715;2.1442885771543083;0.625;15;True
7715;7716;2.1543086172344688;0.625;15;True
7716;7717;2.164328657314629;0.625;15;True
7717;7718;2.1743486973947896;0.625;15;True
7718;7719;2.1843687374749496;0.625;15;True
7719;7720;2.19438877755511;0.625;15;True
7720;7721;2.2044088176352705;0.625;15;True
7721;7722;2.214428857715431;0.625;15;True
7722;7723;2.224448897795591;0.625;15;True
7723;7724;2.2344689378757514;0.625;15;True
7724;7725;2.244488977955912;0.625;15;True
7725;7726;2.254509018036072;0.6249814815126143;15;True
7726;7727;2.2645290581162323;0.6248082100120596;15;True
7727;7728;2.2745490981963927;0.6244552692777169;15;True
7728;7729;2.284569138276553;0.6239282476976075;15;True
7729;7730;2.294589178356713;0.6232354900185929;15;True
7730;7731;2.3046092184368736;0.6223879652174396;15;True
7731;7732;2.314629258517034;0.6213990928203897;15;True
7732;7733;2.3246492985971945;0.6202845304212556;15;True
7733;7734;2.3346693386773545;0.6190619257624318;15;True
7734;7735;2.344689378757515;0.6177506373043201;15;True
7735;7736;2.3547094188376754;0.6163714277076127;15;True
7736;7737;2.3647294589178354;0.6149461350817682;15;True
7737;7738;2.374749498997996;0.6134973272050618;15;True
7738;7739;2.3847695390781563;0.6120479441912162;15;True
7739;7740;2.3947895791583167;0.6106209352605524;15;True
7740;7741;2.4048096192384767;0.6092388953669486;15;True
7741;7742;2.414829659318637;0.6079237074341786;15;True
7742;7743;2.4248496993987976;0.6066961958663811;15;True
7743;7744;2.434869739478958;0.6055757968189044;15;True
7744;7745;2.444889779559118;0.6045802504503832;15;True
7745;7746;2.4549098196392785;0.603725320028865;15;True
7746;7747;2.464929859719439;0.6030245423395992;15;True
7747;7748;2.474949899799599;0.6024890133464776;15;True
7748;7749;2.4849699398797593;0.6021272125009178;15;True
7749;7750;2.49498997995992;0.6019448684800451;15;True
7750;7751;2.50501002004008;0.6019448684800451;15;True
7751;7752;2.51503006012024;0.6021272125009178;15;True
7752;7753;2.5250501002004007;0.6024890133464776;15;True
7753;7754;2.535070140280561;0.6030245423395992;15;True
7754;7755;2.5450901803607215;0.603725320028865;15;True
7755;7756;2.5551102204408815;0.6045802504503832;15;True
7756;7757;2.565130260521042;0.6055757968189044;15;True
7757;7758;2.5751503006012024;0.6066961958663811;15;True
7758;7759;2.5851703406813624;0.6079237074341785;15;True
7759;7760;2.595190380761523;0.6092388953669486;15;True
7760;7761;2.6052104208416833;0.6106209352605524;15;True
7761;7762;2.6152304609218437;0.6120479441912162;15;True
7762;7763;2.6252505010020037;0.6134973272050618;15;True
7763;7764;2.635270541082164;0.6149461350817682;15;True
7764;7765;2.6452905811623246;0.6163714277076127;15;True
7765;7766;2.655310621242485;0.6177506373043201;15;True
7766;7767;2.665330661322645;0.6190619257624318;15;True
7767;7768;2.6753507014028055;0.6202845304212556;15;True
7768;7769;2.685370741482966;0.6213990928203897;15;True
7769;7770;2.695390781563126;0.6223879652174396;15;True
7770;7771;2.7054108216432864;0.6232354900185928;15;True
7771;7772;2.715430861723447;0.6239282476976075;15;True
7772;7773;2.7254509018036073;0.6244552692777169;15;True
7773;7774;2.7354709418837673;0.6248082100120596;15;True
7774;7775;2.7454909819639277;0.6249814815126143;15;True
7775;7776;2.755511022044088;0.625;15;True
7776;7777;2.7655310621242486;0.625;15;True
7777;7778;2.7755511022044086;0.625;15;True
7778;7779;2.785571142284569;0.625;15;True
7779;7780;2.7955911823647295;0.625;15;True
7780;7781;2.8056112224448895;0.625;15;True
7781;7782;2.81563126252505;0.625;15;True
7782;7783;2.8256513026052104;0.625;15;True
7783;7784;2.835671342685371;0.625;15;True
7784;7785;2.845691382765531;0.625;15;True
7785;7786;2.8557114228456912;0.625;15;True
7786;7787;2.8657314629258517;0.625;15;True
7787;7788;2.875751503006012;0.625;15;True
7788;7789;2.885771543086172;0.625;15;True
7789;7790;2.8957915831663326;0.625;15;True
7790;7791;2.905811623246493;0.625;15;True
7791;7792;2.915831663326653;0.625;15;True
7792;7793;2.9258517034068134;0.625;15;True
7793;7794;2.935871743486974;0.625;15;True
7794;7795;2.9458917835671343;0.625;15;True
7795;7796;2.9559118236472943;0.625;15;True
7796;7797;2.9659318637274548;0.625;15;True
7797;7798;2.975951903807615;0.625;15;True
7798;7799;2.9859719438877756;0.625;15;True
7799;7800;2.9959919839679356;0.625;15;True
7800;7801;3.006012024048096;0.625;15;True
7801;7802;3.0160320641282565;0.625;15;True
7802;7803;3.0260521042084165;0.625;15;True
7803;7804;3.036072144288577;0.625;15;True
7804;7805;3.0460921843687374;0.625;15;True
7805;7806;3.056112224448898;0.625;15;True
7806;7807;3.066132264529058;0.625;15;True
7807;7808;3.0761523046092183;0.625;15;True
7808;7809;3.0861723446893787;0.625;15;True
7809;7810;3.096192384769539;0.625;15;True
7810;7811;3.106212424849699;0.625;15;True
7811;7812;3.1162324649298596;0.625;15;True
7812;7813;3.12625250501002;0.625;15;True
7813;7814;3.13627254509018;0.625;15;True
7814;7815;3.1462925851703405;0.625;15;True
7815;7816;3.156312625250501;0.625;15;True
7816;7817;3.1663326653306614;0.625;15;True
7817;7818;3.1763527054108214;0.625;15;True
7818;7819;3.186372745490982;0.625;15;True
7819;7820;3.1963927855711423;0.625;15;True
7820;7821;3.2064128256513023;0.625;15;True
7821;7822;3.2164328657314627;0.625;15;True
7822;7823;3.226452905811623;0.625;15;True
7823;7824;3.2364729458917836;0.625;15;True
7824;7825;3.2464929859719436;0.625;15;True
7825;7826;3.256513026052104;0.625;15;True
7826;7827;3.2665330661322645;0.625;15;True
7827;7828;3.276553106212425;0.625;15;True
7828;7829;3.286573146292585;0.625;15;True
7829;7830;3.2965931863727453;0.625;15;True
7830;7831;3.306613226452906;0.625;15;True
7831;7832;3.316633266533066;0.625;15;True
7832;7833;3.3266533066132262;0.625;15;True
7833;7834;3.3366733466933867;0.625;15;True
7834;7835;3.346693386773547;0.625;15;True
7835;7836;3.356713426853707;0.625;15;True
7836;7837;3.3667334669338675;0.625;15;True
7837;7838;3.376753507014028;0.625;15;True
7838;7839;3.3867735470941884;0.625;15;True
7839;7840;3.3967935871743484;0.625;15;True
7840;7841;3.406813627254509;0.625;15;True
7841;7842;3.4168336673346693;0.625;15;True
7842;7843;3.4268537074148293;0.625;15;True
7843;7844;3.4368737474949898;0.625;15;True
7844;7845;3.44689378757515;0.625;15;True
7845;7846;3.4569138276553106;0.625;15;True
7846;7847;3.4669338677354706;0.625;15;True
7847;7848;3.476953907815631;0.625;15;True
7848;7849;3.4869739478957915;0.625;15;True
7849;7850;3.496993987975952;0.625;15;True
7850;7851;3.507014028056112;0.625;15;True
7851;7852;3.5170340681362724;0.625;15;True
7852;7853;3.527054108216433;0.625;15;True
7853;7854;3.537074148296593;0.625;15;True
7854;7855;3.5470941883767533;0.625;15;True
7855;7856;3.5571142284569137;0.625;15;True
7856;7857;3.567134268537074;0.625;15;True
7857;7858;3.577154308617234;0.625;15;True
7858;7859;3.5871743486973946;0.625;15;True
7859;7860;3.597194388777555;0.625;15;True
7860;7861;3.6072144288577155;0.625;15;True
7861;7862;3.6172344689378755;0.625;15;True
7862;7863;3.627254509018036;0.625;15;True
7863;7864;3.6372745490981964;0.625;15;True
7864;7865;3.6472945891783564;0.625;15;True
7865;7866;3.657314629258517;0.625;15;True
7866;7867;3.6673346693386772;0.625;15;True
7867;7868;3.6773547094188377;0.625;15;True
7868;7869;3.6873747494989977;0.625;15;True
7869;7870;3.697394789579158;0.625;15;True
7870;7871;3.7074148296593186;0.625;15;True
7871;7872;3.717434869739479;0.625;15;True
7872;7873;3.727454909819639;0.625;15;True
7873;7874;3.7374749498997994;0.625;15;True
7874;7875;3.74749498997996;0.625;15;True
7875;7876;3.75751503006012;0.625;15;True
7876;7877;3.7675350701402803;0.625;15;True
7877;7878;3.7775551102204408;0.625;15;True
7878;7879;3.787575150300601;0.625;15;True
7879;7880;3.797595190380761;0.625;15;True
7880;7881;3.8076152304609217;0.625;15;True
7881;7882;3.817635270541082;0.625;15;True
7882;7883;3.8276553106212425;0.625;15;True
7883;7884;3.8376753507014025;0.625;15;True
7884;7885;3.847695390781563;0.625;15;True
7885;7886;3.8577154308617234;0.625;15;True
7886;7887;3.8677354709418834;0.625;15;True
7887;7888;3.877755511022044;0.625;15;True
7888;7889;3.8877755511022043;0.625;15;True
7889;7890;3.8977955911823647;0.625;15;True
7890;7891;3.9078156312625247;0.625;15;True
7891;7892;3.917835671342685;0.625;15;True
7892;7893;3.9278557114228456;0.625;15;True
7893;7894;3.937875751503006;0.625;15;True
7894;7895;3.947895791583166;0.625;15;True
7895;7896;3.9579158316633265;0.625;15;True
7896;7897;3.967935871743487;0.625;15;True
7897;7898;3.977955911823647;0.625;15;True
7898;7899;3.9879759519038074;0.625;15;True
7899;7900;3.997995991983968;0.625;15;True
7900;7901;4.008016032064128;0.625;15;True
7901;7902;4.018036072144288;0.625;15;True
7902;7903;4.028056112224449;0.625;15;True
7903;7904;4.038076152304609;0.625;15;True
7904;7905;4.04809619238477;0.625;15;True
7905;7906;4.05811623246493;0.625;15;True
7906;7907;4.06813627254509;0.625;15;True
7907;7908;4.07815631262525;0.625;15;True
7908;7909;4.0881763527054105;0.625;15;True
7909;7910;4.098196392785571;0.625;15;True
7910;7911;4.108216432865731;0.625;15;True
7911;7912;4.118236472945892;0.625;15;True
7912;7913;4.128256513026052;0.625;15;True
7913;7914;4.138276553106213;0.625;15;True
7914;7915;4.148296593186372;0.625;15;True
7915;7916;4.158316633266533;0.625;15;True
7916;7917;4.168336673346693;0.625;15;True
7917;7918;4.1783567134268536;0.625;15;True
7918;7919;4.188376753507014;0.625;15;True
7919;7920;4.198396793587174;0.625;15;True
7920;7921;4.208416833667335;0.625;15;True
7921;7922;4.218436873747494;0.625;15;True
7922;7923;4.228456913827655;0.625;15;True
7923;7924;4.238476953907815;0.625;15;True
7924;7925;4.248496993987976;0.625;15;True
7925;7926;4.258517034068136;0.625;15;True
7926;7927;4.268537074148297;0.625;15;True
7927;7928;4.278557114228457;0.625;15;True
7928;7929;4.288577154308617;0.625;15;True
7929;7930;4.298597194388777;0.625;15;True
7930;7931;4.3086172344689375;0.625;15;True
7931;7932;4.318637274549098;0.625;15;True
7932;7933;4.328657314629258;0.625;15;True
7933;7934;4.338677354709419;0.625;15;True
7934;7935;4.348697394789579;0.625;15;True
7935;7936;4.35871743486974;0.625;15;True
7936;7937;4.368737474949899;0.625;15;True
7937;7938;4.37875751503006;0.625;15;True
7938;7939;4.38877755511022;0.625;15;True
7939;7940;4.398797595190381;0.625;15;True
7940;7941;4.408817635270541;0.625;15;True
7941;7942;4.4188376753507015;0.625;15;True
7942;7943;4.428857715430862;0.625;15;True
7943;7944;4.4388777555110215;0.625;15;True
7944;7945;4.448897795591182;0.625;15;True
7945;7946;4.458917835671342;0.625;15;True
7946;7947;4.468937875751503;0.625;15;True
7947;7948;4.478957915831663;0.625;15;True
7948;7949;4.488977955911824;0.625;15;True
7949;7950;4.498997995991984;0.625;15;True
7950;7951;4.509018036072144;0.625;15;True
7951;7952;4.519038076152304;0.625;15;True
7952;7953;4.529058116232465;0.625;15;True
7953;7954;4.539078156312625;0.625;15;True
7954;7955;4.5490981963927855;0.625;15;True
7955;7956;4.559118236472946;0.625;15;True
7956;7957;4.569138276553106;0.625;15;True
7957;7958;4.579158316633267;0.625;15;True
7958;7959;4.589178356713426;0.625;15;True
7959;7960;4.599198396793587;0.625;15;True
7960;7961;4.609218436873747;0.625;15;True
7961;7962;4.619238476953908;0.625;15;True
7962;7963;4.629258517034068;0.625;15;True
7963;7964;4.6392785571142285;0.625;15;True
7964;7965;4.649298597194389;0.625;15;True
7965;7966;4.6593186372745485;0.625;15;True
7966;7967;4.669338677354709;0.625;15;True
7967;7968;4.679358717434869;0.625;15;True
7968;7969;4.68937875751503;0.625;15;True
7969;7970;4.69939879759519;0.625;15;True
7970;7971;4.709418837675351;0.625;15;True
7971;7972;4.719438877755511;0.625;15;True
7972;7973;4.729458917835671;0.625;15;True
7973;7974;4.739478957915831;0.625;15;True
7974;7975;4.749498997995992;0.625;15;True
7975;7976;4.759519038076152;0.625;15;True
7976;7977;4.7695390781563125;0.625;15;True
7977;7978;4.779559118236473;0.625;15;True
7978;7979;4.789579158316633;0.625;15;True
7979;7980;4.799599198396794;0.625;15;True
7980;7981;4.809619238476953;0.625;15;True
7981;7982;4.819639278557114;0.625;15;True
7982;7983;4.829659318637274;0.625;15;True
7983;7984;4.839679358717435;0.625;15;True
7984;7985;4.849699398797595;0.625;15;True
7985;7986;4.859719438877756;0.625;15;True
7986;7987;4.869739478957916;0.625;15;True
7987;7988;4.879759519038076;0.625;15;True
7988;7989;4.889779559118236;0.625;15;True
7989;7990;4.8997995991983965;0.625;15;True
7990;7991;4.909819639278557;0.625;15;True
7991;7992;4.919839679358717;0.625;15;True
7992;7993;4.929859719438878;0.625;15;True
7993;7994;4.939879759519038;0.625;15;True
7994;7995;4.949899799599198;0.625;15;True
7995;7996;4.959919839679358;0.625;15;True
7996;7997;4.969939879759519;0.625;15;True
7997;7998;4.979959919839679;0.625;15;True
7998;7999;4.98997995991984;0.625;15;True
7999;8000;5.0;0.625;15;True
8000;8001;0.0;0.6666666666666666;16;False
8001;8002;0.01002004008016032;0.6666666666666666;16;False
8002;8003;0.02004008016032064;0.6666666666666666;16;False
8003;8004;0.03006012024048096;0.6666666666666666;16;False
8004;8005;0.04008016032064128;0.6666666666666666;16;False
8005;8006;0.0501002004008016;0.6666666666666666;16;False
8006;8007;0.06012024048096192;0.6666666666666666;16;False
8007;8008;0.07014028056112225;0.6666666666666666;16;False
8008;8009;0.08016032064128256;0.6666666666666666;16;False
8009;8010;0.09018036072144288;0.6666666666666666;16;False
8010;8011;0.1002004008016032;0.6666666666666666;16;False
8011;8012;0.11022044088176353;0.6666666666666666;16;False
8012;8013;0.12024048096192384;0.6666666666666666;16;False
8013;8014;0.13026052104208416;0.6666666666666666;16;False
8014;8015;0.1402805611222445;0.6666666666666666;16;False
8015;8016;0.1503006012024048;0.6666666666666666;16;False
8016;8017;0.16032064128256512;0.6666666666666666;16;False
8017;8018;0.17034068136272545;0.6666666666666666;16;False
8018;8019;0.18036072144288576;0.6666666666666666;16;False
8019;8020;0.1903807615230461;0.6666666666666666;16;False
8020;8021;0.2004008016032064;0.6666666666666666;16;False
8021;8022;0.21042084168336672;0.6666666666666666;16;False
8022;8023;0.22044088176352705;0.6666666666666666;16;False
8023;8024;0.23046092184368736;0.6666666666666666;16;False
8024;8025;0.24048096192384769;0.6666666666666666;16;False
8025;8026;0.250501002004008;0.6666666666666666;16;False
8026;8027;0.2605210420841683;0.6666666666666666;16;False
8027;8028;0.27054108216432865;0.6666666666666666;16;False
8028;8029;0.280561122244489;0.6666666666666666;16;False
8029;8030;0.2905811623246493;0.6666666666666666;16;False
8030;8031;0.3006012024048096;0.6666666666666666;16;False
8031;8032;0.3106212424849699;0.6666666666666666;16;False
8032;8033;0.32064128256513025;0.6666666666666666;16;False
8033;8034;0.3306613226452906;0.6666666666666666;16;False
8034;8035;0.3406813627254509;0.6666666666666666;16;False
8035;8036;0.3507014028056112;0.6666666666666666;16;False
8036;8037;0.3607214428857715;0.6666666666666666;16;False
8037;8038;0.37074148296593185;0.6666666666666666;16;False
8038;8039;0.3807615230460922;0.6666666666666666;16;False
8039;8040;0.3907815631262525;0.6666666666666666;16;False
8040;8041;0.4008016032064128;0.6666666666666666;16;False
8041;8042;0.4108216432865731;0.6666666666666666;16;False
8042;8043;0.42084168336673344;0.6666666666666666;16;False
8043;8044;0.4308617234468938;0.6666666666666666;16;False
8044;8045;0.4408817635270541;0.6666666666666666;16;False
8045;8046;0.45090180360721444;0.6666666666666666;16;False
8046;8047;0.4609218436873747;0.6666666666666666;16;False
8047;8048;0.47094188376753504;0.6666666666666666;16;False
8048;8049;0.48096192384769537;0.6666666666666666;16;False
8049;8050;0.4909819639278557;0.6666666666666666;16;False
8050;8051;0.501002004008016;0.6666666666666666;16;False
8051;8052;0.5110220440881763;0.6666666666666666;16;False
8052;8053;0.5210420841683366;0.6666666666666666;16;False
8053;8054;0.531062124248497;0.6666666666666666;16;False
8054;8055;0.5410821643286573;0.6666666666666666;16;False
8055;8056;0.5511022044088176;0.6666666666666666;16;False
8056;8057;0.561122244488978;0.6666666666666666;16;False
8057;8058;0.5711422845691383;0.6666666666666666;16;False
8058;8059;0.5811623246492986;0.6666666666666666;16;False
8059;8060;0.5911823647294588;0.6666666666666666;16;False
8060;8061;0.6012024048096192;0.6666666666666666;16;False
8061;8062;0.6112224448897795;0.6666666666666666;16;False
8062;8063;0.6212424849699398;0.6666666666666666;16;False
8063;8064;0.6312625250501002;0.6666666666666666;16;False
8064;8065;0.6412825651302605;0.6666666666666666;16;False
8065;8066;0.6513026052104208;0.6666666666666666;16;False
8066;8067;0.6613226452905812;0.6666666666666666;16;False
8067;8068;0.6713426853707415;0.6666666666666666;16;False
8068;8069;0.6813627254509018;0.6666666666666666;16;False
8069;8070;0.6913827655310621;0.6666666666666666;16;False
8070;8071;0.7014028056112224;0.6666666666666666;16;False
8071;8072;0.7114228456913827;0.6666666666666666;16;False
8072;8073;0.721442885771543;0.6666666666666666;16;False
8073;8074;0.7314629258517034;0.6666666666666666;16;False
8074;8075;0.7414829659318637;0.6666666666666666;16;False
8075;8076;0.751503006012024;0.6666666666666666;16;False
8076;8077;0.7615230460921844;0.6666666666666666;16;False
8077;8078;0.7715430861723447;0.6666666666666666;16;False
8078;8079;0.781563126252505;0.6666666666666666;16;False
8079;8080;0.7915831663326653;0.6666666666666666;16;False
8080;8081;0.8016032064128256;0.6666666666666666;16;False
8081;8082;0.8116232464929859;0.6666666666666666;16;False
8082;8083;0.8216432865731462;0.6666666666666666;16;False
8083;8084;0.8316633266533066;0.6666666666666666;16;False
8084;8085;0.8416833667334669;0.6666666666666666;16;False
8085;8086;0.8517034068136272;0.6666666666666666;16;False
8086;8087;0.8617234468937875;0.6666666666666666;16;False
8087;8088;0.8717434869739479;0.6666666666666666;16;False
8088;8089;0.8817635270541082;0.6666666666666666;16;False
8089;8090;0.8917835671342685;0.6666666666666666;16;False
8090;8091;0.9018036072144289;0.6666666666666666;16;False
8091;8092;0.9118236472945891;0.6666666666666666;16;False
8092;8093;0.9218436873747494;0.6666666666666666;16;False
8093;8094;0.9318637274549098;0.6666666666666666;16;False
8094;8095;0.9418837675350701;0.6666666666666666;16;False
8095;8096;0.9519038076152304;0.6666666666666666;16;False
8096;8097;0.9619238476953907;0.6666666666666666;16;False
8097;8098;0.9719438877755511;0.6666666666666666;16;False
8098;8099;0.9819639278557114;0.6666666666666666;16;False
8099;8100;0.9919839679358717;0.6666666666666666;16;False
8100;8101;1.002004008016032;0.6666666666666666;16;False
8101;8102;1.0120240480961924;0.6666666666666666;16;False
8102;8103;1.0220440881763526;0.6666666666666666;16;False
8103;8104;1.032064128256513;0.6666666666666666;16;False
8104;8105;1.0420841683366733;0.6666666666666666;16;False
8105;8106;1.0521042084168337;0.6666666666666666;16;False
8106;8107;1.062124248496994;0.6666666666666666;16;False
8107;8108;1.0721442885771542;0.6666666666666666;16;False
8108;8109;1.0821643286573146;0.6666666666666666;16;False
8109;8110;1.0921843687374748;0.6666666666666666;16;False
8110;8111;1.1022044088176353;0.6666666666666666;16;False
8111;8112;1.1122244488977955;0.6666666666666666;16;False
8112;8113;1.122244488977956;0.6666666666666666;16;False
8113;8114;1.1322645290581161;0.6666666666666666;16;False
8114;8115;1.1422845691382766;0.6666666666666666;16;False
8115;8116;1.1523046092184368;0.6666666666666666;16;False
8116;8117;1.1623246492985972;0.6666666666666666;16;False
8117;8118;1.1723446893787575;0.6666666666666666;16;False
8118;8119;1.1823647294589177;0.6666666666666666;16;False
8119;8120;1.1923847695390781;0.6666666666666666;16;False
8120;8121;1.2024048096192383;0.6666666666666666;16;False
8121;8122;1.2124248496993988;0.6666666666666666;16;False
8122;8123;1.222444889779559;0.6666666666666666;16;False
8123;8124;1.2324649298597194;0.6666666666666666;16;False
8124;8125;1.2424849699398797;0.6666666666666666;16;False
8125;8126;1.25250501002004;0.6666666666666666;16;False
8126;8127;1.2625250501002003;0.6666666666666666;16;False
8127;8128;1.2725450901803608;0.6666666666666666;16;False
8128;8129;1.282565130260521;0.6666666666666666;16;False
8129;8130;1.2925851703406812;0.6666666666666666;16;False
8130;8131;1.3026052104208417;0.6666666666666666;16;False
8131;8132;1.3126252505010019;0.6666666666666666;16;False
8132;8133;1.3226452905811623;0.6666666666666666;16;False
8133;8134;1.3326653306613225;0.6666666666666666;16;False
8134;8135;1.342685370741483;0.6666666666666666;16;False
8135;8136;1.3527054108216432;0.6666666666666666;16;False
8136;8137;1.3627254509018036;0.6666666666666666;16;False
8137;8138;1.3727454909819639;0.6666666666666666;16;False
8138;8139;1.3827655310621243;0.6666666666666666;16;False
8139;8140;1.3927855711422845;0.6666666666666666;16;False
8140;8141;1.4028056112224447;0.6666666666666666;16;False
8141;8142;1.4128256513026052;0.6666666666666666;16;False
8142;8143;1.4228456913827654;0.6666666666666666;16;False
8143;8144;1.4328657314629258;0.6666666666666666;16;False
8144;8145;1.442885771543086;0.6666666666666666;16;False
8145;8146;1.4529058116232465;0.6666666666666666;16;False
8146;8147;1.4629258517034067;0.6666666666666666;16;False
8147;8148;1.4729458917835672;0.6666666666666666;16;False
8148;8149;1.4829659318637274;0.6666666666666666;16;False
8149;8150;1.4929859719438878;0.6666666666666666;16;False
8150;8151;1.503006012024048;0.6666666666666666;16;False
8151;8152;1.5130260521042083;0.6666666666666666;16;False
8152;8153;1.5230460921843687;0.6666666666666666;16;False
8153;8154;1.533066132264529;0.6666666666666666;16;False
8154;8155;1.5430861723446894;0.6666666666666666;16;False
8155;8156;1.5531062124248496;0.6666666666666666;16;False
8156;8157;1.56312625250501;0.6666666666666666;16;False
8157;8158;1.5731462925851702;0.6666666666666666;16;False
8158;8159;1.5831663326653307;0.6666666666666666;16;False
8159;8160;1.593186372745491;0.6666666666666666;16;False
8160;8161;1.6032064128256511;0.6666666666666666;16;False
8161;8162;1.6132264529058116;0.6666666666666666;16;False
8162;8163;1.6232464929859718;0.6666666666666666;16;False
8163;8164;1.6332665330661322;0.6666666666666666;16;False
8164;8165;1.6432865731462925;0.6666666666666666;16;False
8165;8166;1.653306613226453;0.6666666666666666;16;False
8166;8167;1.6633266533066131;0.6666666666666666;16;False
8167;8168;1.6733466933867736;0.6666666666666666;16;False
8168;8169;1.6833667334669338;0.6666666666666666;16;False
8169;8170;1.6933867735470942;0.6666666666666666;16;False
8170;8171;1.7034068136272544;0.6666666666666666;16;False
8171;8172;1.7134268537074147;0.6666666666666666;16;False
8172;8173;1.723446893787575;0.6666666666666666;16;False
8173;8174;1.7334669338677353;0.6666666666666666;16;False
8174;8175;1.7434869739478958;0.6666666666666666;16;False
8175;8176;1.753507014028056;0.6666666666666666;16;False
8176;8177;1.7635270541082164;0.6666666666666666;16;False
8177;8178;1.7735470941883766;0.6666666666666666;16;False
8178;8179;1.783567134268537;0.6666666666666666;16;False
8179;8180;1.7935871743486973;0.6666666666666666;16;False
8180;8181;1.8036072144288577;0.6666666666666666;16;False
8181;8182;1.813627254509018;0.6666666666666666;16;False
8182;8183;1.8236472945891782;0.6666666666666666;16;False
8183;8184;1.8336673346693386;0.6666666666666666;16;False
8184;8185;1.8436873747494988;0.6666666666666666;16;False
8185;8186;1.8537074148296593;0.6666666666666666;16;False
8186;8187;1.8637274549098195;0.6666666666666666;16;False
8187;8188;1.87374749498998;0.6666666666666666;16;False
8188;8189;1.8837675350701402;0.6666666666666666;16;False
8189;8190;1.8937875751503006;0.6666666666666666;16;False
8190;8191;1.9038076152304608;0.6666666666666666;16;False
8191;8192;1.9138276553106213;0.6666666666666666;16;False
8192;8193;1.9238476953907815;0.6666666666666666;16;False
8193;8194;1.9338677354709417;0.6666666666666666;16;False
8194;8195;1.9438877755511021;0.6666666666666666;16;False
8195;8196;1.9539078156312624;0.6666666666666666;16;False
8196;8197;1.9639278557114228;0.6666666666666666;16;False
8197;8198;1.973947895791583;0.6666666666666666;16;False
8198;8199;1.9839679358717435;0.6666666666666666;16;False
8199;8200;1.9939879759519037;0.6666666666666666;16;False
8200;8201;2.004008016032064;0.6666666666666666;16;False
8201;8202;2.0140280561122244;0.6666666666666666;16;False
8202;8203;2.024048096192385;0.6666666666666666;16;False
8203;8204;2.034068136272545;0.6666666666666666;16;False
8204;8205;2.0440881763527052;0.6666666666666666;16;False
8205;8206;2.0541082164328657;0.6666666666666666;16;False
8206;8207;2.064128256513026;0.6666666666666666;16;False
8207;8208;2.074148296593186;0.6666666666666666;16;False
8208;8209;2.0841683366733466;0.6666666666666666;16;False
8209;8210;2.094188376753507;0.6666666666666666;16;False
8210;8211;2.1042084168336674;0.6666666666666666;16;False
8211;8212;2.1142284569138274;0.6666666666666666;16;False
8212;8213;2.124248496993988;0.6666666666666666;16;False
8213;8214;2.1342685370741483;0.6666666666666666;16;False
8214;8215;2.1442885771543083;0.6666666666666666;16;False
8215;8216;2.1543086172344688;0.6666666666666666;16;False
8216;8217;2.164328657314629;0.6666666666666666;16;False
8217;8218;2.1743486973947896;0.6666666666666666;16;False
8218;8219;2.1843687374749496;0.6666666666666666;16;False
8219;8220;2.19438877755511;0.6666666666666666;16;False
8220;8221;2.2044088176352705;0.6666666666666666;16;False
8221;8222;2.214428857715431;0.6666666666666666;16;False
8222;8223;2.224448897795591;0.6666666666666666;16;False
8223;8224;2.2344689378757514;0.6666666666666666;16;False
8224;8225;2.244488977955912;0.6666666666666666;16;False
8225;8226;2.254509018036072;0.6666507595958143;16;False
8226;8227;2.2645290581162323;0.666501922275648;16;False
8227;8228;2.2745490981963927;0.6661987520895014;16;False
8228;8229;2.284569138276553;0.6657460493691916;16;False
8229;8230;2.294589178356713;0.6651509821126662;16;False
8230;8231;2.3046092184368736;0.6644229724874579;16;False
8231;8232;2.314629258517034;0.6635735476421019;16;False
8232;8233;2.3246492985971945;0.6626161571877333;16;False
8233;8234;2.3346693386773545;0.6615659602398245;16;False
8234;8235;2.344689378757515;0.6604395853919961;16;False
8235;8236;2.3547094188376754;0.659254867422426;16;False
8236;8237;2.3647294589178354;0.6580305649017906;16;False
8237;8238;2.374749498997996;0.6567860631740717;16;False
8238;8239;2.3847695390781563;0.6555410674131724;16;False
8239;8240;2.3947895791583167;0.6543152906154106;16;False
8240;8241;2.4048096192384767;0.6531281414681571;16;False
8241;8242;2.414829659318637;0.6519984170368349;16;False
8242;8243;2.4248496993987976;0.6509440051362098;16;False
8243;8244;2.434869739478958;0.6499816010985612;16;False
8244;8245;2.444889779559118;0.649126443423366;16;False
8245;8246;2.4549098196392785;0.6483920724941594;16;False
8246;8247;2.464929859719439;0.647790116183002;16;False
8247;8248;2.474949899799599;0.6473301057372426;16;False
8248;8249;2.4849699398797593;0.647019324863789;16;False
8249;8250;2.49498997995992;0.6468626944004517;16;False
8250;8251;2.50501002004008;0.6468626944004517;16;False
8251;8252;2.51503006012024;0.647019324863789;16;False
8252;8253;2.5250501002004007;0.6473301057372426;16;False
8253;8254;2.535070140280561;0.647790116183002;16;False
8254;8255;2.5450901803607215;0.6483920724941594;16;False
8255;8256;2.5551102204408815;0.649126443423366;16;False
8256;8257;2.565130260521042;0.6499816010985612;16;False
8257;8258;2.5751503006012024;0.6509440051362098;16;False
8258;8259;2.5851703406813624;0.6519984170368348;16;False
8259;8260;2.595190380761523;0.6531281414681571;16;False
8260;8261;2.6052104208416833;0.6543152906154106;16;False
8261;8262;2.6152304609218437;0.6555410674131724;16;False
8262;8263;2.6252505010020037;0.6567860631740717;16;False
8263;8264;2.635270541082164;0.6580305649017905;16;False
8264;8265;2.6452905811623246;0.659254867422426;16;False
8265;8266;2.655310621242485;0.6604395853919961;16;False
8266;8267;2.665330661322645;0.6615659602398245;16;False
8267;8268;2.6753507014028055;0.6626161571877333;16;False
8268;8269;2.685370741482966;0.6635735476421019;16;False
8269;8270;2.695390781563126;0.6644229724874579;16;False
8270;8271;2.7054108216432864;0.6651509821126661;16;False
8271;8272;2.715430861723447;0.6657460493691916;16;False
8272;8273;2.7254509018036073;0.6661987520895014;16;False
8273;8274;2.7354709418837673;0.666501922275648;16;False
8274;8275;2.7454909819639277;0.6666507595958143;16;False
8275;8276;2.755511022044088;0.6666666666666666;16;False
8276;8277;2.7655310621242486;0.6666666666666666;16;False
8277;8278;2.7755511022044086;0.6666666666666666;16;False
8278;8279;2.785571142284569;0.6666666666666666;16;False
8279;8280;2.7955911823647295;0.6666666666666666;16;False
8280;8281;2.8056112224448895;0.6666666666666666;16;False
8281;8282;2.81563126252505;0.6666666666666666;16;False
8282;8283;2.8256513026052104;0.6666666666666666;16;False
8283;8284;2.835671342685371;0.6666666666666666;16;False
8284;8285;2.845691382765531;0.6666666666666666;16;False
8285;8286;2.8557114228456912;0.6666666666666666;16;False
8286;8287;2.8657314629258517;0.6666666666666666;16;False
8287;8288;2.875751503006012;0.6666666666666666;16;False
8288;8289;2.885771543086172;0.6666666666666666;16;False
8289;8290;2.8957915831663326;0.6666666666666666;16;False
8290;8291;2.905811623246493;0.6666666666666666;16;False
8291;8292;2.915831663326653;0.6666666666666666;16;False
8292;8293;2.9258517034068134;0.6666666666666666;16;False
8293;8294;2.935871743486974;0.6666666666666666;16;False
8294;8295;2.9458917835671343;0.6666666666666666;16;False
8295;8296;2.9559118236472943;0.6666666666666666;16;False
8296;8297;2.9659318637274548;0.6666666666666666;16;False
8297;8298;2.975951903807615;0.6666666666666666;16;False
8298;8299;2.9859719438877756;0.6666666666666666;16;False
8299;8300;2.9959919839679356;0.6666666666666666;16;False
8300;8301;3.006012024048096;0.6666666666666666;16;False
8301;8302;3.0160320641282565;0.6666666666666666;16;False
8302;8303;3.0260521042084165;0.6666666666666666;16;False
8303;8304;3.036072144288577;0.6666666666666666;16;False
8304;8305;3.0460921843687374;0.6666666666666666;16;False
8305;8306;3.056112224448898;0.6666666666666666;16;False
8306;8307;3.066132264529058;0.6666666666666666;16;False
8307;8308;3.0761523046092183;0.6666666666666666;16;False
8308;8309;3.0861723446893787;0.6666666666666666;16;False
8309;8310;3.096192384769539;0.6666666666666666;16;False
8310;8311;3.106212424849699;0.6666666666666666;16;False
8311;8312;3.1162324649298596;0.6666666666666666;16;False
8312;8313;3.12625250501002;0.6666666666666666;16;False
8313;8314;3.13627254509018;0.6666666666666666;16;False
8314;8315;3.1462925851703405;0.6666666666666666;16;False
8315;8316;3.156312625250501;0.6666666666666666;16;False
8316;8317;3.1663326653306614;0.6666666666666666;16;False
8317;8318;3.1763527054108214;0.6666666666666666;16;False
8318;8319;3.186372745490982;0.6666666666666666;16;False
8319;8320;3.1963927855711423;0.6666666666666666;16;False
8320;8321;3.2064128256513023;0.6666666666666666;16;False
8321;8322;3.2164328657314627;0.6666666666666666;16;False
8322;8323;3.226452905811623;0.6666666666666666;16;False
8323;8324;3.2364729458917836;0.6666666666666666;16;False
8324;8325;3.2464929859719436;0.6666666666666666;16;False
8325;8326;3.256513026052104;0.6666666666666666;16;False
8326;8327;3.2665330661322645;0.6666666666666666;16;False
8327;8328;3.276553106212425;0.6666666666666666;16;False
8328;8329;3.286573146292585;0.6666666666666666;16;False
8329;8330;3.2965931863727453;0.6666666666666666;16;False
8330;8331;3.306613226452906;0.6666666666666666;16;False
8331;8332;3.316633266533066;0.6666666666666666;16;False
8332;8333;3.3266533066132262;0.6666666666666666;16;False
8333;8334;3.3366733466933867;0.6666666666666666;16;False
8334;8335;3.346693386773547;0.6666666666666666;16;False
8335;8336;3.356713426853707;0.6666666666666666;16;False
8336;8337;3.3667334669338675;0.6666666666666666;16;False
8337;8338;3.376753507014028;0.6666666666666666;16;False
8338;8339;3.3867735470941884;0.6666666666666666;16;False
8339;8340;3.3967935871743484;0.6666666666666666;16;False
8340;8341;3.406813627254509;0.6666666666666666;16;False
8341;8342;3.4168336673346693;0.6666666666666666;16;False
8342;8343;3.4268537074148293;0.6666666666666666;16;False
8343;8344;3.4368737474949898;0.6666666666666666;16;False
8344;8345;3.44689378757515;0.6666666666666666;16;False
8345;8346;3.4569138276553106;0.6666666666666666;16;False
8346;8347;3.4669338677354706;0.6666666666666666;16;False
8347;8348;3.476953907815631;0.6666666666666666;16;False
8348;8349;3.4869739478957915;0.6666666666666666;16;False
8349;8350;3.496993987975952;0.6666666666666666;16;False
8350;8351;3.507014028056112;0.6666666666666666;16;False
8351;8352;3.5170340681362724;0.6666666666666666;16;False
8352;8353;3.527054108216433;0.6666666666666666;16;False
8353;8354;3.537074148296593;0.6666666666666666;16;False
8354;8355;3.5470941883767533;0.6666666666666666;16;False
8355;8356;3.5571142284569137;0.6666666666666666;16;False
8356;8357;3.567134268537074;0.6666666666666666;16;False
8357;8358;3.577154308617234;0.6666666666666666;16;False
8358;8359;3.5871743486973946;0.6666666666666666;16;False
8359;8360;3.597194388777555;0.6666666666666666;16;False
8360;8361;3.6072144288577155;0.6666666666666666;16;False
8361;8362;3.6172344689378755;0.6666666666666666;16;False
8362;8363;3.627254509018036;0.6666666666666666;16;False
8363;8364;3.6372745490981964;0.6666666666666666;16;False
8364;8365;3.6472945891783564;0.6666666666666666;16;False
8365;8366;3.657314629258517;0.6666666666666666;16;False
8366;8367;3.6673346693386772;0.6666666666666666;16;False
8367;8368;3.6773547094188377;0.6666666666666666;16;False
8368;8369;3.6873747494989977;0.6666666666666666;16;False
8369;8370;3.697394789579158;0.6666666666666666;16;False
8370;8371;3.7074148296593186;0.6666666666666666;16;False
8371;8372;3.717434869739479;0.6666666666666666;16;False
8372;8373;3.727454909819639;0.6666666666666666;16;False
8373;8374;3.7374749498997994;0.6666666666666666;16;False
8374;8375;3.74749498997996;0.6666666666666666;16;False
8375;8376;3.75751503006012;0.6666666666666666;16;False
8376;8377;3.7675350701402803;0.6666666666666666;16;False
8377;8378;3.7775551102204408;0.6666666666666666;16;False
8378;8379;3.787575150300601;0.6666666666666666;16;False
8379;8380;3.797595190380761;0.6666666666666666;16;False
8380;8381;3.8076152304609217;0.6666666666666666;16;False
8381;8382;3.817635270541082;0.6666666666666666;16;False
8382;8383;3.8276553106212425;0.6666666666666666;16;False
8383;8384;3.8376753507014025;0.6666666666666666;16;False
8384;8385;3.847695390781563;0.6666666666666666;16;False
8385;8386;3.8577154308617234;0.6666666666666666;16;False
8386;8387;3.8677354709418834;0.6666666666666666;16;False
8387;8388;3.877755511022044;0.6666666666666666;16;False
8388;8389;3.8877755511022043;0.6666666666666666;16;False
8389;8390;3.8977955911823647;0.6666666666666666;16;False
8390;8391;3.9078156312625247;0.6666666666666666;16;False
8391;8392;3.917835671342685;0.6666666666666666;16;False
8392;8393;3.9278557114228456;0.6666666666666666;16;False
8393;8394;3.937875751503006;0.6666666666666666;16;False
8394;8395;3.947895791583166;0.6666666666666666;16;False
8395;8396;3.9579158316633265;0.6666666666666666;16;False
8396;8397;3.967935871743487;0.6666666666666666;16;False
8397;8398;3.977955911823647;0.6666666666666666;16;False
8398;8399;3.9879759519038074;0.6666666666666666;16;False
8399;8400;3.997995991983968;0.6666666666666666;16;False
8400;8401;4.008016032064128;0.6666666666666666;16;False
8401;8402;4.018036072144288;0.6666666666666666;16;False
8402;8403;4.028056112224449;0.6666666666666666;16;False
8403;8404;4.038076152304609;0.6666666666666666;16;False
8404;8405;4.04809619238477;0.6666666666666666;16;False
8405;8406;4.05811623246493;0.6666666666666666;16;False
8406;8407;4.06813627254509;0.6666666666666666;16;False
8407;8408;4.07815631262525;0.6666666666666666;16;False
8408;8409;4.0881763527054105;0.6666666666666666;16;False
8409;8410;4.098196392785571;0.6666666666666666;16;False
8410;8411;4.108216432865731;0.6666666666666666;16;False
8411;8412;4.118236472945892;0.6666666666666666;16;False
8412;8413;4.128256513026052;0.6666666666666666;16;False
8413;8414;4.138276553106213;0.6666666666666666;16;False
8414;8415;4.148296593186372;0.6666666666666666;16;False
8415;8416;4.158316633266533;0.6666666666666666;16;False
8416;8417;4.168336673346693;0.6666666666666666;16;False
8417;8418;4.1783567134268536;0.6666666666666666;16;False
8418;8419;4.188376753507014;0.6666666666666666;16;False
8419;8420;4.198396793587174;0.6666666666666666;16;False
8420;8421;4.208416833667335;0.6666666666666666;16;False
8421;8422;4.218436873747494;0.6666666666666666;16;False
8422;8423;4.228456913827655;0.6666666666666666;16;False
8423;8424;4.238476953907815;0.6666666666666666;16;False
8424;8425;4.248496993987976;0.6666666666666666;16;False
8425;8426;4.258517034068136;0.6666666666666666;16;False
8426;8427;4.268537074148297;0.6666666666666666;16;False
8427;8428;4.278557114228457;0.6666666666666666;16;False
8428;8429;4.288577154308617;0.6666666666666666;16;False
8429;8430;4.298597194388777;0.6666666666666666;16;False
8430;8431;4.3086172344689375;0.6666666666666666;16;False
8431;8432;4.318637274549098;0.6666666666666666;16;False
8432;8433;4.328657314629258;0.6666666666666666;16;False
8433;8434;4.338677354709419;0.6666666666666666;16;False
8434;8435;4.348697394789579;0.6666666666666666;16;False
8435;8436;4.35871743486974;0.6666666666666666;16;False
8436;8437;4.368737474949899;0.6666666666666666;16;False
8437;8438;4.37875751503006;0.6666666666666666;16;False
8438;8439;4.38877755511022;0.6666666666666666;16;False
8439;8440;4.398797595190381;0.6666666666666666;16;False
8440;8441;4.408817635270541;0.6666666666666666;16;False
8441;8442;4.4188376753507015;0.6666666666666666;16;False
8442;8443;4.428857715430862;0.6666666666666666;16;False
8443;8444;4.4388777555110215;0.6666666666666666;16;False
8444;8445;4.448897795591182;0.6666666666666666;16;False
8445;8446;4.458917835671342;0.6666666666666666;16;False
8446;8447;4.468937875751503;0.6666666666666666;16;False
8447;8448;4.478957915831663;0.6666666666666666;16;False
8448;8449;4.488977955911824;0.6666666666666666;16;False
8449;8450;4.498997995991984;0.6666666666666666;16;False
8450;8451;4.509018036072144;0.6666666666666666;16;False
8451;8452;4.519038076152304;0.6666666666666666;16;False
8452;8453;4.529058116232465;0.6666666666666666;16;False
8453;8454;4.539078156312625;0.6666666666666666;16;False
8454;8455;4.5490981963927855;0.6666666666666666;16;False
8455;8456;4.559118236472946;0.6666666666666666;16;False
8456;8457;4.569138276553106;0.6666666666666666;16;False
8457;8458;4.579158316633267;0.6666666666666666;16;False
8458;8459;4.589178356713426;0.6666666666666666;16;False
8459;8460;4.599198396793587;0.6666666666666666;16;False
8460;8461;4.609218436873747;0.6666666666666666;16;False
8461;8462;4.619238476953908;0.6666666666666666;16;False
8462;8463;4.629258517034068;0.6666666666666666;16;False
8463;8464;4.6392785571142285;0.6666666666666666;16;False
8464;8465;4.649298597194389;0.6666666666666666;16;False
8465;8466;4.6593186372745485;0.6666666666666666;16;False
8466;8467;4.669338677354709;0.6666666666666666;16;False
8467;8468;4.679358717434869;0.6666666666666666;16;False
8468;8469;4.68937875751503;0.6666666666666666;16;False
8469;8470;4.69939879759519;0.6666666666666666;16;False
8470;8471;4.709418837675351;0.6666666666666666;16;False
8471;8472;4.719438877755511;0.6666666666666666;16;False
8472;8473;4.729458917835671;0.6666666666666666;16;False
8473;8474;4.739478957915831;0.6666666666666666;16;False
8474;8475;4.749498997995992;0.6666666666666666;16;False
8475;8476;4.759519038076152;0.6666666666666666;16;False
8476;8477;4.7695390781563125;0.6666666666666666;16;False
8477;8478;4.779559118236473;0.6666666666666666;16;False
8478;8479;4.789579158316633;0.6666666666666666;16;False
8479;8480;4.799599198396794;0.6666666666666666;16;False
8480;8481;4.809619238476953;0.6666666666666666;16;False
8481;8482;4.819639278557114;0.6666666666666666;16;False
8482;8483;4.829659318637274;0.6666666666666666;16;False
8483;8484;4.839679358717435;0.6666666666666666;16;False
8484;8485;4.849699398797595;0.6666666666666666;16;False
8485;8486;4.859719438877756;0.6666666666666666;16;False
8486;8487;4.869739478957916;0.6666666666666666;16;False
8487;8488;4.879759519038076;0.6666666666666666;16;False
8488;8489;4.889779559118236;0.6666666666666666;16;False
8489;8490;4.8997995991983965;0.6666666666666666;16;False
8490;8491;4.909819639278557;0.6666666666666666;16;False
8491;8492;4.919839679358717;0.6666666666666666;16;False
8492;8493;4.929859719438878;0.6666666666666666;16;False
8493;8494;4.939879759519038;0.6666666666666666;16;False
8494;8495;4.949899799599198;0.6666666666666666;16;False
8495;8496;4.959919839679358;0.6666666666666666;16;False
8496;8497;4.969939879759519;0.6666666666666666;16;False
8497;8498;4.979959919839679;0.6666666666666666;16;False
8498;8499;4.98997995991984;0.6666666666666666;16;False
8499;8500;5.0;0.6666666666666666;16;False
8500;8501;0.0;0.7083333333333334;17;False
8501;8502;0.01002004008016032;0.7083333333333334;17;False
8502;8503;0.02004008016032064;0.7083333333333334;17;False
8503;8504;0.03006012024048096;0.7083333333333334;17;False
8504;8505;0.04008016032064128;0.7083333333333334;17;False
8505;8506;0.0501002004008016;0.7083333333333334;17;False
8506;8507;0.06012024048096192;0.7083333333333334;17;False
8507;8508;0.07014028056112225;0.7083333333333334;17;False
8508;8509;0.08016032064128256;0.7083333333333334;17;False
8509;8510;0.09018036072144288;0.7083333333333334;17;False
8510;8511;0.1002004008016032;0.7083333333333334;17;False
8511;8512;0.11022044088176353;0.7083333333333334;17;False
8512;8513;0.12024048096192384;0.7083333333333334;17;False
8513;8514;0.13026052104208416;0.7083333333333334;17;False
8514;8515;0.1402805611222445;0.7083333333333334;17;False
8515;8516;0.1503006012024048;0.7083333333333334;17;False
8516;8517;0.16032064128256512;0.7083333333333334;17;False
8517;8518;0.17034068136272545;0.7083333333333334;17;False
8518;8519;0.18036072144288576;0.7083333333333334;17;False
8519;8520;0.1903807615230461;0.7083333333333334;17;False
8520;8521;0.2004008016032064;0.7083333333333334;17;False
8521;8522;0.21042084168336672;0.7083333333333334;17;False
8522;8523;0.22044088176352705;0.7083333333333334;17;False
8523;8524;0.23046092184368736;0.7083333333333334;17;False
8524;8525;0.24048096192384769;0.7083333333333334;17;False
8525;8526;0.250501002004008;0.7083333333333334;17;False
8526;8527;0.2605210420841683;0.7083333333333334;17;False
8527;8528;0.27054108216432865;0.7083333333333334;17;False
8528;8529;0.280561122244489;0.7083333333333334;17;False
8529;8530;0.2905811623246493;0.7083333333333334;17;False
8530;8531;0.3006012024048096;0.7083333333333334;17;False
8531;8532;0.3106212424849699;0.7083333333333334;17;False
8532;8533;0.32064128256513025;0.7083333333333334;17;False
8533;8534;0.3306613226452906;0.7083333333333334;17;False
8534;8535;0.3406813627254509;0.7083333333333334;17;False
8535;8536;0.3507014028056112;0.7083333333333334;17;False
8536;8537;0.3607214428857715;0.7083333333333334;17;False
8537;8538;0.37074148296593185;0.7083333333333334;17;False
8538;8539;0.3807615230460922;0.7083333333333334;17;False
8539;8540;0.3907815631262525;0.7083333333333334;17;False
8540;8541;0.4008016032064128;0.7083333333333334;17;False
8541;8542;0.4108216432865731;0.7083333333333334;17;False
8542;8543;0.42084168336673344;0.7083333333333334;17;False
8543;8544;0.4308617234468938;0.7083333333333334;17;False
8544;8545;0.4408817635270541;0.7083333333333334;17;False
8545;8546;0.45090180360721444;0.7083333333333334;17;False
8546;8547;0.4609218436873747;0.7083333333333334;17;False
8547;8548;0.47094188376753504;0.7083333333333334;17;False
8548;8549;0.48096192384769537;0.7083333333333334;17;False
8549;8550;0.4909819639278557;0.7083333333333334;17;False
8550;8551;0.501002004008016;0.7083333333333334;17;False
8551;8552;0.5110220440881763;0.7083333333333334;17;False
8552;8553;0.5210420841683366;0.7083333333333334;17;False
8553;8554;0.531062124248497;0.7083333333333334;17;False
8554;8555;0.5410821643286573;0.7083333333333334;17;False
8555;8556;0.5511022044088176;0.7083333333333334;17;False
8556;8557;0.561122244488978;0.7083333333333334;17;False
8557;8558;0.5711422845691383;0.7083333333333334;17;False
8558;8559;0.5811623246492986;0.7083333333333334;17;False
8559;8560;0.5911823647294588;0.7083333333333334;17;False
8560;8561;0.6012024048096192;0.7083333333333334;17;False
8561;8562;0.6112224448897795;0.7083333333333334;17;False
8562;8563;0.6212424849699398;0.7083333333333334;17;False
8563;8564;0.6312625250501002;0.7083333333333334;17;False
8564;8565;0.6412825651302605;0.7083333333333334;17;False
8565;8566;0.6513026052104208;0.7083333333333334;17;False
8566;8567;0.6613226452905812;0.7083333333333334;17;False
8567;8568;0.6713426853707415;0.7083333333333334;17;False
8568;8569;0.6813627254509018;0.7083333333333334;17;False
8569;8570;0.6913827655310621;0.7083333333333334;17;False
8570;8571;0.7014028056112224;0.7083333333333334;17;False
8571;8572;0.7114228456913827;0.7083333333333334;17;False
8572;8573;0.721442885771543;0.7083333333333334;17;False
8573;8574;0.7314629258517034;0.7083333333333334;17;False
8574;8575;0.7414829659318637;0.7083333333333334;17;False
8575;8576;0.751503006012024;0.7083333333333334;17;False
8576;8577;0.7615230460921844;0.7083333333333334;17;False
8577;8578;0.7715430861723447;0.7083333333333334;17;False
8578;8579;0.781563126252505;0.7083333333333334;17;False
8579;8580;0.7915831663326653;0.7083333333333334;17;False
8580;8581;0.8016032064128256;0.7083333333333334;17;False
8581;8582;0.8116232464929859;0.7083333333333334;17;False
8582;8583;0.8216432865731462;0.7083333333333334;17;False
8583;8584;0.8316633266533066;0.7083333333333334;17;False
8584;8585;0.8416833667334669;0.7083333333333334;17;False
8585;8586;0.8517034068136272;0.7083333333333334;17;False
8586;8587;0.8617234468937875;0.7083333333333334;17;False
8587;8588;0.8717434869739479;0.7083333333333334;17;False
8588;8589;0.8817635270541082;0.7083333333333334;17;False
8589;8590;0.8917835671342685;0.7083333333333334;17;False
8590;8591;0.9018036072144289;0.7083333333333334;17;False
8591;8592;0.9118236472945891;0.7083333333333334;17;False
8592;8593;0.9218436873747494;0.7083333333333334;17;False
8593;8594;0.9318637274549098;0.7083333333333334;17;False
8594;8595;0.9418837675350701;0.7083333333333334;17;False
8595;8596;0.9519038076152304;0.7083333333333334;17;False
8596;8597;0.9619238476953907;0.7083333333333334;17;False
8597;8598;0.9719438877755511;0.7083333333333334;17;False
8598;8599;0.9819639278557114;0.7083333333333334;17;False
8599;8600;0.9919839679358717;0.7083333333333334;17;False
8600;8601;1.002004008016032;0.7083333333333334;17;False
8601;8602;1.0120240480961924;0.7083333333333334;17;False
8602;8603;1.0220440881763526;0.7083333333333334;17;False
8603;8604;1.032064128256513;0.7083333333333334;17;False
8604;8605;1.0420841683366733;0.7083333333333334;17;False
8605;8606;1.0521042084168337;0.7083333333333334;17;False
8606;8607;1.062124248496994;0.7083333333333334;17;False
8607;8608;1.0721442885771542;0.7083333333333334;17;False
8608;8609;1.0821643286573146;0.7083333333333334;17;False
8609;8610;1.0921843687374748;0.7083333333333334;17;False
8610;8611;1.1022044088176353;0.7083333333333334;17;False
8611;8612;1.1122244488977955;0.7083333333333334;17;False
8612;8613;1.122244488977956;0.7083333333333334;17;False
8613;8614;1.1322645290581161;0.7083333333333334;17;False
8614;8615;1.1422845691382766;0.7083333333333334;17;False
8615;8616;1.1523046092184368;0.7083333333333334;17;False
8616;8617;1.1623246492985972;0.7083333333333334;17;False
8617;8618;1.1723446893787575;0.7083333333333334;17;False
8618;8619;1.1823647294589177;0.7083333333333334;17;False
8619;8620;1.1923847695390781;0.7083333333333334;17;False
8620;8621;1.2024048096192383;0.7083333333333334;17;False
8621;8622;1.2124248496993988;0.7083333333333334;17;False
8622;8623;1.222444889779559;0.7083333333333334;17;False
8623;8624;1.2324649298597194;0.7083333333333334;17;False
8624;8625;1.2424849699398797;0.7083333333333334;17;False
8625;8626;1.25250501002004;0.7083333333333334;17;False
8626;8627;1.2625250501002003;0.7083333333333334;17;False
8627;8628;1.2725450901803608;0.7083333333333334;17;False
8628;8629;1.282565130260521;0.7083333333333334;17;False
8629;8630;1.2925851703406812;0.7083333333333334;17;False
8630;8631;1.3026052104208417;0.7083333333333334;17;False
8631;8632;1.3126252505010019;0.7083333333333334;17;False
8632;8633;1.3226452905811623;0.7083333333333334;17;False
8633;8634;1.3326653306613225;0.7083333333333334;17;False
8634;8635;1.342685370741483;0.7083333333333334;17;False
8635;8636;1.3527054108216432;0.7083333333333334;17;False
8636;8637;1.3627254509018036;0.7083333333333334;17;False
8637;8638;1.3727454909819639;0.7083333333333334;17;False
8638;8639;1.3827655310621243;0.7083333333333334;17;False
8639;8640;1.3927855711422845;0.7083333333333334;17;False
8640;8641;1.4028056112224447;0.7083333333333334;17;False
8641;8642;1.4128256513026052;0.7083333333333334;17;False
8642;8643;1.4228456913827654;0.7083333333333334;17;False
8643;8644;1.4328657314629258;0.7083333333333334;17;False
8644;8645;1.442885771543086;0.7083333333333334;17;False
8645;8646;1.4529058116232465;0.7083333333333334;17;False
8646;8647;1.4629258517034067;0.7083333333333334;17;False
8647;8648;1.4729458917835672;0.7083333333333334;17;False
8648;8649;1.4829659318637274;0.7083333333333334;17;False
8649;8650;1.4929859719438878;0.7083333333333334;17;False
8650;8651;1.503006012024048;0.7083333333333334;17;False
8651;8652;1.5130260521042083;0.7083333333333334;17;False
8652;8653;1.5230460921843687;0.7083333333333334;17;False
8653;8654;1.533066132264529;0.7083333333333334;17;False
8654;8655;1.5430861723446894;0.7083333333333334;17;False
8655;8656;1.5531062124248496;0.7083333333333334;17;False
8656;8657;1.56312625250501;0.7083333333333334;17;False
8657;8658;1.5731462925851702;0.7083333333333334;17;False
8658;8659;1.5831663326653307;0.7083333333333334;17;False
8659;8660;1.593186372745491;0.7083333333333334;17;False
8660;8661;1.6032064128256511;0.7083333333333334;17;False
8661;8662;1.6132264529058116;0.7083333333333334;17;False
8662;8663;1.6232464929859718;0.7083333333333334;17;False
8663;8664;1.6332665330661322;0.7083333333333334;17;False
8664;8665;1.6432865731462925;0.7083333333333334;17;False
8665;8666;1.653306613226453;0.7083333333333334;17;False
8666;8667;1.6633266533066131;0.7083333333333334;17;False
8667;8668;1.6733466933867736;0.7083333333333334;17;False
8668;8669;1.6833667334669338;0.7083333333333334;17;False
8669;8670;1.6933867735470942;0.7083333333333334;17;False
8670;8671;1.7034068136272544;0.7083333333333334;17;False
8671;8672;1.7134268537074147;0.7083333333333334;17;False
8672;8673;1.723446893787575;0.7083333333333334;17;False
8673;8674;1.7334669338677353;0.7083333333333334;17;False
8674;8675;1.7434869739478958;0.7083333333333334;17;False
8675;8676;1.753507014028056;0.7083333333333334;17;False
8676;8677;1.7635270541082164;0.7083333333333334;17;False
8677;8678;1.7735470941883766;0.7083333333333334;17;False
8678;8679;1.783567134268537;0.7083333333333334;17;False
8679;8680;1.7935871743486973;0.7083333333333334;17;False
8680;8681;1.8036072144288577;0.7083333333333334;17;False
8681;8682;1.813627254509018;0.7083333333333334;17;False
8682;8683;1.8236472945891782;0.7083333333333334;17;False
8683;8684;1.8336673346693386;0.7083333333333334;17;False
8684;8685;1.8436873747494988;0.7083333333333334;17;False
8685;8686;1.8537074148296593;0.7083333333333334;17;False
8686;8687;1.8637274549098195;0.7083333333333334;17;False
8687;8688;1.87374749498998;0.7083333333333334;17;False
8688;8689;1.8837675350701402;0.7083333333333334;17;False
8689;8690;1.8937875751503006;0.7083333333333334;17;False
8690;8691;1.9038076152304608;0.7083333333333334;17;False
8691;8692;1.9138276553106213;0.7083333333333334;17;False
8692;8693;1.9238476953907815;0.7083333333333334;17;False
8693;8694;1.9338677354709417;0.7083333333333334;17;False
8694;8695;1.9438877755511021;0.7083333333333334;17;False
8695;8696;1.9539078156312624;0.7083333333333334;17;False
8696;8697;1.9639278557114228;0.7083333333333334;17;False
8697;8698;1.973947895791583;0.7083333333333334;17;False
8698;8699;1.9839679358717435;0.7083333333333334;17;False
8699;8700;1.9939879759519037;0.7083333333333334;17;False
8700;8701;2.004008016032064;0.7083333333333334;17;False
8701;8702;2.0140280561122244;0.7083333333333334;17;False
8702;8703;2.024048096192385;0.7083333333333334;17;False
8703;8704;2.034068136272545;0.7083333333333334;17;False
8704;8705;2.0440881763527052;0.7083333333333334;17;False
8705;8706;2.0541082164328657;0.7083333333333334;17;False
8706;8707;2.064128256513026;0.7083333333333334;17;False
8707;8708;2.074148296593186;0.7083333333333334;17;False
8708;8709;2.0841683366733466;0.7083333333333334;17;False
8709;8710;2.094188376753507;0.7083333333333334;17;False
8710;8711;2.1042084168336674;0.7083333333333334;17;False
8711;8712;2.1142284569138274;0.7083333333333334;17;False
8712;8713;2.124248496993988;0.7083333333333334;17;False
8713;8714;2.1342685370741483;0.7083333333333334;17;False
8714;8715;2.1442885771543083;0.7083333333333334;17;False
8715;8716;2.1543086172344688;0.7083333333333334;17;False
8716;8717;2.164328657314629;0.7083333333333334;17;False
8717;8718;2.1743486973947896;0.7083333333333334;17;False
8718;8719;2.1843687374749496;0.7083333333333334;17;False
8719;8720;2.19438877755511;0.7083333333333334;17;False
8720;8721;2.2044088176352705;0.7083333333333334;17;False
8721;8722;2.214428857715431;0.7083333333333334;17;False
8722;8723;2.224448897795591;0.7083333333333334;17;False
8723;8724;2.2344689378757514;0.7083333333333334;17;False
8724;8725;2.244488977955912;0.7083333333333334;17;False
8725;8726;2.254509018036072;0.7083200376790143;17;False
8726;8727;2.2645290581162323;0.7081956345392364;17;False
8727;8728;2.2745490981963927;0.7079422349012858;17;False
8728;8729;2.284569138276553;0.7075638510407757;17;False
8729;8730;2.294589178356713;0.7070664742067394;17;False
8730;8731;2.3046092184368736;0.7064579797574763;17;False
8731;8732;2.314629258517034;0.7057480024638141;17;False
8732;8733;2.3246492985971945;0.7049477839542109;17;False
8733;8734;2.3346693386773545;0.7040699947172171;17;False
8734;8735;2.344689378757515;0.7031285334796721;17;False
8735;8736;2.3547094188376754;0.7021383071372395;17;False
8736;8737;2.3647294589178354;0.7011149947218128;17;False
8737;8738;2.374749498997996;0.7000747991430817;17;False
8738;8739;2.3847695390781563;0.6990341906351285;17;False
8739;8740;2.3947895791583167;0.6980096459702687;17;False
8740;8741;2.4048096192384767;0.6970173875693656;17;False
8741;8742;2.414829659318637;0.6960731266394913;17;False
8742;8743;2.4248496993987976;0.6951918144060384;17;False
8743;8744;2.434869739478958;0.6943874053782181;17;False
8744;8745;2.444889779559118;0.6936726363963488;17;False
8745;8746;2.4549098196392785;0.6930588249594537;17;False
8746;8747;2.464929859719439;0.6925556900264046;17;False
8747;8748;2.474949899799599;0.6921711981280076;17;False
8748;8749;2.4849699398797593;0.6919114372266603;17;False
8749;8750;2.49498997995992;0.6917805203208582;17;False
8750;8751;2.50501002004008;0.6917805203208582;17;False
8751;8752;2.51503006012024;0.6919114372266603;17;False
8752;8753;2.5250501002004007;0.6921711981280076;17;False
8753;8754;2.535070140280561;0.6925556900264046;17;False
8754;8755;2.5450901803607215;0.6930588249594537;17;False
8755;8756;2.5551102204408815;0.6936726363963488;17;False
8756;8757;2.565130260521042;0.6943874053782181;17;False
8757;8758;2.5751503006012024;0.6951918144060384;17;False
8758;8759;2.5851703406813624;0.6960731266394912;17;False
8759;8760;2.595190380761523;0.6970173875693655;17;False
8760;8761;2.6052104208416833;0.6980096459702687;17;False
8761;8762;2.6152304609218437;0.6990341906351285;17;False
8762;8763;2.6252505010020037;0.7000747991430817;17;False
8763;8764;2.635270541082164;0.7011149947218128;17;False
8764;8765;2.6452905811623246;0.7021383071372395;17;False
8765;8766;2.655310621242485;0.7031285334796721;17;False
8766;8767;2.665330661322645;0.7040699947172171;17;False
8767;8768;2.6753507014028055;0.7049477839542109;17;False
8768;8769;2.685370741482966;0.7057480024638141;17;False
8769;8770;2.695390781563126;0.7064579797574763;17;False
8770;8771;2.7054108216432864;0.7070664742067394;17;False
8771;8772;2.715430861723447;0.7075638510407757;17;False
8772;8773;2.7254509018036073;0.7079422349012858;17;False
8773;8774;2.7354709418837673;0.7081956345392364;17;False
8774;8775;2.7454909819639277;0.7083200376790143;17;False
8775;8776;2.755511022044088;0.7083333333333334;17;False
8776;8777;2.7655310621242486;0.7083333333333334;17;False
8777;8778;2.7755511022044086;0.7083333333333334;17;False
8778;8779;2.785571142284569;0.7083333333333334;17;False
8779;8780;2.7955911823647295;0.7083333333333334;17;False
8780;8781;2.8056112224448895;0.7083333333333334;17;False
8781;8782;2.81563126252505;0.7083333333333334;17;False
8782;8783;2.8256513026052104;0.7083333333333334;17;False
8783;8784;2.835671342685371;0.7083333333333334;17;False
8784;8785;2.845691382765531;0.7083333333333334;17;False
8785;8786;2.8557114228456912;0.7083333333333334;17;False
8786;8787;2.8657314629258517;0.7083333333333334;17;False
8787;8788;2.875751503006012;0.7083333333333334;17;False
8788;8789;2.885771543086172;0.7083333333333334;17;False
8789;8790;2.8957915831663326;0.7083333333333334;17;False
8790;8791;2.905811623246493;0.7083333333333334;17;False
8791;8792;2.915831663326653;0.7083333333333334;17;False
8792;8793;2.9258517034068134;0.7083333333333334;17;False
8793;8794;2.935871743486974;0.7083333333333334;17;False
8794;8795;2.9458917835671343;0.7083333333333334;17;False
8795;8796;2.9559118236472943;0.7083333333333334;17;False
8796;8797;2.9659318637274548;0.7083333333333334;17;False
8797;8798;2.975951903807615;0.7083333333333334;17;False
8798;8799;2.9859719438877756;0.7083333333333334;17;False
8799;8800;2.9959919839679356;0.7083333333333334;17;False
8800;8801;3.006012024048096;0.7083333333333334;17;False
8801;8802;3.0160320641282565;0.7083333333333334;17;False
8802;8803;3.0260521042084165;0.7083333333333334;17;False
8803;8804;3.036072144288577;0.7083333333333334;17;False
8804;8805;3.0460921843687374;0.7083333333333334;17;False
8805;8806;3.056112224448898;0.7083333333333334;17;False
8806;8807;3.066132264529058;0.7083333333333334;17;False
8807;8808;3.0761523046092183;0.7083333333333334;17;False
8808;8809;3.0861723446893787;0.7083333333333334;17;False
8809;8810;3.096192384769539;0.7083333333333334;17;False
8810;8811;3.106212424849699;0.7083333333333334;17;False
8811;8812;3.1162324649298596;0.7083333333333334;17;False
8812;8813;3.12625250501002;0.7083333333333334;17;False
8813;8814;3.13627254509018;0.7083333333333334;17;False
8814;8815;3.1462925851703405;0.7083333333333334;17;False
8815;8816;3.156312625250501;0.7083333333333334;17;False
8816;8817;3.1663326653306614;0.7083333333333334;17;False
8817;8818;3.1763527054108214;0.7083333333333334;17;False
8818;8819;3.186372745490982;0.7083333333333334;17;False
8819;8820;3.1963927855711423;0.7083333333333334;17;False
8820;8821;3.2064128256513023;0.7083333333333334;17;False
8821;8822;3.2164328657314627;0.7083333333333334;17;False
8822;8823;3.226452905811623;0.7083333333333334;17;False
8823;8824;3.2364729458917836;0.7083333333333334;17;False
8824;8825;3.2464929859719436;0.7083333333333334;17;False
8825;8826;3.256513026052104;0.7083333333333334;17;False
8826;8827;3.2665330661322645;0.7083333333333334;17;False
8827;8828;3.276553106212425;0.7083333333333334;17;False
8828;8829;3.286573146292585;0.7083333333333334;17;False
8829;8830;3.2965931863727453;0.7083333333333334;17;False
8830;8831;3.306613226452906;0.7083333333333334;17;False
8831;8832;3.316633266533066;0.7083333333333334;17;False
8832;8833;3.3266533066132262;0.7083333333333334;17;False
8833;8834;3.3366733466933867;0.7083333333333334;17;False
8834;8835;3.346693386773547;0.7083333333333334;17;False
8835;8836;3.356713426853707;0.7083333333333334;17;False
8836;8837;3.3667334669338675;0.7083333333333334;17;False
8837;8838;3.376753507014028;0.7083333333333334;17;False
8838;8839;3.3867735470941884;0.7083333333333334;17;False
8839;8840;3.3967935871743484;0.7083333333333334;17;False
8840;8841;3.406813627254509;0.7083333333333334;17;False
8841;8842;3.4168336673346693;0.7083333333333334;17;False
8842;8843;3.4268537074148293;0.7083333333333334;17;False
8843;8844;3.4368737474949898;0.7083333333333334;17;False
8844;8845;3.44689378757515;0.7083333333333334;17;False
8845;8846;3.4569138276553106;0.7083333333333334;17;False
8846;8847;3.4669338677354706;0.7083333333333334;17;False
8847;8848;3.476953907815631;0.7083333333333334;17;False
8848;8849;3.4869739478957915;0.7083333333333334;17;False
8849;8850;3.496993987975952;0.7083333333333334;17;False
8850;8851;3.507014028056112;0.7083333333333334;17;False
8851;8852;3.5170340681362724;0.7083333333333334;17;False
8852;8853;3.527054108216433;0.7083333333333334;17;False
8853;8854;3.537074148296593;0.7083333333333334;17;False
8854;8855;3.5470941883767533;0.7083333333333334;17;False
8855;8856;3.5571142284569137;0.7083333333333334;17;False
8856;8857;3.567134268537074;0.7083333333333334;17;False
8857;8858;3.577154308617234;0.7083333333333334;17;False
8858;8859;3.5871743486973946;0.7083333333333334;17;False
8859;8860;3.597194388777555;0.7083333333333334;17;False
8860;8861;3.6072144288577155;0.7083333333333334;17;False
8861;8862;3.6172344689378755;0.7083333333333334;17;False
8862;8863;3.627254509018036;0.7083333333333334;17;False
8863;8864;3.6372745490981964;0.7083333333333334;17;False
8864;8865;3.6472945891783564;0.7083333333333334;17;False
8865;8866;3.657314629258517;0.7083333333333334;17;False
8866;8867;3.6673346693386772;0.7083333333333334;17;False
8867;8868;3.6773547094188377;0.7083333333333334;17;False
8868;8869;3.6873747494989977;0.7083333333333334;17;False
8869;8870;3.697394789579158;0.7083333333333334;17;False
8870;8871;3.7074148296593186;0.7083333333333334;17;False
8871;8872;3.717434869739479;0.7083333333333334;17;False
8872;8873;3.727454909819639;0.7083333333333334;17;False
8873;8874;3.7374749498997994;0.7083333333333334;17;False
8874;8875;3.74749498997996;0.7083333333333334;17;False
8875;8876;3.75751503006012;0.7083333333333334;17;False
8876;8877;3.7675350701402803;0.7083333333333334;17;False
8877;8878;3.7775551102204408;0.7083333333333334;17;False
8878;8879;3.787575150300601;0.7083333333333334;17;False
8879;8880;3.797595190380761;0.7083333333333334;17;False
8880;8881;3.8076152304609217;0.7083333333333334;17;False
8881;8882;3.817635270541082;0.7083333333333334;17;False
8882;8883;3.8276553106212425;0.7083333333333334;17;False
8883;8884;3.8376753507014025;0.7083333333333334;17;False
8884;8885;3.847695390781563;0.7083333333333334;17;False
8885;8886;3.8577154308617234;0.7083333333333334;17;False
8886;8887;3.8677354709418834;0.7083333333333334;17;False
8887;8888;3.877755511022044;0.7083333333333334;17;False
8888;8889;3.8877755511022043;0.7083333333333334;17;False
8889;8890;3.8977955911823647;0.7083333333333334;17;False
8890;8891;3.9078156312625247;0.7083333333333334;17;False
8891;8892;3.917835671342685;0.7083333333333334;17;False
8892;8893;3.9278557114228456;0.7083333333333334;17;False
8893;8894;3.937875751503006;0.7083333333333334;17;False
8894;8895;3.947895791583166;0.7083333333333334;17;False
8895;8896;3.9579158316633265;0.7083333333333334;17;False
8896;8897;3.967935871743487;0.7083333333333334;17;False
8897;8898;3.977955911823647;0.7083333333333334;17;False
8898;8899;3.9879759519038074;0.7083333333333334;17;False
8899;8900;3.997995991983968;0.7083333333333334;17;False
8900;8901;4.008016032064128;0.7083333333333334;17;False
8901;8902;4.018036072144288;0.7083333333333334;17;False
8902;8903;4.028056112224449;0.7083333333333334;17;False
8903;8904;4.038076152304609;0.7083333333333334;17;False
8904;8905;4.04809619238477;0.7083333333333334;17;False
8905;8906;4.05811623246493;0.7083333333333334;17;False
8906;8907;4.06813627254509;0.7083333333333334;17;False
8907;8908;4.07815631262525;0.7083333333333334;17;False
8908;8909;4.0881763527054105;0.7083333333333334;17;False
8909;8910;4.098196392785571;0.7083333333333334;17;False
8910;8911;4.108216432865731;0.7083333333333334;17;False
8911;8912;4.118236472945892;0.7083333333333334;17;False
8912;8913;4.128256513026052;0.7083333333333334;17;False
8913;8914;4.138276553106213;0.7083333333333334;17;False
8914;8915;4.148296593186372;0.7083333333333334;17;False
8915;8916;4.158316633266533;0.7083333333333334;17;False
8916;8917;4.168336673346693;0.7083333333333334;17;False
8917;8918;4.1783567134268536;0.7083333333333334;17;False
8918;8919;4.188376753507014;0.7083333333333334;17;False
8919;8920;4.198396793587174;0.7083333333333334;17;False
8920;8921;4.208416833667335;0.7083333333333334;17;False
8921;8922;4.218436873747494;0.7083333333333334;17;False
8922;8923;4.228456913827655;0.7083333333333334;17;False
8923;8924;4.238476953907815;0.7083333333333334;17;False
8924;8925;4.248496993987976;0.7083333333333334;17;False
8925;8926;4.258517034068136;0.7083333333333334;17;False
8926;8927;4.268537074148297;0.7083333333333334;17;False
8927;8928;4.278557114228457;0.7083333333333334;17;False
8928;8929;4.288577154308617;0.7083333333333334;17;False
8929;8930;4.298597194388777;0.7083333333333334;17;False
8930;8931;4.3086172344689375;0.7083333333333334;17;False
8931;8932;4.318637274549098;0.7083333333333334;17;False
8932;8933;4.328657314629258;0.7083333333333334;17;False
8933;8934;4.338677354709419;0.7083333333333334;17;False
8934;8935;4.348697394789579;0.7083333333333334;17;False
8935;8936;4.35871743486974;0.7083333333333334;17;False
8936;8937;4.368737474949899;0.7083333333333334;17;False
8937;8938;4.37875751503006;0.7083333333333334;17;False
8938;8939;4.38877755511022;0.7083333333333334;17;False
8939;8940;4.398797595190381;0.7083333333333334;17;False
8940;8941;4.408817635270541;0.7083333333333334;17;False
8941;8942;4.4188376753507015;0.7083333333333334;17;False
8942;8943;4.428857715430862;0.7083333333333334;17;False
8943;8944;4.4388777555110215;0.7083333333333334;17;False
8944;8945;4.448897795591182;0.7083333333333334;17;False
8945;8946;4.458917835671342;0.7083333333333334;17;False
8946;8947;4.468937875751503;0.7083333333333334;17;False
8947;8948;4.478957915831663;0.7083333333333334;17;False
8948;8949;4.488977955911824;0.7083333333333334;17;False
8949;8950;4.498997995991984;0.7083333333333334;17;False
8950;8951;4.509018036072144;0.7083333333333334;17;False
8951;8952;4.519038076152304;0.7083333333333334;17;False
8952;8953;4.529058116232465;0.7083333333333334;17;False
8953;8954;4.539078156312625;0.7083333333333334;17;False
8954;8955;4.5490981963927855;0.7083333333333334;17;False
8955;8956;4.559118236472946;0.7083333333333334;17;False
8956;8957;4.569138276553106;0.7083333333333334;17;False
8957;8958;4.579158316633267;0.7083333333333334;17;False
8958;8959;4.589178356713426;0.7083333333333334;17;False
8959;8960;4.599198396793587;0.7083333333333334;17;False
8960;8961;4.609218436873747;0.7083333333333334;17;False
8961;8962;4.619238476953908;0.7083333333333334;17;False
8962;8963;4.629258517034068;0.7083333333333334;17;False
8963;8964;4.6392785571142285;0.7083333333333334;17;False
8964;8965;4.649298597194389;0.7083333333333334;17;False
8965;8966;4.6593186372745485;0.7083333333333334;17;False
8966;8967;4.669338677354709;0.7083333333333334;17;False
8967;8968;4.679358717434869;0.7083333333333334;17;False
8968;8969;4.68937875751503;0.7083333333333334;17;False
8969;8970;4.69939879759519;0.7083333333333334;17;False
8970;8971;4.709418837675351;0.7083333333333334;17;False
8971;8972;4.719438877755511;0.7083333333333334;17;False
8972;8973;4.729458917835671;0.7083333333333334;17;False
8973;8974;4.739478957915831;0.7083333333333334;17;False
8974;8975;4.749498997995992;0.7083333333333334;17;False
8975;8976;4.759519038076152;0.7083333333333334;17;False
8976;8977;4.7695390781563125;0.7083333333333334;17;False
8977;8978;4.779559118236473;0.7083333333333334;17;False
8978;8979;4.789579158316633;0.7083333333333334;17;False
8979;8980;4.799599198396794;0.7083333333333334;17;False
8980;8981;4.809619238476953;0.7083333333333334;17;False
8981;8982;4.819639278557114;0.7083333333333334;17;False
8982;8983;4.829659318637274;0.7083333333333334;17;False
8983;8984;4.839679358717435;0.7083333333333334;17;False
8984;8985;4.849699398797595;0.7083333333333334;17;False
8985;8986;4.859719438877756;0.7083333333333334;17;False
8986;8987;4.869739478957916;0.7083333333333334;17;False
8987;8988;4.879759519038076;0.7083333333333334;17;False
8988;8989;4.889779559118236;0.7083333333333334;17;False
8989;8990;4.8997995991983965;0.7083333333333334;17;False
8990;8991;4.909819639278557;0.7083333333333334;17;False
8991;8992;4.919839679358717;0.7083333333333334;17;False
8992;8993;4.929859719438878;0.7083333333333334;17;False
8993;8994;4.939879759519038;0.7083333333333334;17;False
8994;8995;4.949899799599198;0.7083333333333334;17;False
8995;8996;4.959919839679358;0.7083333333333334;17;False
8996;8997;4.969939879759519;0.7083333333333334;17;False
8997;8998;4.979959919839679;0.7083333333333334;17;False
8998;8999;4.98997995991984;0.7083333333333334;17;False
8999;9000;5.0;0.7083333333333334;17;False
9000;9001;0.0;0.75;18;True
9001;9002;0.01002004008016032;0.75;18;True
9002;9003;0.02004008016032064;0.75;18;True
9003;9004;0.03006012024048096;0.75;18;True
9004;9005;0.04008016032064128;0.75;18;True
9005;9006;0.0501002004008016;0.75;18;True
9006;9007;0.06012024048096192;0.75;18;True
9007;9008;0.07014028056112225;0.75;18;True
9008;9009;0.08016032064128256;0.75;18;True
9009;9010;0.09018036072144288;0.75;18;True
9010;9011;0.1002004008016032;0.75;18;True
9011;9012;0.11022044088176353;0.75;18;True
9012;9013;0.12024048096192384;0.75;18;True
9013;9014;0.13026052104208416;0.75;18;True
9014;9015;0.1402805611222445;0.75;18;True
9015;9016;0.1503006012024048;0.75;18;True
9016;9017;0.16032064128256512;0.75;18;True
9017;9018;0.17034068136272545;0.75;18;True
9018;9019;0.18036072144288576;0.75;18;True
9019;9020;0.1903807615230461;0.75;18;True
9020;9021;0.2004008016032064;0.75;18;True
9021;9022;0.21042084168336672;0.75;18;True
9022;9023;0.22044088176352705;0.75;18;True
9023;9024;0.23046092184368736;0.75;18;True
9024;9025;0.24048096192384769;0.75;18;True
9025;9026;0.250501002004008;0.75;18;True
9026;9027;0.2605210420841683;0.75;18;True
9027;9028;0.27054108216432865;0.75;18;True
9028;9029;0.280561122244489;0.75;18;True
9029;9030;0.2905811623246493;0.75;18;True
9030;9031;0.3006012024048096;0.75;18;True
9031;9032;0.3106212424849699;0.75;18;True
9032;9033;0.32064128256513025;0.75;18;True
9033;9034;0.3306613226452906;0.75;18;True
9034;9035;0.3406813627254509;0.75;18;True
9035;9036;0.3507014028056112;0.75;18;True
9036;9037;0.3607214428857715;0.75;18;True
9037;9038;0.37074148296593185;0.75;18;True
9038;9039;0.3807615230460922;0.75;18;True
9039;9040;0.3907815631262525;0.75;18;True
9040;9041;0.4008016032064128;0.75;18;True
9041;9042;0.4108216432865731;0.75;18;True
9042;9043;0.42084168336673344;0.75;18;True
9043;9044;0.4308617234468938;0.75;18;True
9044;9045;0.4408817635270541;0.75;18;True
9045;9046;0.45090180360721444;0.75;18;True
9046;9047;0.4609218436873747;0.75;18;True
9047;9048;0.47094188376753504;0.75;18;True
9048;9049;0.48096192384769537;0.75;18;True
9049;9050;0.4909819639278557;0.75;18;True
9050;9051;0.501002004008016;0.75;18;True
9051;9052;0.5110220440881763;0.75;18;True
9052;9053;0.5210420841683366;0.75;18;True
9053;9054;0.531062124248497;0.75;18;True
9054;9055;0.5410821643286573;0.75;18;True
9055;9056;0.5511022044088176;0.75;18;True
9056;9057;0.561122244488978;0.75;18;True
9057;9058;0.5711422845691383;0.75;18;True
9058;9059;0.5811623246492986;0.75;18;True
9059;9060;0.5911823647294588;0.75;18;True
9060;9061;0.6012024048096192;0.75;18;True
9061;9062;0.6112224448897795;0.75;18;True
9062;9063;0.6212424849699398;0.75;18;True
9063;9064;0.6312625250501002;0.75;18;True
9064;9065;0.6412825651302605;0.75;18;True
9065;9066;0.6513026052104208;0.75;18;True
9066;9067;0.6613226452905812;0.75;18;True
9067;9068;0.6713426853707415;0.75;18;True
9068;9069;0.6813627254509018;0.75;18;True
9069;9070;0.6913827655310621;0.75;18;True
9070;9071;0.7014028056112224;0.75;18;True
9071;9072;0.7114228456913827;0.75;18;True
9072;9073;0.721442885771543;0.75;18;True
9073;9074;0.7314629258517034;0.75;18;True
9074;9075;0.7414829659318637;0.75;18;True
9075;9076;0.751503006012024;0.75;18;True
9076;9077;0.7615230460921844;0.75;18;True
9077;9078;0.7715430861723447;0.75;18;True
9078;9079;0.781563126252505;0.75;18;True
9079;9080;0.7915831663326653;0.75;18;True
9080;9081;0.8016032064128256;0.75;18;True
9081;9082;0.8116232464929859;0.75;18;True
9082;9083;0.8216432865731462;0.75;18;True
9083;9084;0.8316633266533066;0.75;18;True
9084;9085;0.8416833667334669;0.75;18;True
9085;9086;0.8517034068136272;0.75;18;True
9086;9087;0.8617234468937875;0.75;18;True
9087;9088;0.8717434869739479;0.75;18;True
9088;9089;0.8817635270541082;0.75;18;True
9089;9090;0.8917835671342685;0.75;18;True
9090;9091;0.9018036072144289;0.75;18;True
9091;9092;0.9118236472945891;0.75;18;True
9092;9093;0.9218436873747494;0.75;18;True
9093;9094;0.9318637274549098;0.75;18;True
9094;9095;0.9418837675350701;0.75;18;True
9095;9096;0.9519038076152304;0.75;18;True
9096;9097;0.9619238476953907;0.75;18;True
9097;9098;0.9719438877755511;0.75;18;True
9098;9099;0.9819639278557114;0.75;18;True
9099;9100;0.9919839679358717;0.75;18;True
9100;9101;1.002004008016032;0.75;18;True
9101;9102;1.0120240480961924;0.75;18;True
9102;9103;1.0220440881763526;0.75;18;True
9103;9104;1.032064128256513;0.75;18;True
9104;9105;1.0420841683366733;0.75;18;True
9105;9106;1.0521042084168337;0.75;18;True
9106;9107;1.062124248496994;0.75;18;True
9107;9108;1.0721442885771542;0.75;18;True
9108;9109;1.0821643286573146;0.75;18;True
9109;9110;1.0921843687374748;0.75;18;True
9110;9111;1.1022044088176353;0.75;18;True
9111;9112;1.1122244488977955;0.75;18;True
9112;9113;1.122244488977956;0.75;18;True
9113;9114;1.1322645290581161;0.75;18;True
9114;9115;1.1422845691382766;0.75;18;True
9115;9116;1.1523046092184368;0.75;18;True
9116;9117;1.1623246492985972;0.75;18;True
9117;9118;1.1723446893787575;0.75;18;True
9118;9119;1.1823647294589177;0.75;18;True
9119;9120;1.1923847695390781;0.75;18;True
9120;9121;1.2024048096192383;0.75;18;True
9121;9122;1.2124248496993988;0.75;18;True
9122;9123;1.222444889779559;0.75;18;True
9123;9124;1.2324649298597194;0.75;18;True
9124;9125;1.2424849699398797;0.75;18;True
9125;9126;1.25250501002004;0.75;18;True
9126;9127;1.2625250501002003;0.75;18;True
9127;9128;1.2725450901803608;0.75;18;True
9128;9129;1.282565130260521;0.75;18;True
9129;9130;1.2925851703406812;0.75;18;True
9130;9131;1.3026052104208417;0.75;18;True
9131;9132;1.3126252505010019;0.75;18;True
9132;9133;1.3226452905811623;0.75;18;True
9133;9134;1.3326653306613225;0.75;18;True
9134;9135;1.342685370741483;0.75;18;True
9135;9136;1.3527054108216432;0.75;18;True
9136;9137;1.3627254509018036;0.75;18;True
9137;9138;1.3727454909819639;0.75;18;True
9138;9139;1.3827655310621243;0.75;18;True
9139;9140;1.3927855711422845;0.75;18;True
9140;9141;1.4028056112224447;0.75;18;True
9141;9142;1.4128256513026052;0.75;18;True
9142;9143;1.4228456913827654;0.75;18;True
9143;9144;1.4328657314629258;0.75;18;True
9144;9145;1.442885771543086;0.75;18;True
9145;9146;1.4529058116232465;0.75;18;True
9146;9147;1.4629258517034067;0.75;18;True
9147;9148;1.4729458917835672;0.75;18;True
9148;9149;1.4829659318637274;0.75;18;True
9149;9150;1.4929859719438878;0.75;18;True
9150;9151;1.503006012024048;0.75;18;True
9151;9152;1.5130260521042083;0.75;18;True
9152;9153;1.5230460921843687;0.75;18;True
9153;9154;1.533066132264529;0.75;18;True
9154;9155;1.5430861723446894;0.75;18;True
9155;9156;1.5531062124248496;0.75;18;True
9156;9157;1.56312625250501;0.75;18;True
9157;9158;1.5731462925851702;0.75;18;True
9158;9159;1.5831663326653307;0.75;18;True
9159;9160;1.593186372745491;0.75;18;True
9160;9161;1.6032064128256511;0.75;18;True
9161;9162;1.6132264529058116;0.75;18;True
9162;9163;1.6232464929859718;0.75;18;True
9163;9164;1.6332665330661322;0.75;18;True
9164;9165;1.6432865731462925;0.75;18;True
9165;9166;1.653306613226453;0.75;18;True
9166;9167;1.6633266533066131;0.75;18;True
9167;9168;1.6733466933867736;0.75;18;True
9168;9169;1.6833667334669338;0.75;18;True
9169;9170;1.6933867735470942;0.75;18;True
9170;9171;1.7034068136272544;0.75;18;True
9171;9172;1.7134268537074147;0.75;18;True
9172;9173;1.723446893787575;0.75;18;True
9173;9174;1.7334669338677353;0.75;18;True
9174;9175;1.7434869739478958;0.75;18;True
9175;9176;1.753507014028056;0.75;18;True
9176;9177;1.7635270541082164;0.75;18;True
9177;9178;1.7735470941883766;0.75;18;True
9178;9179;1.783567134268537;0.75;18;True
9179;9180;1.7935871743486973;0.75;18;True
9180;9181;1.8036072144288577;0.75;18;True
9181;9182;1.813627254509018;0.75;18;True
9182;9183;1.8236472945891782;0.75;18;True
9183;9184;1.8336673346693386;0.75;18;True
9184;9185;1.8436873747494988;0.75;18;True
9185;9186;1.8537074148296593;0.75;18;True
9186;9187;1.8637274549098195;0.75;18;True
9187;9188;1.87374749498998;0.75;18;True
9188;9189;1.8837675350701402;0.75;18;True
9189;9190;1.8937875751503006;0.75;18;True
9190;9191;1.9038076152304608;0.75;18;True
9191;9192;1.9138276553106213;0.75;18;True
9192;9193;1.9238476953907815;0.75;18;True
9193;9194;1.9338677354709417;0.75;18;True
9194;9195;1.9438877755511021;0.75;18;True
9195;9196;1.9539078156312624;0.75;18;True
9196;9197;1.9639278557114228;0.75;18;True
9197;9198;1.973947895791583;0.75;18;True
9198;9199;1.9839679358717435;0.75;18;True
9199;9200;1.9939879759519037;0.75;18;True
9200;9201;2.004008016032064;0.75;18;True
9201;9202;2.0140280561122244;0.75;18;True
9202;9203;2.024048096192385;0.75;18;True
9203;9204;2.034068136272545;0.75;18;True
9204;9205;2.0440881763527052;0.75;18;True
9205;9206;2.0541082164328657;0.75;18;True
9206;9207;2.064128256513026;0.75;18;True
9207;9208;2.074148296593186;0.75;18;True
9208;9209;2.0841683366733466;0.75;18;True
9209;9210;2.094188376753507;0.75;18;True
9210;9211;2.1042084168336674;0.75;18;True
9211;9212;2.1142284569138274;0.75;18;True
9212;9213;2.124248496993988;0.75;18;True
9213;9214;2.1342685370741483;0.75;18;True
9214;9215;2.1442885771543083;0.75;18;True
9215;9216;2.1543086172344688;0.75;18;True
9216;9217;2.164328657314629;0.75;18;True
9217;9218;2.1743486973947896;0.75;18;True
9218;9219;2.1843687374749496;0.75;18;True
9219;9220;2.19438877755511;0.75;18;True
9220;9221;2.2044088176352705;0.75;18;True
9221;9222;2.214428857715431;0.75;18;True
9222;9223;2.224448897795591;0.75;18;True
9223;9224;2.2344689378757514;0.75;18;True
9224;9225;2.244488977955912;0.75;18;True
9225;9226;2.254509018036072;0.7499893157622143;18;True
9226;9227;2.2645290581162323;0.7498893468028248;18;True
9227;9228;2.2745490981963927;0.7496857177130704;18;True
9228;9229;2.284569138276553;0.7493816527123598;18;True
9229;9230;2.294589178356713;0.7489819663008127;18;True
9230;9231;2.3046092184368736;0.7484929870274946;18;True
9231;9232;2.314629258517034;0.7479224572855262;18;True
9232;9233;2.3246492985971945;0.7472794107206885;18;True
9233;9234;2.3346693386773545;0.7465740291946098;18;True
9234;9235;2.344689378757515;0.7458174815673481;18;True
9235;9236;2.3547094188376754;0.7450217468520528;18;True
9236;9237;2.3647294589178354;0.7441994245418352;18;True
9237;9238;2.374749498997996;0.7433635351120916;18;True
9238;9239;2.3847695390781563;0.7425273138570847;18;True
9239;9240;2.3947895791583167;0.7417040013251269;18;True
9240;9241;2.4048096192384767;0.7409066336705741;18;True
9241;9242;2.414829659318637;0.7401478362421476;18;True
9242;9243;2.4248496993987976;0.739439623675867;18;True
9243;9244;2.434869739478958;0.7387932096578749;18;True
9244;9245;2.444889779559118;0.7382188293693316;18;True
9245;9246;2.4549098196392785;0.7377255774247481;18;True
9246;9247;2.464929859719439;0.7373212638698073;18;True
9247;9248;2.474949899799599;0.7370122905187726;18;True
9248;9249;2.4849699398797593;0.7368035495895314;18;True
9249;9250;2.49498997995992;0.7366983462412648;18;True
9250;9251;2.50501002004008;0.7366983462412648;18;True
9251;9252;2.51503006012024;0.7368035495895314;18;True
9252;9253;2.5250501002004007;0.7370122905187726;18;True
9253;9254;2.535070140280561;0.7373212638698073;18;True
9254;9255;2.5450901803607215;0.7377255774247481;18;True
9255;9256;2.5551102204408815;0.7382188293693316;18;True
9256;9257;2.565130260521042;0.7387932096578749;18;True
9257;9258;2.5751503006012024;0.739439623675867;18;True
9258;9259;2.5851703406813624;0.7401478362421475;18;True
9259;9260;2.595190380761523;0.740906633670574;18;True
9260;9261;2.6052104208416833;0.7417040013251269;18;True
9261;9262;2.6152304609218437;0.7425273138570847;18;True
9262;9263;2.6252505010020037;0.7433635351120916;18;True
9263;9264;2.635270541082164;0.7441994245418351;18;True
9264;9265;2.6452905811623246;0.7450217468520528;18;True
9265;9266;2.655310621242485;0.7458174815673481;18;True
9266;9267;2.665330661322645;0.7465740291946098;18;True
9267;9268;2.6753507014028055;0.7472794107206885;18;True
9268;9269;2.685370741482966;0.7479224572855262;18;True
9269;9270;2.695390781563126;0.7484929870274946;18;True
9270;9271;2.7054108216432864;0.7489819663008127;18;True
9271;9272;2.715430861723447;0.7493816527123598;18;True
9272;9273;2.7254509018036073;0.7496857177130704;18;True
9273;9274;2.7354709418837673;0.7498893468028248;18;True
9274;9275;2.7454909819639277;0.7499893157622143;18;True
9275;9276;2.755511022044088;0.75;18;True
9276;9277;2.7655310621242486;0.75;18;True
9277;9278;2.7755511022044086;0.75;18;True
9278;9279;2.785571142284569;0.75;18;True
9279;9280;2.7955911823647295;0.75;18;True
9280;9281;2.8056112224448895;0.75;18;True
9281;9282;2.81563126252505;0.75;18;True
9282;9283;2.8256513026052104;0.75;18;True
9283;9284;2.835671342685371;0.75;18;True
9284;9285;2.845691382765531;0.75;18;True
9285;9286;2.8557114228456912;0.75;18;True
9286;9287;2.8657314629258517;0.75;18;True
9287;9288;2.875751503006012;0.75;18;True
9288;9289;2.885771543086172;0.75;18;True
9289;9290;2.8957915831663326;0.75;18;True
9290;9291;2.905811623246493;0.75;18;True
9291;9292;2.915831663326653;0.75;18;True
9292;9293;2.9258517034068134;0.75;18;True
9293;9294;2.935871743486974;0.75;18;True
9294;9295;2.9458917835671343;0.75;18;True
9295;9296;2.9559118236472943;0.75;18;True
9296;9297;2.9659318637274548;0.75;18;True
9297;9298;2.975951903807615;0.75;18;True
9298;9299;2.9859719438877756;0.75;18;True
9299;9300;2.9959919839679356;0.75;18;True
9300;9301;3.006012024048096;0.75;18;True
9301;9302;3.0160320641282565;0.75;18;True
9302;9303;3.0260521042084165;0.75;18;True
9303;9304;3.036072144288577;0.75;18;True
9304;9305;3.0460921843687374;0.75;18;True
9305;9306;3.056112224448898;0.75;18;True
9306;9307;3.066132264529058;0.75;18;True
9307;9308;3.0761523046092183;0.75;18;True
9308;9309;3.0861723446893787;0.75;18;True
9309;9310;3.096192384769539;0.75;18;True
9310;9311;3.106212424849699;0.75;18;True
9311;9312;3.1162324649298596;0.75;18;True
9312;9313;3.12625250501002;0.75;18;True
9313;9314;3.13627254509018;0.75;18;True
9314;9315;3.1462925851703405;0.75;18;True
9315;9316;3.156312625250501;0.75;18;True
9316;9317;3.1663326653306614;0.75;18;True
9317;9318;3.1763527054108214;0.75;18;True
9318;9319;3.186372745490982;0.75;18;True
9319;9320;3.1963927855711423;0.75;18;True
9320;9321;3.2064128256513023;0.75;18;True
9321;9322;3.2164328657314627;0.75;18;True
9322;9323;3.226452905811623;0.75;18;True
9323;9324;3.2364729458917836;0.75;18;True
9324;9325;3.2464929859719436;0.75;18;True
9325;9326;3.256513026052104;0.75;18;True
9326;9327;3.2665330661322645;0.75;18;True
9327;9328;3.276553106212425;0.75;18;True
9328;9329;3.286573146292585;0.75;18;True
9329;9330;3.2965931863727453;0.75;18;True
9330;9331;3.306613226452906;0.75;18;True
9331;9332;3.316633266533066;0.75;18;True
9332;9333;3.3266533066132262;0.75;18;True
9333;9334;3.3366733466933867;0.75;18;True
9334;9335;3.346693386773547;0.75;18;True
9335;9336;3.356713426853707;0.75;18;True
9336;9337;3.3667334669338675;0.75;18;True
9337;9338;3.376753507014028;0.75;18;True
9338;9339;3.3867735470941884;0.75;18;True
9339;9340;3.3967935871743484;0.75;18;True
9340;9341;3.406813627254509;0.75;18;True
9341;9342;3.4168336673346693;0.75;18;True
9342;9343;3.4268537074148293;0.75;18;True
9343;9344;3.4368737474949898;0.75;18;True
9344;9345;3.44689378757515;0.75;18;True
9345;9346;3.4569138276553106;0.75;18;True
9346;9347;3.4669338677354706;0.75;18;True
9347;9348;3.476953907815631;0.75;18;True
9348;9349;3.4869739478957915;0.75;18;True
9349;9350;3.496993987975952;0.75;18;True
9350;9351;3.507014028056112;0.75;18;True
9351;9352;3.5170340681362724;0.75;18;True
9352;9353;3.527054108216433;0.75;18;True
9353;9354;3.537074148296593;0.75;18;True
9354;9355;3.5470941883767533;0.75;18;True
9355;9356;3.5571142284569137;0.75;18;True
9356;9357;3.567134268537074;0.75;18;True
9357;9358;3.577154308617234;0.75;18;True
9358;9359;3.5871743486973946;0.75;18;True
9359;9360;3.597194388777555;0.75;18;True
9360;9361;3.6072144288577155;0.75;18;True
9361;9362;3.6172344689378755;0.75;18;True
9362;9363;3.627254509018036;0.75;18;True
9363;9364;3.6372745490981964;0.75;18;True
9364;9365;3.6472945891783564;0.75;18;True
9365;9366;3.657314629258517;0.75;18;True
9366;9367;3.6673346693386772;0.75;18;True
9367;9368;3.6773547094188377;0.75;18;True
9368;9369;3.6873747494989977;0.75;18;True
9369;9370;3.697394789579158;0.75;18;True
9370;9371;3.7074148296593186;0.75;18;True
9371;9372;3.717434869739479;0.75;18;True
9372;9373;3.727454909819639;0.75;18;True
9373;9374;3.7374749498997994;0.75;18;True
9374;9375;3.74749498997996;0.75;18;True
9375;9376;3.75751503006012;0.75;18;True
9376;9377;3.7675350701402803;0.75;18;True
9377;9378;3.7775551102204408;0.75;18;True
9378;9379;3.787575150300601;0.75;18;True
9379;9380;3.797595190380761;0.75;18;True
9380;9381;3.8076152304609217;0.75;18;True
9381;9382;3.817635270541082;0.75;18;True
9382;9383;3.8276553106212425;0.75;18;True
9383;9384;3.8376753507014025;0.75;18;True
9384;9385;3.847695390781563;0.75;18;True
9385;9386;3.8577154308617234;0.75;18;True
9386;9387;3.8677354709418834;0.75;18;True
9387;9388;3.877755511022044;0.75;18;True
9388;9389;3.8877755511022043;0.75;18;True
9389;9390;3.8977955911823647;0.75;18;True
9390;9391;3.9078156312625247;0.75;18;True
9391;9392;3.917835671342685;0.75;18;True
9392;9393;3.9278557114228456;0.75;18;True
9393;9394;3.937875751503006;0.75;18;True
9394;9395;3.947895791583166;0.75;18;True
9395;9396;3.9579158316633265;0.75;18;True
9396;9397;3.967935871743487;0.75;18;True
9397;9398;3.977955911823647;0.75;18;True
9398;9399;3.9879759519038074;0.75;18;True
9399;9400;3.997995991983968;0.75;18;True
9400;9401;4.008016032064128;0.75;18;True
9401;9402;4.018036072144288;0.75;18;True
9402;9403;4.028056112224449;0.75;18;True
9403;9404;4.038076152304609;0.75;18;True
9404;9405;4.04809619238477;0.75;18;True
9405;9406;4.05811623246493;0.75;18;True
9406;9407;4.06813627254509;0.75;18;True
9407;9408;4.07815631262525;0.75;18;True
9408;9409;4.0881763527054105;0.75;18;True
9409;9410;4.098196392785571;0.75;18;True
9410;9411;4.108216432865731;0.75;18;True
9411;9412;4.118236472945892;0.75;18;True
9412;9413;4.128256513026052;0.75;18;True
9413;9414;4.138276553106213;0.75;18;True
9414;9415;4.148296593186372;0.75;18;True
9415;9416;4.158316633266533;0.75;18;True
9416;9417;4.168336673346693;0.75;18;True
9417;9418;4.1783567134268536;0.75;18;True
9418;9419;4.188376753507014;0.75;18;True
9419;9420;4.198396793587174;0.75;18;True
9420;9421;4.208416833667335;0.75;18;True
9421;9422;4.218436873747494;0.75;18;True
9422;9423;4.228456913827655;0.75;18;True
9423;9424;4.238476953907815;0.75;18;True
9424;9425;4.248496993987976;0.75;18;True
9425;9426;4.258517034068136;0.75;18;True
9426;9427;4.268537074148297;0.75;18;True
9427;9428;4.278557114228457;0.75;18;True
9428;9429;4.288577154308617;0.75;18;True
9429;9430;4.298597194388777;0.75;18;True
9430;9431;4.3086172344689375;0.75;18;True
9431;9432;4.318637274549098;0.75;18;True
9432;9433;4.328657314629258;0.75;18;True
9433;9434;4.338677354709419;0.75;18;True
9434;9435;4.348697394789579;0.75;18;True
9435;9436;4.35871743486974;0.75;18;True
9436;9437;4.368737474949899;0.75;18;True
9437;9438;4.37875751503006;0.75;18;True
9438;9439;4.38877755511022;0.75;18;True
9439;9440;4.398797595190381;0.75;18;True
9440;9441;4.408817635270541;0.75;18;True
9441;9442;4.4188376753507015;0.75;18;True
9442;9443;4.428857715430862;0.75;18;True
9443;9444;4.4388777555110215;0.75;18;True
9444;9445;4.448897795591182;0.75;18;True
9445;9446;4.458917835671342;0.75;18;True
9446;9447;4.468937875751503;0.75;18;True
9447;9448;4.478957915831663;0.75;18;True
9448;9449;4.488977955911824;0.75;18;True
9449;9450;4.498997995991984;0.75;18;True
9450;9451;4.509018036072144;0.75;18;True
9451;9452;4.519038076152304;0.75;18;True
9452;9453;4.529058116232465;0.75;18;True
9453;9454;4.539078156312625;0.75;18;True
9454;9455;4.5490981963927855;0.75;18;True
9455;9456;4.559118236472946;0.75;18;True
9456;9457;4.569138276553106;0.75;18;True
9457;9458;4.579158316633267;0.75;18;True
9458;9459;4.589178356713426;0.75;18;True
9459;9460;4.599198396793587;0.75;18;True
9460;9461;4.609218436873747;0.75;18;True
9461;9462;4.619238476953908;0.75;18;True
9462;9463;4.629258517034068;0.75;18;True
9463;9464;4.6392785571142285;0.75;18;True
9464;9465;4.649298597194389;0.75;18;True
9465;9466;4.6593186372745485;0.75;18;True
9466;9467;4.669338677354709;0.75;18;True
9467;9468;4.679358717434869;0.75;18;True
9468;9469;4.68937875751503;0.75;18;True
9469;9470;4.69939879759519;0.75;18;True
9470;9471;4.709418837675351;0.75;18;True
9471;9472;4.719438877755511;0.75;18;True
9472;9473;4.729458917835671;0.75;18;True
9473;9474;4.739478957915831;0.75;18;True
9474;9475;4.749498997995992;0.75;18;True
9475;9476;4.759519038076152;0.75;18;True
9476;9477;4.7695390781563125;0.75;18;True
9477;9478;4.779559118236473;0.75;18;True
9478;9479;4.789579158316633;0.75;18;True
9479;9480;4.799599198396794;0.75;18;True
9480;9481;4.809619238476953;0.75;18;True
9481;9482;4.819639278557114;0.75;18;True
9482;9483;4.829659318637274;0.75;18;True
9483;9484;4.839679358717435;0.75;18;True
9484;9485;4.849699398797595;0.75;18;True
9485;9486;4.859719438877756;0.75;18;True
9486;9487;4.869739478957916;0.75;18;True
9487;9488;4.879759519038076;0.75;18;True
9488;9489;4.889779559118236;0.75;18;True
9489;9490;4.8997995991983965;0.75;18;True
9490;9491;4.909819639278557;0.75;18;True
9491;9492;4.919839679358717;0.75;18;True
9492;9493;4.929859719438878;0.75;18;True
9493;9494;4.939879759519038;0.75;18;True
9494;9495;4.949899799599198;0.75;18;True
9495;9496;4.959919839679358;0.75;18;True
9496;9497;4.969939879759519;0.75;18;True
9497;9498;4.979959919839679;0.75;18;True
9498;9499;4.98997995991984;0.75;18;True
9499;9500;5.0;0.75;18;True
9500;9501;0.0;0.7916666666666666;19;False
9501;9502;0.01002004008016032;0.7916666666666666;19;False
9502;9503;0.02004008016032064;0.7916666666666666;19;False
9503;9504;0.03006012024048096;0.7916666666666666;19;False
9504;9505;0.04008016032064128;0.7916666666666666;19;False
9505;9506;0.0501002004008016;0.7916666666666666;19;False
9506;9507;0.06012024048096192;0.7916666666666666;19;False
9507;9508;0.07014028056112225;0.7916666666666666;19;False
9508;9509;0.08016032064128256;0.7916666666666666;19;False
9509;9510;0.09018036072144288;0.7916666666666666;19;False
9510;9511;0.1002004008016032;0.7916666666666666;19;False
9511;9512;0.11022044088176353;0.7916666666666666;19;False
9512;9513;0.12024048096192384;0.7916666666666666;19;False
9513;9514;0.13026052104208416;0.7916666666666666;19;False
9514;9515;0.1402805611222445;0.7916666666666666;19;False
9515;9516;0.1503006012024048;0.7916666666666666;19;False
9516;9517;0.16032064128256512;0.7916666666666666;19;False
9517;9518;0.17034068136272545;0.7916666666666666;19;False
9518;9519;0.18036072144288576;0.7916666666666666;19;False
9519;9520;0.1903807615230461;0.7916666666666666;19;False
9520;9521;0.2004008016032064;0.7916666666666666;19;False
9521;9522;0.21042084168336672;0.7916666666666666;19;False
9522;9523;0.22044088176352705;0.7916666666666666;19;False
9523;9524;0.23046092184368736;0.7916666666666666;19;False
9524;9525;0.24048096192384769;0.7916666666666666;19;False
9525;9526;0.250501002004008;0.7916666666666666;19;False
9526;9527;0.2605210420841683;0.7916666666666666;19;False
9527;9528;0.27054108216432865;0.7916666666666666;19;False
9528;9529;0.280561122244489;0.7916666666666666;19;False
9529;9530;0.2905811623246493;0.7916666666666666;19;False
9530;9531;0.3006012024048096;0.7916666666666666;19;False
9531;9532;0.3106212424849699;0.7916666666666666;19;False
9532;9533;0.32064128256513025;0.7916666666666666;19;False
9533;9534;0.3306613226452906;0.7916666666666666;19;False
9534;9535;0.3406813627254509;0.7916666666666666;19;False
9535;9536;0.3507014028056112;0.7916666666666666;19;False
9536;9537;0.3607214428857715;0.7916666666666666;19;False
9537;9538;0.37074148296593185;0.7916666666666666;19;False
9538;9539;0.3807615230460922;0.7916666666666666;19;False
9539;9540;0.3907815631262525;0.7916666666666666;19;False
9540;9541;0.4008016032064128;0.7916666666666666;19;False
9541;9542;0.4108216432865731;0.7916666666666666;19;False
9542;9543;0.42084168336673344;0.7916666666666666;19;False
9543;9544;0.4308617234468938;0.7916666666666666;19;False
9544;9545;0.4408817635270541;0.7916666666666666;19;False
9545;9546;0.45090180360721444;0.7916666666666666;19;False
9546;9547;0.4609218436873747;0.7916666666666666;19;False
9547;9548;0.47094188376753504;0.7916666666666666;19;False
9548;9549;0.48096192384769537;0.7916666666666666;19;False
9549;9550;0.4909819639278557;0.7916666666666666;19;False
9550;9551;0.501002004008016;0.7916666666666666;19;False
9551;9552;0.5110220440881763;0.7916666666666666;19;False
9552;9553;0.5210420841683366;0.7916666666666666;19;False
9553;9554;0.531062124248497;0.7916666666666666;19;False
9554;9555;0.5410821643286573;0.7916666666666666;19;False
9555;9556;0.5511022044088176;0.7916666666666666;19;False
9556;9557;0.561122244488978;0.7916666666666666;19;False
9557;9558;0.5711422845691383;0.7916666666666666;19;False
9558;9559;0.5811623246492986;0.7916666666666666;19;False
9559;9560;0.5911823647294588;0.7916666666666666;19;False
9560;9561;0.6012024048096192;0.7916666666666666;19;False
9561;9562;0.6112224448897795;0.7916666666666666;19;False
9562;9563;0.6212424849699398;0.7916666666666666;19;False
9563;9564;0.6312625250501002;0.7916666666666666;19;False
9564;9565;0.6412825651302605;0.7916666666666666;19;False
9565;9566;0.6513026052104208;0.7916666666666666;19;False
9566;9567;0.6613226452905812;0.7916666666666666;19;False
9567;9568;0.6713426853707415;0.7916666666666666;19;False
9568;9569;0.6813627254509018;0.7916666666666666;19;False
9569;9570;0.6913827655310621;0.7916666666666666;19;False
9570;9571;0.7014028056112224;0.7916666666666666;19;False
9571;9572;0.7114228456913827;0.7916666666666666;19;False
9572;9573;0.721442885771543;0.7916666666666666;19;False
9573;9574;0.7314629258517034;0.7916666666666666;19;False
9574;9575;0.7414829659318637;0.7916666666666666;19;False
9575;9576;0.751503006012024;0.7916666666666666;19;False
9576;9577;0.7615230460921844;0.7916666666666666;19;False
9577;9578;0.7715430861723447;0.7916666666666666;19;False
9578;9579;0.781563126252505;0.7916666666666666;19;False
9579;9580;0.7915831663326653;0.7916666666666666;19;False
9580;9581;0.8016032064128256;0.7916666666666666;19;False
9581;9582;0.8116232464929859;0.7916666666666666;19;False
9582;9583;0.8216432865731462;0.7916666666666666;19;False
9583;9584;0.8316633266533066;0.7916666666666666;19;False
9584;9585;0.8416833667334669;0.7916666666666666;19;False
9585;9586;0.8517034068136272;0.7916666666666666;19;False
9586;9587;0.8617234468937875;0.7916666666666666;19;False
9587;9588;0.8717434869739479;0.7916666666666666;19;False
9588;9589;0.8817635270541082;0.7916666666666666;19;False
9589;9590;0.8917835671342685;0.7916666666666666;19;False
9590;9591;0.9018036072144289;0.7916666666666666;19;False
9591;9592;0.9118236472945891;0.7916666666666666;19;False
9592;9593;0.9218436873747494;0.7916666666666666;19;False
9593;9594;0.9318637274549098;0.7916666666666666;19;False
9594;9595;0.9418837675350701;0.7916666666666666;19;False
9595;9596;0.9519038076152304;0.7916666666666666;19;False
9596;9597;0.9619238476953907;0.7916666666666666;19;False
9597;9598;0.9719438877755511;0.7916666666666666;19;False
9598;9599;0.9819639278557114;0.7916666666666666;19;False
9599;9600;0.9919839679358717;0.7916666666666666;19;False
9600;9601;1.002004008016032;0.7916666666666666;19;False
9601;9602;1.0120240480961924;0.7916666666666666;19;False
9602;9603;1.0220440881763526;0.7916666666666666;19;False
9603;9604;1.032064128256513;0.7916666666666666;19;False
9604;9605;1.0420841683366733;0.7916666666666666;19;False
9605;9606;1.0521042084168337;0.7916666666666666;19;False
9606;9607;1.062124248496994;0.7916666666666666;19;False
9607;9608;1.0721442885771542;0.7916666666666666;19;False
9608;9609;1.0821643286573146;0.7916666666666666;19;False
9609;9610;1.0921843687374748;0.7916666666666666;19;False
9610;9611;1.1022044088176353;0.7916666666666666;19;False
9611;9612;1.1122244488977955;0.7916666666666666;19;False
9612;9613;1.122244488977956;0.7916666666666666;19;False
9613;9614;1.1322645290581161;0.7916666666666666;19;False
9614;9615;1.1422845691382766;0.7916666666666666;19;False
9615;9616;1.1523046092184368;0.7916666666666666;19;False
9616;9617;1.1623246492985972;0.7916666666666666;19;False
9617;9618;1.1723446893787575;0.7916666666666666;19;False
9618;9619;1.1823647294589177;0.7916666666666666;19;False
9619;9620;1.1923847695390781;0.7916666666666666;19;False
9620;9621;1.2024048096192383;0.7916666666666666;19;False
9621;9622;1.2124248496993988;0.7916666666666666;19;False
9622;9623;1.222444889779559;0.7916666666666666;19;False
9623;9624;1.2324649298597194;0.7916666666666666;19;False
9624;9625;1.2424849699398797;0.7916666666666666;19;False
9625;9626;1.25250501002004;0.7916666666666666;19;False
9626;9627;1.2625250501002003;0.7916666666666666;19;False
9627;9628;1.2725450901803608;0.7916666666666666;19;False
9628;9629;1.282565130260521;0.7916666666666666;19;False
9629;9630;1.2925851703406812;0.7916666666666666;19;False
9630;9631;1.3026052104208417;0.7916666666666666;19;False
9631;9632;1.3126252505010019;0.7916666666666666;19;False
9632;9633;1.3226452905811623;0.7916666666666666;19;False
9633;9634;1.3326653306613225;0.7916666666666666;19;False
9634;9635;1.342685370741483;0.7916666666666666;19;False
9635;9636;1.3527054108216432;0.7916666666666666;19;False
9636;9637;1.3627254509018036;0.7916666666666666;19;False
9637;9638;1.3727454909819639;0.7916666666666666;19;False
9638;9639;1.3827655310621243;0.7916666666666666;19;False
9639;9640;1.3927855711422845;0.7916666666666666;19;False
9640;9641;1.4028056112224447;0.7916666666666666;19;False
9641;9642;1.4128256513026052;0.7916666666666666;19;False
9642;9643;1.4228456913827654;0.7916666666666666;19;False
9643;9644;1.4328657314629258;0.7916666666666666;19;False
9644;9645;1.442885771543086;0.7916666666666666;19;False
9645;9646;1.4529058116232465;0.7916666666666666;19;False
9646;9647;1.4629258517034067;0.7916666666666666;19;False
9647;9648;1.4729458917835672;0.7916666666666666;19;False
9648;9649;1.4829659318637274;0.7916666666666666;19;False
9649;9650;1.4929859719438878;0.7916666666666666;19;False
9650;9651;1.503006012024048;0.7916666666666666;19;False
9651;9652;1.5130260521042083;0.7916666666666666;19;False
9652;9653;1.5230460921843687;0.7916666666666666;19;False
9653;9654;1.533066132264529;0.7916666666666666;19;False
9654;9655;1.5430861723446894;0.7916666666666666;19;False
9655;9656;1.5531062124248496;0.7916666666666666;19;False
9656;9657;1.56312625250501;0.7916666666666666;19;False
9657;9658;1.5731462925851702;0.7916666666666666;19;False
9658;9659;1.5831663326653307;0.7916666666666666;19;False
9659;9660;1.593186372745491;0.7916666666666666;19;False
9660;9661;1.6032064128256511;0.7916666666666666;19;False
9661;9662;1.6132264529058116;0.7916666666666666;19;False
9662;9663;1.6232464929859718;0.7916666666666666;19;False
9663;9664;1.6332665330661322;0.7916666666666666;19;False
9664;9665;1.6432865731462925;0.7916666666666666;19;False
9665;9666;1.653306613226453;0.7916666666666666;19;False
9666;9667;1.6633266533066131;0.7916666666666666;19;False
9667;9668;1.6733466933867736;0.7916666666666666;19;False
9668;9669;1.6833667334669338;0.7916666666666666;19;False
9669;9670;1.6933867735470942;0.7916666666666666;19;False
9670;9671;1.7034068136272544;0.7916666666666666;19;False
9671;9672;1.7134268537074147;0.7916666666666666;19;False
9672;9673;1.723446893787575;0.7916666666666666;19;False
9673;9674;1.7334669338677353;0.7916666666666666;19;False
9674;9675;1.7434869739478958;0.7916666666666666;19;False
9675;9676;1.753507014028056;0.7916666666666666;19;False
9676;9677;1.7635270541082164;0.7916666666666666;19;False
9677;9678;1.7735470941883766;0.7916666666666666;19;False
9678;9679;1.783567134268537;0.7916666666666666;19;False
9679;9680;1.7935871743486973;0.7916666666666666;19;False
9680;9681;1.8036072144288577;0.7916666666666666;19;False
9681;9682;1.813627254509018;0.7916666666666666;19;False
9682;9683;1.8236472945891782;0.7916666666666666;19;False
9683;9684;1.8336673346693386;0.7916666666666666;19;False
9684;9685;1.8436873747494988;0.7916666666666666;19;False
9685;9686;1.8537074148296593;0.7916666666666666;19;False
9686;9687;1.8637274549098195;0.7916666666666666;19;False
9687;9688;1.87374749498998;0.7916666666666666;19;False
9688;9689;1.8837675350701402;0.7916666666666666;19;False
9689;9690;1.8937875751503006;0.7916666666666666;19;False
9690;9691;1.9038076152304608;0.7916666666666666;19;False
9691;9692;1.9138276553106213;0.7916666666666666;19;False
9692;9693;1.9238476953907815;0.7916666666666666;19;False
9693;9694;1.9338677354709417;0.7916666666666666;19;False
9694;9695;1.9438877755511021;0.7916666666666666;19;False
9695;9696;1.9539078156312624;0.7916666666666666;19;False
9696;9697;1.9639278557114228;0.7916666666666666;19;False
9697;9698;1.973947895791583;0.7916666666666666;19;False
9698;9699;1.9839679358717435;0.7916666666666666;19;False
9699;9700;1.9939879759519037;0.7916666666666666;19;False
9700;9701;2.004008016032064;0.7916666666666666;19;False
9701;9702;2.0140280561122244;0.7916666666666666;19;False
9702;9703;2.024048096192385;0.7916666666666666;19;False
9703;9704;2.034068136272545;0.7916666666666666;19;False
9704;9705;2.0440881763527052;0.7916666666666666;19;False
9705;9706;2.0541082164328657;0.7916666666666666;19;False
9706;9707;2.064128256513026;0.7916666666666666;19;False
9707;9708;2.074148296593186;0.7916666666666666;19;False
9708;9709;2.0841683366733466;0.7916666666666666;19;False
9709;9710;2.094188376753507;0.7916666666666666;19;False
9710;9711;2.1042084168336674;0.7916666666666666;19;False
9711;9712;2.1142284569138274;0.7916666666666666;19;False
9712;9713;2.124248496993988;0.7916666666666666;19;False
9713;9714;2.1342685370741483;0.7916666666666666;19;False
9714;9715;2.1442885771543083;0.7916666666666666;19;False
9715;9716;2.1543086172344688;0.7916666666666666;19;False
9716;9717;2.164328657314629;0.7916666666666666;19;False
9717;9718;2.1743486973947896;0.7916666666666666;19;False
9718;9719;2.1843687374749496;0.7916666666666666;19;False
9719;9720;2.19438877755511;0.7916666666666666;19;False
9720;9721;2.2044088176352705;0.7916666666666666;19;False
9721;9722;2.214428857715431;0.7916666666666666;19;False
9722;9723;2.224448897795591;0.7916666666666666;19;False
9723;9724;2.2344689378757514;0.7916666666666666;19;False
9724;9725;2.244488977955912;0.7916666666666666;19;False
9725;9726;2.254509018036072;0.7916574890851547;19;False
9726;9727;2.2645290581162323;0.7915716174215072;19;False
9727;9728;2.2745490981963927;0.7913967034400969;19;False
9728;9729;2.284569138276553;0.7911355166914554;19;False
9729;9730;2.294589178356713;0.7907921927506395;19;False
9730;9731;2.3046092184368736;0.7903721677354204;19;False
9731;9732;2.314629258517034;0.7898820922319598;19;False
9732;9733;2.3246492985971945;0.7893297259908517;19;False
9733;9734;2.3346693386773545;0.7887238150608935;19;False
9734;9735;2.344689378757515;0.7880739533060216;19;False
9735;9736;2.3547094188376754;0.7873904304981239;19;False
9736;9737;2.3647294589178354;0.7866840693909948;19;False
9737;9738;2.374749498997996;0.7859660543551693;19;False
9738;9739;2.3847695390781563;0.7852477542869939;19;False
9739;9740;2.3947895791583167;0.7845405425959564;19;False
9740;9741;2.4048096192384767;0.7838556171205552;19;False
9741;9742;2.414829659318637;0.7832038228241216;19;False
9742;9743;2.4248496993987976;0.782595480077993;19;False
9743;9744;2.434869739478958;0.7820402212509623;19;False
9744;9745;2.444889779559118;0.781546838192413;19;False
9745;9746;2.4549098196392785;0.7811231430240582;19;False
9746;9747;2.464929859719439;0.7807758444444786;19;False
9747;9748;2.474949899799599;0.7805104415050247;19;False
9748;9749;2.4849699398797593;0.7803311365390159;19;False
9749;9750;2.49498997995992;0.7802407686228935;19;False
9750;9751;2.50501002004008;0.7802407686228935;19;False
9751;9752;2.51503006012024;0.7803311365390159;19;False
9752;9753;2.5250501002004007;0.7805104415050247;19;False
9753;9754;2.535070140280561;0.7807758444444786;19;False
9754;9755;2.5450901803607215;0.7811231430240582;19;False
9755;9756;2.5551102204408815;0.781546838192413;19;False
9756;9757;2.565130260521042;0.7820402212509623;19;False
9757;9758;2.5751503006012024;0.782595480077993;19;False
9758;9759;2.5851703406813624;0.7832038228241215;19;False
9759;9760;2.595190380761523;0.7838556171205551;19;False
9760;9761;2.6052104208416833;0.7845405425959564;19;False
9761;9762;2.6152304609218437;0.7852477542869939;19;False
9762;9763;2.6252505010020037;0.7859660543551693;19;False
9763;9764;2.635270541082164;0.7866840693909948;19;False
9764;9765;2.6452905811623246;0.7873904304981239;19;False
9765;9766;2.655310621242485;0.7880739533060216;19;False
9766;9767;2.665330661322645;0.7887238150608935;19;False
9767;9768;2.6753507014028055;0.7893297259908517;19;False
9768;9769;2.685370741482966;0.7898820922319598;19;False
9769;9770;2.695390781563126;0.7903721677354204;19;False
9770;9771;2.7054108216432864;0.7907921927506395;19;False
9771;9772;2.715430861723447;0.7911355166914554;19;False
9772;9773;2.7254509018036073;0.7913967034400969;19;False
9773;9774;2.7354709418837673;0.7915716174215072;19;False
9774;9775;2.7454909819639277;0.7916574890851547;19;False
9775;9776;2.755511022044088;0.7916666666666666;19;False
9776;9777;2.7655310621242486;0.7916666666666666;19;False
9777;9778;2.7755511022044086;0.7916666666666666;19;False
9778;9779;2.785571142284569;0.7916666666666666;19;False
9779;9780;2.7955911823647295;0.7916666666666666;19;False
9780;9781;2.8056112224448895;0.7916666666666666;19;False
9781;9782;2.81563126252505;0.7916666666666666;19;False
9782;9783;2.8256513026052104;0.7916666666666666;19;False
9783;9784;2.835671342685371;0.7916666666666666;19;False
9784;9785;2.845691382765531;0.7916666666666666;19;False
9785;9786;2.8557114228456912;0.7916666666666666;19;False
9786;9787;2.8657314629258517;0.7916666666666666;19;False
9787;9788;2.875751503006012;0.7916666666666666;19;False
9788;9789;2.885771543086172;0.7916666666666666;19;False
9789;9790;2.8957915831663326;0.7916666666666666;19;False
9790;9791;2.905811623246493;0.7916666666666666;19;False
9791;9792;2.915831663326653;0.7916666666666666;19;False
9792;9793;2.9258517034068134;0.7916666666666666;19;False
9793;9794;2.935871743486974;0.7916666666666666;19;False
9794;9795;2.9458917835671343;0.7916666666666666;19;False
9795;9796;2.9559118236472943;0.7916666666666666;19;False
9796;9797;2.9659318637274548;0.7916666666666666;19;False
9797;9798;2.975951903807615;0.7916666666666666;19;False
9798;9799;2.9859719438877756;0.7916666666666666;19;False
9799;9800;2.9959919839679356;0.7916666666666666;19;False
9800;9801;3.006012024048096;0.7916666666666666;19;False
9801;9802;3.0160320641282565;0.7916666666666666;19;False
9802;9803;3.0260521042084165;0.7916666666666666;19;False
9803;9804;3.036072144288577;0.7916666666666666;19;False
9804;9805;3.0460921843687374;0.7916666666666666;19;False
9805;9806;3.056112224448898;0.7916666666666666;19;False
9806;9807;3.066132264529058;0.7916666666666666;19;False
9807;9808;3.0761523046092183;0.7916666666666666;19;False
9808;9809;3.0861723446893787;0.7916666666666666;19;False
9809;9810;3.096192384769539;0.7916666666666666;19;False
9810;9811;3.106212424849699;0.7916666666666666;19;False
9811;9812;3.1162324649298596;0.7916666666666666;19;False
9812;9813;3.12625250501002;0.7916666666666666;19;False
9813;9814;3.13627254509018;0.7916666666666666;19;False
9814;9815;3.1462925851703405;0.7916666666666666;19;False
9815;9816;3.156312625250501;0.7916666666666666;19;False
9816;9817;3.1663326653306614;0.7916666666666666;19;False
9817;9818;3.1763527054108214;0.7916666666666666;19;False
9818;9819;3.186372745490982;0.7916666666666666;19;False
9819;9820;3.1963927855711423;0.7916666666666666;19;False
9820;9821;3.2064128256513023;0.7916666666666666;19;False
9821;9822;3.2164328657314627;0.7916666666666666;19;False
9822;9823;3.226452905811623;0.7916666666666666;19;False
9823;9824;3.2364729458917836;0.7916666666666666;19;False
9824;9825;3.2464929859719436;0.7916666666666666;19;False
9825;9826;3.256513026052104;0.7916666666666666;19;False
9826;9827;3.2665330661322645;0.7916666666666666;19;False
9827;9828;3.276553106212425;0.7916666666666666;19;False
9828;9829;3.286573146292585;0.7916666666666666;19;False
9829;9830;3.2965931863727453;0.7916666666666666;19;False
9830;9831;3.306613226452906;0.7916666666666666;19;False
9831;9832;3.316633266533066;0.7916666666666666;19;False
9832;9833;3.3266533066132262;0.7916666666666666;19;False
9833;9834;3.3366733466933867;0.7916666666666666;19;False
9834;9835;3.346693386773547;0.7916666666666666;19;False
9835;9836;3.356713426853707;0.7916666666666666;19;False
9836;9837;3.3667334669338675;0.7916666666666666;19;False
9837;9838;3.376753507014028;0.7916666666666666;19;False
9838;9839;3.3867735470941884;0.7916666666666666;19;False
9839;9840;3.3967935871743484;0.7916666666666666;19;False
9840;9841;3.406813627254509;0.7916666666666666;19;False
9841;9842;3.4168336673346693;0.7916666666666666;19;False
9842;9843;3.4268537074148293;0.7916666666666666;19;False
9843;9844;3.4368737474949898;0.7916666666666666;19;False
9844;9845;3.44689378757515;0.7916666666666666;19;False
9845;9846;3.4569138276553106;0.7916666666666666;19;False
9846;9847;3.4669338677354706;0.7916666666666666;19;False
9847;9848;3.476953907815631;0.7916666666666666;19;False
9848;9849;3.4869739478957915;0.7916666666666666;19;False
9849;9850;3.496993987975952;0.7916666666666666;19;False
9850;9851;3.507014028056112;0.7916666666666666;19;False
9851;9852;3.5170340681362724;0.7916666666666666;19;False
9852;9853;3.527054108216433;0.7916666666666666;19;False
9853;9854;3.537074148296593;0.7916666666666666;19;False
9854;9855;3.5470941883767533;0.7916666666666666;19;False
9855;9856;3.5571142284569137;0.7916666666666666;19;False
9856;9857;3.567134268537074;0.7916666666666666;19;False
9857;9858;3.577154308617234;0.7916666666666666;19;False
9858;9859;3.5871743486973946;0.7916666666666666;19;False
9859;9860;3.597194388777555;0.7916666666666666;19;False
9860;9861;3.6072144288577155;0.7916666666666666;19;False
9861;9862;3.6172344689378755;0.7916666666666666;19;False
9862;9863;3.627254509018036;0.7916666666666666;19;False
9863;9864;3.6372745490981964;0.7916666666666666;19;False
9864;9865;3.6472945891783564;0.7916666666666666;19;False
9865;9866;3.657314629258517;0.7916666666666666;19;False
9866;9867;3.6673346693386772;0.7916666666666666;19;False
9867;9868;3.6773547094188377;0.7916666666666666;19;False
9868;9869;3.6873747494989977;0.7916666666666666;19;False
9869;9870;3.697394789579158;0.7916666666666666;19;False
9870;9871;3.7074148296593186;0.7916666666666666;19;False
9871;9872;3.717434869739479;0.7916666666666666;19;False
9872;9873;3.727454909819639;0.7916666666666666;19;False
9873;9874;3.7374749498997994;0.7916666666666666;19;False
9874;9875;3.74749498997996;0.7916666666666666;19;False
9875;9876;3.75751503006012;0.7916666666666666;19;False
9876;9877;3.7675350701402803;0.7916666666666666;19;False
9877;9878;3.7775551102204408;0.7916666666666666;19;False
9878;9879;3.787575150300601;0.7916666666666666;19;False
9879;9880;3.797595190380761;0.7916666666666666;19;False
9880;9881;3.8076152304609217;0.7916666666666666;19;False
9881;9882;3.817635270541082;0.7916666666666666;19;False
9882;9883;3.8276553106212425;0.7916666666666666;19;False
9883;9884;3.8376753507014025;0.7916666666666666;19;False
9884;9885;3.847695390781563;0.7916666666666666;19;False
9885;9886;3.8577154308617234;0.7916666666666666;19;False
9886;9887;3.8677354709418834;0.7916666666666666;19;False
9887;9888;3.877755511022044;0.7916666666666666;19;False
9888;9889;3.8877755511022043;0.7916666666666666;19;False
9889;9890;3.8977955911823647;0.7916666666666666;19;False
9890;9891;3.9078156312625247;0.7916666666666666;19;False
9891;9892;3.917835671342685;0.7916666666666666;19;False
9892;9893;3.9278557114228456;0.7916666666666666;19;False
9893;9894;3.937875751503006;0.7916666666666666;19;False
9894;9895;3.947895791583166;0.7916666666666666;19;False
9895;9896;3.9579158316633265;0.7916666666666666;19;False
9896;9897;3.967935871743487;0.7916666666666666;19;False
9897;9898;3.977955911823647;0.7916666666666666;19;False
9898;9899;3.9879759519038074;0.7916666666666666;19;False
9899;9900;3.997995991983968;0.7916666666666666;19;False
9900;9901;4.008016032064128;0.7916666666666666;19;False
9901;9902;4.018036072144288;0.7916666666666666;19;False
9902;9903;4.028056112224449;0.7916666666666666;19;False
9903;9904;4.038076152304609;0.7916666666666666;19;False
9904;9905;4.04809619238477;0.7916666666666666;19;False
9905;9906;4.05811623246493;0.7916666666666666;19;False
9906;9907;4.06813627254509;0.7916666666666666;19;False
9907;9908;4.07815631262525;0.7916666666666666;19;False
9908;9909;4.0881763527054105;0.7916666666666666;19;False
9909;9910;4.098196392785571;0.7916666666666666;19;False
9910;9911;4.108216432865731;0.7916666666666666;19;False
9911;9912;4.118236472945892;0.7916666666666666;19;False
9912;9913;4.128256513026052;0.7916666666666666;19;False
9913;9914;4.138276553106213;0.7916666666666666;19;False
9914;9915;4.148296593186372;0.7916666666666666;19;False
9915;9916;4.158316633266533;0.7916666666666666;19;False
9916;9917;4.168336673346693;0.7916666666666666;19;False
9917;9918;4.1783567134268536;0.7916666666666666;19;False
9918;9919;4.188376753507014;0.7916666666666666;19;False
9919;9920;4.198396793587174;0.7916666666666666;19;False
9920;9921;4.208416833667335;0.7916666666666666;19;False
9921;9922;4.218436873747494;0.7916666666666666;19;False
9922;9923;4.228456913827655;0.7916666666666666;19;False
9923;9924;4.238476953907815;0.7916666666666666;19;False
9924;9925;4.248496993987976;0.7916666666666666;19;False
9925;9926;4.258517034068136;0.7916666666666666;19;False
9926;9927;4.268537074148297;0.7916666666666666;19;False
9927;9928;4.278557114228457;0.7916666666666666;19;False
9928;9929;4.288577154308617;0.7916666666666666;19;False
9929;9930;4.298597194388777;0.7916666666666666;19;False
9930;9931;4.3086172344689375;0.7916666666666666;19;False
9931;9932;4.318637274549098;0.7916666666666666;19;False
9932;9933;4.328657314629258;0.7916666666666666;19;False
9933;9934;4.338677354709419;0.7916666666666666;19;False
9934;9935;4.348697394789579;0.7916666666666666;19;False
9935;9936;4.35871743486974;0.7916666666666666;19;False
9936;9937;4.368737474949899;0.7916666666666666;19;False
9937;9938;4.37875751503006;0.7916666666666666;19;False
9938;9939;4.38877755511022;0.7916666666666666;19;False
9939;9940;4.398797595190381;0.7916666666666666;19;False
9940;9941;4.408817635270541;0.7916666666666666;19;False
9941;9942;4.4188376753507015;0.7916666666666666;19;False
9942;9943;4.428857715430862;0.7916666666666666;19;False
9943;9944;4.4388777555110215;0.7916666666666666;19;False
9944;9945;4.448897795591182;0.7916666666666666;19;False
9945;9946;4.458917835671342;0.7916666666666666;19;False
9946;9947;4.468937875751503;0.7916666666666666;19;False
9947;9948;4.478957915831663;0.7916666666666666;19;False
9948;9949;4.488977955911824;0.7916666666666666;19;False
9949;9950;4.498997995991984;0.7916666666666666;19;False
9950;9951;4.509018036072144;0.7916666666666666;19;False
9951;9952;4.519038076152304;0.7916666666666666;19;False
9952;9953;4.529058116232465;0.7916666666666666;19;False
9953;9954;4.539078156312625;0.7916666666666666;19;False
9954;9955;4.5490981963927855;0.7916666666666666;19;False
9955;9956;4.559118236472946;0.7916666666666666;19;False
9956;9957;4.569138276553106;0.7916666666666666;19;False
9957;9958;4.579158316633267;0.7916666666666666;19;False
9958;9959;4.589178356713426;0.7916666666666666;19;False
9959;9960;4.599198396793587;0.7916666666666666;19;False
9960;9961;4.609218436873747;0.7916666666666666;19;False
9961;9962;4.619238476953908;0.7916666666666666;19;False
9962;9963;4.629258517034068;0.7916666666666666;19;False
9963;9964;4.6392785571142285;0.7916666666666666;19;False
9964;9965;4.649298597194389;0.7916666666666666;19;False
9965;9966;4.6593186372745485;0.7916666666666666;19;False
9966;9967;4.669338677354709;0.7916666666666666;19;False
9967;9968;4.679358717434869;0.7916666666666666;19;False
9968;9969;4.68937875751503;0.7916666666666666;19;False
9969;9970;4.69939879759519;0.7916666666666666;19;False
9970;9971;4.709418837675351;0.7916666666666666;19;False
9971;9972;4.719438877755511;0.7916666666666666;19;False
9972;9973;4.729458917835671;0.7916666666666666;19;False
9973;9974;4.739478957915831;0.7916666666666666;19;False
9974;9975;4.749498997995992;0.7916666666666666;19;False
9975;9976;4.759519038076152;0.7916666666666666;19;False
9976;9977;4.7695390781563125;0.7916666666666666;19;False
9977;9978;4.779559118236473;0.7916666666666666;19;False
9978;9979;4.789579158316633;0.7916666666666666;19;False
9979;9980;4.799599198396794;0.7916666666666666;19;False
9980;9981;4.809619238476953;0.7916666666666666;19;False
9981;9982;4.819639278557114;0.7916666666666666;19;False
9982;9983;4.829659318637274;0.7916666666666666;19;False
9983;9984;4.839679358717435;0.7916666666666666;19;False
9984;9985;4.849699398797595;0.7916666666666666;19;False
9985;9986;4.859719438877756;0.7916666666666666;19;False
9986;9987;4.869739478957916;0.7916666666666666;19;False
9987;9988;4.879759519038076;0.7916666666666666;19;False
9988;9989;4.889779559118236;0.7916666666666666;19;False
9989;9990;4.8997995991983965;0.7916666666666666;19;False
9990;9991;4.909819639278557;0.7916666666666666;19;False
9991;9992;4.919839679358717;0.7916666666666666;19;False
9992;9993;4.929859719438878;0.7916666666666666;19;False
9993;9994;4.939879759519038;0.7916666666666666;19;False
9994;9995;4.949899799599198;0.7916666666666666;19;False
9995;9996;4.959919839679358;0.7916666666666666;19;False
9996;9997;4.969939879759519;0.7916666666666666;19;False
9997;9998;4.979959919839679;0.7916666666666666;19;False
9998;9999;4.98997995991984;0.7916666666666666;19;False
9999;10000;5.0;0.7916666666666666;19;False
10000;10001;0.0;0.8333333333333334;20;False
10001;10002;0.01002004008016032;0.8333333333333334;20;False
10002;10003;0.02004008016032064;0.8333333333333334;20;False
10003;10004;0.03006012024048096;0.8333333333333334;20;False
10004;10005;0.04008016032064128;0.8333333333333334;20;False
10005;10006;0.0501002004008016;0.8333333333333334;20;False
10006;10007;0.06012024048096192;0.8333333333333334;20;False
10007;10008;0.07014028056112225;0.8333333333333334;20;False
10008;10009;0.08016032064128256;0.8333333333333334;20;False
10009;10010;0.09018036072144288;0.8333333333333334;20;False
10010;10011;0.1002004008016032;0.8333333333333334;20;False
10011;10012;0.11022044088176353;0.8333333333333334;20;False
10012;10013;0.12024048096192384;0.8333333333333334;20;False
10013;10014;0.13026052104208416;0.8333333333333334;20;False
10014;10015;0.1402805611222445;0.8333333333333334;20;False
10015;10016;0.1503006012024048;0.8333333333333334;20;False
10016;10017;0.16032064128256512;0.8333333333333334;20;False
10017;10018;0.17034068136272545;0.8333333333333334;20;False
10018;10019;0.18036072144288576;0.8333333333333334;20;False
10019;10020;0.1903807615230461;0.8333333333333334;20;False
10020;10021;0.2004008016032064;0.8333333333333334;20;False
10021;10022;0.21042084168336672;0.8333333333333334;20;False
10022;10023;0.22044088176352705;0.8333333333333334;20;False
10023;10024;0.23046092184368736;0.8333333333333334;20;False
10024;10025;0.24048096192384769;0.8333333333333334;20;False
10025;10026;0.250501002004008;0.8333333333333334;20;False
10026;10027;0.2605210420841683;0.8333333333333334;20;False
10027;10028;0.27054108216432865;0.8333333333333334;20;False
10028;10029;0.280561122244489;0.8333333333333334;20;False
10029;10030;0.2905811623246493;0.8333333333333334;20;False
10030;10031;0.3006012024048096;0.8333333333333334;20;False
10031;10032;0.3106212424849699;0.8333333333333334;20;False
10032;10033;0.32064128256513025;0.8333333333333334;20;False
10033;10034;0.3306613226452906;0.8333333333333334;20;False
10034;10035;0.3406813627254509;0.8333333333333334;20;False
10035;10036;0.3507014028056112;0.8333333333333334;20;False
10036;10037;0.3607214428857715;0.8333333333333334;20;False
10037;10038;0.37074148296593185;0.8333333333333334;20;False
10038;10039;0.3807615230460922;0.8333333333333334;20;False
10039;10040;0.3907815631262525;0.8333333333333334;20;False
10040;10041;0.4008016032064128;0.8333333333333334;20;False
10041;10042;0.4108216432865731;0.8333333333333334;20;False
10042;10043;0.42084168336673344;0.8333333333333334;20;False
10043;10044;0.4308617234468938;0.8333333333333334;20;False
10044;10045;0.4408817635270541;0.8333333333333334;20;False
10045;10046;0.45090180360721444;0.8333333333333334;20;False
10046;10047;0.4609218436873747;0.8333333333333334;20;False
10047;10048;0.47094188376753504;0.8333333333333334;20;False
10048;10049;0.48096192384769537;0.8333333333333334;20;False
10049;10050;0.4909819639278557;0.8333333333333334;20;False
10050;10051;0.501002004008016;0.8333333333333334;20;False
10051;10052;0.5110220440881763;0.8333333333333334;20;False
10052;10053;0.5210420841683366;0.8333333333333334;20;False
10053;10054;0.531062124248497;0.8333333333333334;20;False
10054;10055;0.5410821643286573;0.8333333333333334;20;False
10055;10056;0.5511022044088176;0.8333333333333334;20;False
10056;10057;0.561122244488978;0.8333333333333334;20;False
10057;10058;0.5711422845691383;0.8333333333333334;20;False
10058;10059;0.5811623246492986;0.8333333333333334;20;False
10059;10060;0.5911823647294588;0.8333333333333334;20;False
10060;10061;0.6012024048096192;0.8333333333333334;20;False
10061;10062;0.6112224448897795;0.8333333333333334;20;False
10062;10063;0.6212424849699398;0.8333333333333334;20;False
10063;10064;0.6312625250501002;0.8333333333333334;20;False
10064;10065;0.6412825651302605;0.8333333333333334;20;False
10065;10066;0.6513026052104208;0.8333333333333334;20;False
10066;10067;0.6613226452905812;0.8333333333333334;20;False
10067;10068;0.6713426853707415;0.8333333333333334;20;False
10068;10069;0.6813627254509018;0.8333333333333334;20;False
10069;10070;0.6913827655310621;0.8333333333333334;20;False
10070;10071;0.7014028056112224;0.8333333333333334;20;False
10071;10072;0.7114228456913827;0.8333333333333334;20;False
10072;10073;0.721442885771543;0.8333333333333334;20;False
10073;10074;0.7314629258517034;0.8333333333333334;20;False
10074;10075;0.7414829659318637;0.8333333333333334;20;False
10075;10076;0.751503006012024;0.8333333333333334;20;False
10076;10077;0.7615230460921844;0.8333333333333334;20;False
10077;10078;0.7715430861723447;0.8333333333333334;20;False
10078;10079;0.781563126252505;0.8333333333333334;20;False
10079;10080;0.7915831663326653;0.8333333333333334;20;False
10080;10081;0.8016032064128256;0.8333333333333334;20;False
10081;10082;0.8116232464929859;0.8333333333333334;20;False
10082;10083;0.8216432865731462;0.8333333333333334;20;False
10083;10084;0.8316633266533066;0.8333333333333334;20;False
10084;10085;0.8416833667334669;0.8333333333333334;20;False
10085;10086;0.8517034068136272;0.8333333333333334;20;False
10086;10087;0.8617234468937875;0.8333333333333334;20;False
10087;10088;0.8717434869739479;0.8333333333333334;20;False
10088;10089;0.8817635270541082;0.8333333333333334;20;False
10089;10090;0.8917835671342685;0.8333333333333334;20;False
10090;10091;0.9018036072144289;0.8333333333333334;20;False
10091;10092;0.9118236472945891;0.8333333333333334;20;False
10092;10093;0.9218436873747494;0.8333333333333334;20;False
10093;10094;0.9318637274549098;0.8333333333333334;20;False
10094;10095;0.9418837675350701;0.8333333333333334;20;False
10095;10096;0.9519038076152304;0.8333333333333334;20;False
10096;10097;0.9619238476953907;0.8333333333333334;20;False
10097;10098;0.9719438877755511;0.8333333333333334;20;False
10098;10099;0.9819639278557114;0.8333333333333334;20;False
10099;10100;0.9919839679358717;0.8333333333333334;20;False
10100;10101;1.002004008016032;0.8333333333333334;20;False
10101;10102;1.0120240480961924;0.8333333333333334;20;False
10102;10103;1.0220440881763526;0.8333333333333334;20;False
10103;10104;1.032064128256513;0.8333333333333334;20;False
10104;10105;1.0420841683366733;0.8333333333333334;20;False
10105;10106;1.0521042084168337;0.8333333333333334;20;False
10106;10107;1.062124248496994;0.8333333333333334;20;False
10107;10108;1.0721442885771542;0.8333333333333334;20;False
10108;10109;1.0821643286573146;0.8333333333333334;20;False
10109;10110;1.0921843687374748;0.8333333333333334;20;False
10110;10111;1.1022044088176353;0.8333333333333334;20;False
10111;10112;1.1122244488977955;0.8333333333333334;20;False
10112;10113;1.122244488977956;0.8333333333333334;20;False
10113;10114;1.1322645290581161;0.8333333333333334;20;False
10114;10115;1.1422845691382766;0.8333333333333334;20;False
10115;10116;1.1523046092184368;0.8333333333333334;20;False
10116;10117;1.1623246492985972;0.8333333333333334;20;False
10117;10118;1.1723446893787575;0.8333333333333334;20;False
10118;10119;1.1823647294589177;0.8333333333333334;20;False
10119;10120;1.1923847695390781;0.8333333333333334;20;False
10120;10121;1.2024048096192383;0.8333333333333334;20;False
10121;10122;1.2124248496993988;0.8333333333333334;20;False
10122;10123;1.222444889779559;0.8333333333333334;20;False
10123;10124;1.2324649298597194;0.8333333333333334;20;False
10124;10125;1.2424849699398797;0.8333333333333334;20;False
10125;10126;1.25250501002004;0.8333333333333334;20;False
10126;10127;1.2625250501002003;0.8333333333333334;20;False
10127;10128;1.2725450901803608;0.8333333333333334;20;False
10128;10129;1.282565130260521;0.8333333333333334;20;False
10129;10130;1.2925851703406812;0.8333333333333334;20;False
10130;10131;1.3026052104208417;0.8333333333333334;20;False
10131;10132;1.3126252505010019;0.8333333333333334;20;False
10132;10133;1.3226452905811623;0.8333333333333334;20;False
10133;10134;1.3326653306613225;0.8333333333333334;20;False
10134;10135;1.342685370741483;0.8333333333333334;20;False
10135;10136;1.3527054108216432;0.8333333333333334;20;False
10136;10137;1.3627254509018036;0.8333333333333334;20;False
10137;10138;1.3727454909819639;0.8333333333333334;20;False
10138;10139;1.3827655310621243;0.8333333333333334;20;False
10139;10140;1.3927855711422845;0.8333333333333334;20;False
10140;10141;1.4028056112224447;0.8333333333333334;20;False
10141;10142;1.4128256513026052;0.8333333333333334;20;False
10142;10143;1.4228456913827654;0.8333333333333334;20;False
10143;10144;1.4328657314629258;0.8333333333333334;20;False
10144;10145;1.442885771543086;0.8333333333333334;20;False
10145;10146;1.4529058116232465;0.8333333333333334;20;False
10146;10147;1.4629258517034067;0.8333333333333334;20;False
10147;10148;1.4729458917835672;0.8333333333333334;20;False
10148;10149;1.4829659318637274;0.8333333333333334;20;False
10149;10150;1.4929859719438878;0.8333333333333334;20;False
10150;10151;1.503006012024048;0.8333333333333334;20;False
10151;10152;1.5130260521042083;0.8333333333333334;20;False
10152;10153;1.5230460921843687;0.8333333333333334;20;False
10153;10154;1.533066132264529;0.8333333333333334;20;False
10154;10155;1.5430861723446894;0.8333333333333334;20;False
10155;10156;1.5531062124248496;0.8333333333333334;20;False
10156;10157;1.56312625250501;0.8333333333333334;20;False
10157;10158;1.5731462925851702;0.8333333333333334;20;False
10158;10159;1.5831663326653307;0.8333333333333334;20;False
10159;10160;1.593186372745491;0.8333333333333334;20;False
10160;10161;1.6032064128256511;0.8333333333333334;20;False
10161;10162;1.6132264529058116;0.8333333333333334;20;False
10162;10163;1.6232464929859718;0.8333333333333334;20;False
10163;10164;1.6332665330661322;0.8333333333333334;20;False
10164;10165;1.6432865731462925;0.8333333333333334;20;False
10165;10166;1.653306613226453;0.8333333333333334;20;False
10166;10167;1.6633266533066131;0.8333333333333334;20;False
10167;10168;1.6733466933867736;0.8333333333333334;20;False
10168;10169;1.6833667334669338;0.8333333333333334;20;False
10169;10170;1.6933867735470942;0.8333333333333334;20;False
10170;10171;1.7034068136272544;0.8333333333333334;20;False
10171;10172;1.7134268537074147;0.8333333333333334;20;False
10172;10173;1.723446893787575;0.8333333333333334;20;False
10173;10174;1.7334669338677353;0.8333333333333334;20;False
10174;10175;1.7434869739478958;0.8333333333333334;20;False
10175;10176;1.753507014028056;0.8333333333333334;20;False
10176;10177;1.7635270541082164;0.8333333333333334;20;False
10177;10178;1.7735470941883766;0.8333333333333334;20;False
10178;10179;1.783567134268537;0.8333333333333334;20;False
10179;10180;1.7935871743486973;0.8333333333333334;20;False
10180;10181;1.8036072144288577;0.8333333333333334;20;False
10181;10182;1.813627254509018;0.8333333333333334;20;False
10182;10183;1.8236472945891782;0.8333333333333334;20;False
10183;10184;1.8336673346693386;0.8333333333333334;20;False
10184;10185;1.8436873747494988;0.8333333333333334;20;False
10185;10186;1.8537074148296593;0.8333333333333334;20;False
10186;10187;1.8637274549098195;0.8333333333333334;20;False
10187;10188;1.87374749498998;0.8333333333333334;20;False
10188;10189;1.8837675350701402;0.8333333333333334;20;False
10189;10190;1.8937875751503006;0.8333333333333334;20;False
10190;10191;1.9038076152304608;0.8333333333333334;20;False
10191;10192;1.9138276553106213;0.8333333333333334;20;False
10192;10193;1.9238476953907815;0.8333333333333334;20;False
10193;10194;1.9338677354709417;0.8333333333333334;20;False
10194;10195;1.9438877755511021;0.8333333333333334;20;False
10195;10196;1.9539078156312624;0.8333333333333334;20;False
10196;10197;1.9639278557114228;0.8333333333333334;20;False
10197;10198;1.973947895791583;0.8333333333333334;20;False
10198;10199;1.9839679358717435;0.8333333333333334;20;False
10199;10200;1.9939879759519037;0.8333333333333334;20;False
10200;10201;2.004008016032064;0.8333333333333334;20;False
10201;10202;2.0140280561122244;0.8333333333333334;20;False
10202;10203;2.024048096192385;0.8333333333333334;20;False
10203;10204;2.034068136272545;0.8333333333333334;20;False
10204;10205;2.0440881763527052;0.8333333333333334;20;False
10205;10206;2.0541082164328657;0.8333333333333334;20;False
10206;10207;2.064128256513026;0.8333333333333334;20;False
10207;10208;2.074148296593186;0.8333333333333334;20;False
10208;10209;2.0841683366733466;0.8333333333333334;20;False
10209;10210;2.094188376753507;0.8333333333333334;20;False
10210;10211;2.1042084168336674;0.8333333333333334;20;False
10211;10212;2.1142284569138274;0.8333333333333334;20;False
10212;10213;2.124248496993988;0.8333333333333334;20;False
10213;10214;2.1342685370741483;0.8333333333333334;20;False
10214;10215;2.1442885771543083;0.8333333333333334;20;False
10215;10216;2.1543086172344688;0.8333333333333334;20;False
10216;10217;2.164328657314629;0.8333333333333334;20;False
10217;10218;2.1743486973947896;0.8333333333333334;20;False
10218;10219;2.1843687374749496;0.8333333333333334;20;False
10219;10220;2.19438877755511;0.8333333333333334;20;False
10220;10221;2.2044088176352705;0.8333333333333334;20;False
10221;10222;2.214428857715431;0.8333333333333334;20;False
10222;10223;2.224448897795591;0.8333333333333334;20;False
10223;10224;2.2344689378757514;0.8333333333333334;20;False
10224;10225;2.244488977955912;0.8333333333333334;20;False
10225;10226;2.254509018036072;0.8333256624080951;20;False
10226;10227;2.2645290581162323;0.8332538880401895;20;False
10227;10228;2.2745490981963927;0.8331076891671234;20;False
10228;10229;2.284569138276553;0.8328893806705511;20;False
10229;10230;2.294589178356713;0.8326024192004662;20;False
10230;10231;2.3046092184368736;0.8322513484433463;20;False
10231;10232;2.314629258517034;0.8318417271783933;20;False
10232;10233;2.3246492985971945;0.8313800412610148;20;False
10233;10234;2.3346693386773545;0.8308736009271773;20;False
10234;10235;2.344689378757515;0.830330425044695;20;False
10235;10236;2.3547094188376754;0.8297591141441948;20;False
10236;10237;2.3647294589178354;0.8291687142401545;20;False
10237;10238;2.374749498997996;0.8285685735982469;20;False
10238;10239;2.3847695390781563;0.827968194716903;20;False
10239;10240;2.3947895791583167;0.8273770838667858;20;False
10240;10241;2.4048096192384767;0.8268046005705363;20;False
10241;10242;2.414829659318637;0.8262598094060956;20;False
10242;10243;2.4248496993987976;0.825751336480119;20;False
10243;10244;2.434869739478958;0.8252872328440496;20;False
10244;10245;2.444889779559118;0.8248748470154943;20;False
10245;10246;2.4549098196392785;0.8245207086233683;20;False
10246;10247;2.464929859719439;0.8242304250191499;20;False
10247;10248;2.474949899799599;0.8240085924912769;20;False
10248;10249;2.4849699398797593;0.8238587234885002;20;False
10249;10250;2.49498997995992;0.8237831910045222;20;False
10250;10251;2.50501002004008;0.8237831910045222;20;False
10251;10252;2.51503006012024;0.8238587234885002;20;False
10252;10253;2.5250501002004007;0.8240085924912769;20;False
10253;10254;2.535070140280561;0.8242304250191499;20;False
10254;10255;2.5450901803607215;0.8245207086233683;20;False
10255;10256;2.5551102204408815;0.8248748470154943;20;False
10256;10257;2.565130260521042;0.8252872328440496;20;False
10257;10258;2.5751503006012024;0.825751336480119;20;False
10258;10259;2.5851703406813624;0.8262598094060956;20;False
10259;10260;2.595190380761523;0.8268046005705363;20;False
10260;10261;2.6052104208416833;0.8273770838667858;20;False
10261;10262;2.6152304609218437;0.827968194716903;20;False
10262;10263;2.6252505010020037;0.8285685735982469;20;False
10263;10264;2.635270541082164;0.8291687142401544;20;False
10264;10265;2.6452905811623246;0.8297591141441948;20;False
10265;10266;2.655310621242485;0.830330425044695;20;False
10266;10267;2.665330661322645;0.8308736009271773;20;False
10267;10268;2.6753507014028055;0.8313800412610148;20;False
10268;10269;2.685370741482966;0.8318417271783933;20;False
10269;10270;2.695390781563126;0.8322513484433461;20;False
10270;10271;2.7054108216432864;0.8326024192004662;20;False
10271;10272;2.715430861723447;0.8328893806705511;20;False
10272;10273;2.7254509018036073;0.8331076891671234;20;False
10273;10274;2.7354709418837673;0.8332538880401895;20;False
10274;10275;2.7454909819639277;0.8333256624080951;20;False
10275;10276;2.755511022044088;0.8333333333333334;20;False
10276;10277;2.7655310621242486;0.8333333333333334;20;False
10277;10278;2.7755511022044086;0.8333333333333334;20;False
10278;10279;2.785571142284569;0.8333333333333334;20;False
10279;10280;2.7955911823647295;0.8333333333333334;20;False
10280;10281;2.8056112224448895;0.8333333333333334;20;False
10281;10282;2.81563126252505;0.8333333333333334;20;False
10282;10283;2.8256513026052104;0.8333333333333334;20;False
10283;10284;2.835671342685371;0.8333333333333334;20;False
10284;10285;2.845691382765531;0.8333333333333334;20;False
10285;10286;2.8557114228456912;0.8333333333333334;20;False
10286;10287;2.8657314629258517;0.8333333333333334;20;False
10287;10288;2.875751503006012;0.8333333333333334;20;False
10288;10289;2.885771543086172;0.8333333333333334;20;False
10289;10290;2.8957915831663326;0.8333333333333334;20;False
10290;10291;2.905811623246493;0.8333333333333334;20;False
10291;10292;2.915831663326653;0.8333333333333334;20;False
10292;10293;2.9258517034068134;0.8333333333333334;20;False
10293;10294;2.935871743486974;0.8333333333333334;20;False
10294;10295;2.9458917835671343;0.8333333333333334;20;False
10295;10296;2.9559118236472943;0.8333333333333334;20;False
10296;10297;2.9659318637274548;0.8333333333333334;20;False
10297;10298;2.975951903807615;0.8333333333333334;20;False
10298;10299;2.9859719438877756;0.8333333333333334;20;False
10299;10300;2.9959919839679356;0.8333333333333334;20;False
10300;10301;3.006012024048096;0.8333333333333334;20;False
10301;10302;3.0160320641282565;0.8333333333333334;20;False
10302;10303;3.0260521042084165;0.8333333333333334;20;False
10303;10304;3.036072144288577;0.8333333333333334;20;False
10304;10305;3.0460921843687374;0.8333333333333334;20;False
10305;10306;3.056112224448898;0.8333333333333334;20;False
10306;10307;3.066132264529058;0.8333333333333334;20;False
10307;10308;3.0761523046092183;0.8333333333333334;20;False
10308;10309;3.0861723446893787;0.8333333333333334;20;False
10309;10310;3.096192384769539;0.8333333333333334;20;False
10310;10311;3.106212424849699;0.8333333333333334;20;False
10311;10312;3.1162324649298596;0.8333333333333334;20;False
10312;10313;3.12625250501002;0.8333333333333334;20;False
10313;10314;3.13627254509018;0.8333333333333334;20;False
10314;10315;3.1462925851703405;0.8333333333333334;20;False
10315;10316;3.156312625250501;0.8333333333333334;20;False
10316;10317;3.1663326653306614;0.8333333333333334;20;False
10317;10318;3.1763527054108214;0.8333333333333334;20;False
10318;10319;3.186372745490982;0.8333333333333334;20;False
10319;10320;3.1963927855711423;0.8333333333333334;20;False
10320;10321;3.2064128256513023;0.8333333333333334;20;False
10321;10322;3.2164328657314627;0.8333333333333334;20;False
10322;10323;3.226452905811623;0.8333333333333334;20;False
10323;10324;3.2364729458917836;0.8333333333333334;20;False
10324;10325;3.2464929859719436;0.8333333333333334;20;False
10325;10326;3.256513026052104;0.8333333333333334;20;False
10326;10327;3.2665330661322645;0.8333333333333334;20;False
10327;10328;3.276553106212425;0.8333333333333334;20;False
10328;10329;3.286573146292585;0.8333333333333334;20;False
10329;10330;3.2965931863727453;0.8333333333333334;20;False
10330;10331;3.306613226452906;0.8333333333333334;20;False
10331;10332;3.316633266533066;0.8333333333333334;20;False
10332;10333;3.3266533066132262;0.8333333333333334;20;False
10333;10334;3.3366733466933867;0.8333333333333334;20;False
10334;10335;3.346693386773547;0.8333333333333334;20;False
10335;10336;3.356713426853707;0.8333333333333334;20;False
10336;10337;3.3667334669338675;0.8333333333333334;20;False
10337;10338;3.376753507014028;0.8333333333333334;20;False
10338;10339;3.3867735470941884;0.8333333333333334;20;False
10339;10340;3.3967935871743484;0.8333333333333334;20;False
10340;10341;3.406813627254509;0.8333333333333334;20;False
10341;10342;3.4168336673346693;0.8333333333333334;20;False
10342;10343;3.4268537074148293;0.8333333333333334;20;False
10343;10344;3.4368737474949898;0.8333333333333334;20;False
10344;10345;3.44689378757515;0.8333333333333334;20;False
10345;10346;3.4569138276553106;0.8333333333333334;20;False
10346;10347;3.4669338677354706;0.8333333333333334;20;False
10347;10348;3.476953907815631;0.8333333333333334;20;False
10348;10349;3.4869739478957915;0.8333333333333334;20;False
10349;10350;3.496993987975952;0.8333333333333334;20;False
10350;10351;3.507014028056112;0.8333333333333334;20;False
10351;10352;3.5170340681362724;0.8333333333333334;20;False
10352;10353;3.527054108216433;0.8333333333333334;20;False
10353;10354;3.537074148296593;0.8333333333333334;20;False
10354;10355;3.5470941883767533;0.8333333333333334;20;False
10355;10356;3.5571142284569137;0.8333333333333334;20;False
10356;10357;3.567134268537074;0.8333333333333334;20;False
10357;10358;3.577154308617234;0.8333333333333334;20;False
10358;10359;3.5871743486973946;0.8333333333333334;20;False
10359;10360;3.597194388777555;0.8333333333333334;20;False
10360;10361;3.6072144288577155;0.8333333333333334;20;False
10361;10362;3.6172344689378755;0.8333333333333334;20;False
10362;10363;3.627254509018036;0.8333333333333334;20;False
10363;10364;3.6372745490981964;0.8333333333333334;20;False
10364;10365;3.6472945891783564;0.8333333333333334;20;False
10365;10366;3.657314629258517;0.8333333333333334;20;False
10366;10367;3.6673346693386772;0.8333333333333334;20;False
10367;10368;3.6773547094188377;0.8333333333333334;20;False
10368;10369;3.6873747494989977;0.8333333333333334;20;False
10369;10370;3.697394789579158;0.8333333333333334;20;False
10370;10371;3.7074148296593186;0.8333333333333334;20;False
10371;10372;3.717434869739479;0.8333333333333334;20;False
10372;10373;3.727454909819639;0.8333333333333334;20;False
10373;10374;3.7374749498997994;0.8333333333333334;20;False
10374;10375;3.74749498997996;0.8333333333333334;20;False
10375;10376;3.75751503006012;0.8333333333333334;20;False
10376;10377;3.7675350701402803;0.8333333333333334;20;False
10377;10378;3.7775551102204408;0.8333333333333334;20;False
10378;10379;3.787575150300601;0.8333333333333334;20;False
10379;10380;3.797595190380761;0.8333333333333334;20;False
10380;10381;3.8076152304609217;0.8333333333333334;20;False
10381;10382;3.817635270541082;0.8333333333333334;20;False
10382;10383;3.8276553106212425;0.8333333333333334;20;False
10383;10384;3.8376753507014025;0.8333333333333334;20;False
10384;10385;3.847695390781563;0.8333333333333334;20;False
10385;10386;3.8577154308617234;0.8333333333333334;20;False
10386;10387;3.8677354709418834;0.8333333333333334;20;False
10387;10388;3.877755511022044;0.8333333333333334;20;False
10388;10389;3.8877755511022043;0.8333333333333334;20;False
10389;10390;3.8977955911823647;0.8333333333333334;20;False
10390;10391;3.9078156312625247;0.8333333333333334;20;False
10391;10392;3.917835671342685;0.8333333333333334;20;False
10392;10393;3.9278557114228456;0.8333333333333334;20;False
10393;10394;3.937875751503006;0.8333333333333334;20;False
10394;10395;3.947895791583166;0.8333333333333334;20;False
10395;10396;3.9579158316633265;0.8333333333333334;20;False
10396;10397;3.967935871743487;0.8333333333333334;20;False
10397;10398;3.977955911823647;0.8333333333333334;20;False
10398;10399;3.9879759519038074;0.8333333333333334;20;False
10399;10400;3.997995991983968;0.8333333333333334;20;False
10400;10401;4.008016032064128;0.8333333333333334;20;False
10401;10402;4.018036072144288;0.8333333333333334;20;False
10402;10403;4.028056112224449;0.8333333333333334;20;False
10403;10404;4.038076152304609;0.8333333333333334;20;False
10404;10405;4.04809619238477;0.8333333333333334;20;False
10405;10406;4.05811623246493;0.8333333333333334;20;False
10406;10407;4.06813627254509;0.8333333333333334;20;False
10407;10408;4.07815631262525;0.8333333333333334;20;False
10408;10409;4.0881763527054105;0.8333333333333334;20;False
10409;10410;4.098196392785571;0.8333333333333334;20;False
10410;10411;4.108216432865731;0.8333333333333334;20;False
10411;10412;4.118236472945892;0.8333333333333334;20;False
10412;10413;4.128256513026052;0.8333333333333334;20;False
10413;10414;4.138276553106213;0.8333333333333334;20;False
10414;10415;4.148296593186372;0.8333333333333334;20;False
10415;10416;4.158316633266533;0.8333333333333334;20;False
10416;10417;4.168336673346693;0.8333333333333334;20;False
10417;10418;4.1783567134268536;0.8333333333333334;20;False
10418;10419;4.188376753507014;0.8333333333333334;20;False
10419;10420;4.198396793587174;0.8333333333333334;20;False
10420;10421;4.208416833667335;0.8333333333333334;20;False
10421;10422;4.218436873747494;0.8333333333333334;20;False
10422;10423;4.228456913827655;0.8333333333333334;20;False
10423;10424;4.238476953907815;0.8333333333333334;20;False
10424;10425;4.248496993987976;0.8333333333333334;20;False
10425;10426;4.258517034068136;0.8333333333333334;20;False
10426;10427;4.268537074148297;0.8333333333333334;20;False
10427;10428;4.278557114228457;0.8333333333333334;20;False
10428;10429;4.288577154308617;0.8333333333333334;20;False
10429;10430;4.298597194388777;0.8333333333333334;20;False
10430;10431;4.3086172344689375;0.8333333333333334;20;False
10431;10432;4.318637274549098;0.8333333333333334;20;False
10432;10433;4.328657314629258;0.8333333333333334;20;False
10433;10434;4.338677354709419;0.8333333333333334;20;False
10434;10435;4.348697394789579;0.8333333333333334;20;False
10435;10436;4.35871743486974;0.8333333333333334;20;False
10436;10437;4.368737474949899;0.8333333333333334;20;False
10437;10438;4.37875751503006;0.8333333333333334;20;False
10438;10439;4.38877755511022;0.8333333333333334;20;False
10439;10440;4.398797595190381;0.8333333333333334;20;False
10440;10441;4.408817635270541;0.8333333333333334;20;False
10441;10442;4.4188376753507015;0.8333333333333334;20;False
10442;10443;4.428857715430862;0.8333333333333334;20;False
10443;10444;4.4388777555110215;0.8333333333333334;20;False
10444;10445;4.448897795591182;0.8333333333333334;20;False
10445;10446;4.458917835671342;0.8333333333333334;20;False
10446;10447;4.468937875751503;0.8333333333333334;20;False
10447;10448;4.478957915831663;0.8333333333333334;20;False
10448;10449;4.488977955911824;0.8333333333333334;20;False
10449;10450;4.498997995991984;0.8333333333333334;20;False
10450;10451;4.509018036072144;0.8333333333333334;20;False
10451;10452;4.519038076152304;0.8333333333333334;20;False
10452;10453;4.529058116232465;0.8333333333333334;20;False
10453;10454;4.539078156312625;0.8333333333333334;20;False
10454;10455;4.5490981963927855;0.8333333333333334;20;False
10455;10456;4.559118236472946;0.8333333333333334;20;False
10456;10457;4.569138276553106;0.8333333333333334;20;False
10457;10458;4.579158316633267;0.8333333333333334;20;False
10458;10459;4.589178356713426;0.8333333333333334;20;False
10459;10460;4.599198396793587;0.8333333333333334;20;False
10460;10461;4.609218436873747;0.8333333333333334;20;False
10461;10462;4.619238476953908;0.8333333333333334;20;False
10462;10463;4.629258517034068;0.8333333333333334;20;False
10463;10464;4.6392785571142285;0.8333333333333334;20;False
10464;10465;4.649298597194389;0.8333333333333334;20;False
10465;10466;4.6593186372745485;0.8333333333333334;20;False
10466;10467;4.669338677354709;0.8333333333333334;20;False
10467;10468;4.679358717434869;0.8333333333333334;20;False
10468;10469;4.68937875751503;0.8333333333333334;20;False
10469;10470;4.69939879759519;0.8333333333333334;20;False
10470;10471;4.709418837675351;0.8333333333333334;20;False
10471;10472;4.719438877755511;0.8333333333333334;20;False
10472;10473;4.729458917835671;0.8333333333333334;20;False
10473;10474;4.739478957915831;0.8333333333333334;20;False
10474;10475;4.749498997995992;0.8333333333333334;20;False
10475;10476;4.759519038076152;0.8333333333333334;20;False
10476;10477;4.7695390781563125;0.8333333333333334;20;False
10477;10478;4.779559118236473;0.8333333333333334;20;False
10478;10479;4.789579158316633;0.8333333333333334;20;False
10479;10480;4.799599198396794;0.8333333333333334;20;False
10480;10481;4.809619238476953;0.8333333333333334;20;False
10481;10482;4.819639278557114;0.8333333333333334;20;False
10482;10483;4.829659318637274;0.8333333333333334;20;False
10483;10484;4.839679358717435;0.8333333333333334;20;False
10484;10485;4.849699398797595;0.8333333333333334;20;False
10485;10486;4.859719438877756;0.8333333333333334;20;False
10486;10487;4.869739478957916;0.8333333333333334;20;False
10487;10488;4.879759519038076;0.8333333333333334;20;False
10488;10489;4.889779559118236;0.8333333333333334;20;False
10489;10490;4.8997995991983965;0.8333333333333334;20;False
10490;10491;4.909819639278557;0.8333333333333334;20;False
10491;10492;4.919839679358717;0.8333333333333334;20;False
10492;10493;4.929859719438878;0.8333333333333334;20;False
10493;10494;4.939879759519038;0.8333333333333334;20;False
10494;10495;4.949899799599198;0.8333333333333334;20;False
10495;10496;4.959919839679358;0.8333333333333334;20;False
10496;10497;4.969939879759519;0.8333333333333334;20;False
10497;10498;4.979959919839679;0.8333333333333334;20;False
10498;10499;4.98997995991984;0.8333333333333334;20;False
10499;10500;5.0;0.8333333333333334;20;False
10500;10501;0.0;0.875;21;True
10501;10502;0.01002004008016032;0.875;21;True
10502;10503;0.02004008016032064;0.875;21;True
10503;10504;0.03006012024048096;0.875;21;True
10504;10505;0.04008016032064128;0.875;21;True
10505;10506;0.0501002004008016;0.875;21;True
10506;10507;0.06012024048096192;0.875;21;True
10507;10508;0.07014028056112225;0.875;21;True
10508;10509;0.08016032064128256;0.875;21;True
10509;10510;0.09018036072144288;0.875;21;True
10510;10511;0.1002004008016032;0.875;21;True
10511;10512;0.11022044088176353;0.875;21;True
10512;10513;0.12024048096192384;0.875;21;True
10513;10514;0.13026052104208416;0.875;21;True
10514;10515;0.1402805611222445;0.875;21;True
10515;10516;0.1503006012024048;0.875;21;True
10516;10517;0.16032064128256512;0.875;21;True
10517;10518;0.17034068136272545;0.875;21;True
10518;10519;0.18036072144288576;0.875;21;True
10519;10520;0.1903807615230461;0.875;21;True
10520;10521;0.2004008016032064;0.875;21;True
10521;10522;0.21042084168336672;0.875;21;True
10522;10523;0.22044088176352705;0.875;21;True
10523;10524;0.23046092184368736;0.875;21;True
10524;10525;0.24048096192384769;0.875;21;True
10525;10526;0.250501002004008;0.875;21;True
10526;10527;0.2605210420841683;0.875;21;True
10527;10528;0.27054108216432865;0.875;21;True
10528;10529;0.280561122244489;0.875;21;True
10529;10530;0.2905811623246493;0.875;21;True
10530;10531;0.3006012024048096;0.875;21;True
10531;10532;0.3106212424849699;0.875;21;True
10532;10533;0.32064128256513025;0.875;21;True
10533;10534;0.3306613226452906;0.875;21;True
10534;10535;0.3406813627254509;0.875;21;True
10535;10536;0.3507014028056112;0.875;21;True
10536;10537;0.3607214428857715;0.875;21;True
10537;10538;0.37074148296593185;0.875;21;True
10538;10539;0.3807615230460922;0.875;21;True
10539;10540;0.3907815631262525;0.875;21;True
10540;10541;0.4008016032064128;0.875;21;True
10541;10542;0.4108216432865731;0.875;21;True
10542;10543;0.42084168336673344;0.875;21;True
10543;10544;0.4308617234468938;0.875;21;True
10544;10545;0.4408817635270541;0.875;21;True
10545;10546;0.45090180360721444;0.875;21;True
10546;10547;0.4609218436873747;0.875;21;True
10547;10548;0.47094188376753504;0.875;21;True
10548;10549;0.48096192384769537;0.875;21;True
10549;10550;0.4909819639278557;0.875;21;True
10550;10551;0.501002004008016;0.875;21;True
10551;10552;0.5110220440881763;0.875;21;True
10552;10553;0.5210420841683366;0.875;21;True
10553;10554;0.531062124248497;0.875;21;True
10554;10555;0.5410821643286573;0.875;21;True
10555;10556;0.5511022044088176;0.875;21;True
10556;10557;0.561122244488978;0.875;21;True
10557;10558;0.5711422845691383;0.875;21;True
10558;10559;0.5811623246492986;0.875;21;True
10559;10560;0.5911823647294588;0.875;21;True
10560;10561;0.6012024048096192;0.875;21;True
10561;10562;0.6112224448897795;0.875;21;True
10562;10563;0.6212424849699398;0.875;21;True
10563;10564;0.6312625250501002;0.875;21;True
10564;10565;0.6412825651302605;0.875;21;True
10565;10566;0.6513026052104208;0.875;21;True
10566;10567;0.6613226452905812;0.875;21;True
10567;10568;0.6713426853707415;0.875;21;True
10568;10569;0.6813627254509018;0.875;21;True
10569;10570;0.6913827655310621;0.875;21;True
10570;10571;0.7014028056112224;0.875;21;True
10571;10572;0.7114228456913827;0.875;21;True
10572;10573;0.721442885771543;0.875;21;True
10573;10574;0.7314629258517034;0.875;21;True
10574;10575;0.7414829659318637;0.875;21;True
10575;10576;0.751503006012024;0.875;21;True
10576;10577;0.7615230460921844;0.875;21;True
10577;10578;0.7715430861723447;0.875;21;True
10578;10579;0.781563126252505;0.875;21;True
10579;10580;0.7915831663326653;0.875;21;True
10580;10581;0.8016032064128256;0.875;21;True
10581;10582;0.8116232464929859;0.875;21;True
10582;10583;0.8216432865731462;0.875;21;True
10583;10584;0.8316633266533066;0.875;21;True
10584;10585;0.8416833667334669;0.875;21;True
10585;10586;0.8517034068136272;0.875;21;True
10586;10587;0.8617234468937875;0.875;21;True
10587;10588;0.8717434869739479;0.875;21;True
10588;10589;0.8817635270541082;0.875;21;True
10589;10590;0.8917835671342685;0.875;21;True
10590;10591;0.9018036072144289;0.875;21;True
10591;10592;0.9118236472945891;0.875;21;True
10592;10593;0.9218436873747494;0.875;21;True
10593;10594;0.9318637274549098;0.875;21;True
10594;10595;0.9418837675350701;0.875;21;True
10595;10596;0.9519038076152304;0.875;21;True
10596;10597;0.9619238476953907;0.875;21;True
10597;10598;0.9719438877755511;0.875;21;True
10598;10599;0.9819639278557114;0.875;21;True
10599;10600;0.9919839679358717;0.875;21;True
10600;10601;1.002004008016032;0.875;21;True
10601;10602;1.0120240480961924;0.875;21;True
10602;10603;1.0220440881763526;0.875;21;True
10603;10604;1.032064128256513;0.875;21;True
10604;10605;1.0420841683366733;0.875;21;True
10605;10606;1.0521042084168337;0.875;21;True
10606;10607;1.062124248496994;0.875;21;True
10607;10608;1.0721442885771542;0.875;21;True
10608;10609;1.0821643286573146;0.875;21;True
10609;10610;1.0921843687374748;0.875;21;True
10610;10611;1.1022044088176353;0.875;21;True
10611;10612;1.1122244488977955;0.875;21;True
10612;10613;1.122244488977956;0.875;21;True
10613;10614;1.1322645290581161;0.875;21;True
10614;10615;1.1422845691382766;0.875;21;True
10615;10616;1.1523046092184368;0.875;21;True
10616;10617;1.1623246492985972;0.875;21;True
10617;10618;1.1723446893787575;0.875;21;True
10618;10619;1.1823647294589177;0.875;21;True
10619;10620;1.1923847695390781;0.875;21;True
10620;10621;1.2024048096192383;0.875;21;True
10621;10622;1.2124248496993988;0.875;21;True
10622;10623;1.222444889779559;0.875;21;True
10623;10624;1.2324649298597194;0.875;21;True
10624;10625;1.2424849699398797;0.875;21;True
10625;10626;1.25250501002004;0.875;21;True
10626;10627;1.2625250501002003;0.875;21;True
10627;10628;1.2725450901803608;0.875;21;True
10628;10629;1.282565130260521;0.875;21;True
10629;10630;1.2925851703406812;0.875;21;True
10630;10631;1.3026052104208417;0.875;21;True
10631;10632;1.3126252505010019;0.875;21;True
10632;10633;1.3226452905811623;0.875;21;True
10633;10634;1.3326653306613225;0.875;21;True
10634;10635;1.342685370741483;0.875;21;True
10635;10636;1.3527054108216432;0.875;21;True
10636;10637;1.3627254509018036;0.875;21;True
10637;10638;1.3727454909819639;0.875;21;True
10638;10639;1.3827655310621243;0.875;21;True
10639;10640;1.3927855711422845;0.875;21;True
10640;10641;1.4028056112224447;0.875;21;True
10641;10642;1.4128256513026052;0.875;21;True
10642;10643;1.4228456913827654;0.875;21;True
10643;10644;1.4328657314629258;0.875;21;True
10644;10645;1.442885771543086;0.875;21;True
10645;10646;1.4529058116232465;0.875;21;True
10646;10647;1.4629258517034067;0.875;21;True
10647;10648;1.4729458917835672;0.875;21;True
10648;10649;1.4829659318637274;0.875;21;True
10649;10650;1.4929859719438878;0.875;21;True
10650;10651;1.503006012024048;0.875;21;True
10651;10652;1.5130260521042083;0.875;21;True
10652;10653;1.5230460921843687;0.875;21;True
10653;10654;1.533066132264529;0.875;21;True
10654;10655;1.5430861723446894;0.875;21;True
10655;10656;1.5531062124248496;0.875;21;True
10656;10657;1.56312625250501;0.875;21;True
10657;10658;1.5731462925851702;0.875;21;True
10658;10659;1.5831663326653307;0.875;21;True
10659;10660;1.593186372745491;0.875;21;True
10660;10661;1.6032064128256511;0.875;21;True
10661;10662;1.6132264529058116;0.875;21;True
10662;10663;1.6232464929859718;0.875;21;True
10663;10664;1.6332665330661322;0.875;21;True
10664;10665;1.6432865731462925;0.875;21;True
10665;10666;1.653306613226453;0.875;21;True
10666;10667;1.6633266533066131;0.875;21;True
10667;10668;1.6733466933867736;0.875;21;True
10668;10669;1.6833667334669338;0.875;21;True
10669;10670;1.6933867735470942;0.875;21;True
10670;10671;1.7034068136272544;0.875;21;True
10671;10672;1.7134268537074147;0.875;21;True
10672;10673;1.723446893787575;0.875;21;True
10673;10674;1.7334669338677353;0.875;21;True
10674;10675;1.7434869739478958;0.875;21;True
10675;10676;1.753507014028056;0.875;21;True
10676;10677;1.7635270541082164;0.875;21;True
10677;10678;1.7735470941883766;0.875;21;True
10678;10679;1.783567134268537;0.875;21;True
10679;10680;1.7935871743486973;0.875;21;True
10680;10681;1.8036072144288577;0.875;21;True
10681;10682;1.813627254509018;0.875;21;True
10682;10683;1.8236472945891782;0.875;21;True
10683;10684;1.8336673346693386;0.875;21;True
10684;10685;1.8436873747494988;0.875;21;True
10685;10686;1.8537074148296593;0.875;21;True
10686;10687;1.8637274549098195;0.875;21;True
10687;10688;1.87374749498998;0.875;21;True
10688;10689;1.8837675350701402;0.875;21;True
10689;10690;1.8937875751503006;0.875;21;True
10690;10691;1.9038076152304608;0.875;21;True
10691;10692;1.9138276553106213;0.875;21;True
10692;10693;1.9238476953907815;0.875;21;True
10693;10694;1.9338677354709417;0.875;21;True
10694;10695;1.9438877755511021;0.875;21;True
10695;10696;1.9539078156312624;0.875;21;True
10696;10697;1.9639278557114228;0.875;21;True
10697;10698;1.973947895791583;0.875;21;True
10698;10699;1.9839679358717435;0.875;21;True
10699;10700;1.9939879759519037;0.875;21;True
10700;10701;2.004008016032064;0.875;21;True
10701;10702;2.0140280561122244;0.875;21;True
10702;10703;2.024048096192385;0.875;21;True
10703;10704;2.034068136272545;0.875;21;True
10704;10705;2.0440881763527052;0.875;21;True
10705;10706;2.0541082164328657;0.875;21;True
10706;10707;2.064128256513026;0.875;21;True
10707;10708;2.074148296593186;0.875;21;True
10708;10709;2.0841683366733466;0.875;21;True
10709;10710;2.094188376753507;0.875;21;True
10710;10711;2.1042084168336674;0.875;21;True
10711;10712;2.1142284569138274;0.875;21;True
10712;10713;2.124248496993988;0.875;21;True
10713;10714;2.1342685370741483;0.875;21;True
10714;10715;2.1442885771543083;0.875;21;True
10715;10716;2.1543086172344688;0.875;21;True
10716;10717;2.164328657314629;0.875;21;True
10717;10718;2.1743486973947896;0.875;21;True
10718;10719;2.1843687374749496;0.875;21;True
10719;10720;2.19438877755511;0.875;21;True
10720;10721;2.2044088176352705;0.875;21;True
10721;10722;2.214428857715431;0.875;21;True
10722;10723;2.224448897795591;0.875;21;True
10723;10724;2.2344689378757514;0.875;21;True
10724;10725;2.244488977955912;0.875;21;True
10725;10726;2.254509018036072;0.8749938357310355;21;True
10726;10727;2.2645290581162323;0.8749361586588719;21;True
10727;10728;2.2745490981963927;0.87481867489415;21;True
10728;10729;2.284569138276553;0.8746432446496467;21;True
10729;10730;2.294589178356713;0.874412645650293;21;True
10730;10731;2.3046092184368736;0.8741305291512721;21;True
10731;10732;2.314629258517034;0.873801362124827;21;True
10732;10733;2.3246492985971945;0.8734303565311781;21;True
10733;10734;2.3346693386773545;0.873023386793461;21;True
10734;10735;2.344689378757515;0.8725868967833685;21;True
10735;10736;2.3547094188376754;0.8721277977902658;21;True
10736;10737;2.3647294589178354;0.8716533590893141;21;True
10737;10738;2.374749498997996;0.8711710928413245;21;True
10738;10739;2.3847695390781563;0.8706886351468122;21;True
10739;10740;2.3947895791583167;0.8702136251376152;21;True
10740;10741;2.4048096192384767;0.8697535840205174;21;True
10741;10742;2.414829659318637;0.8693157959880695;21;True
10742;10743;2.4248496993987976;0.8689071928822449;21;True
10743;10744;2.434869739478958;0.868534244437137;21;True
10744;10745;2.444889779559118;0.8682028558385757;21;True
10745;10746;2.4549098196392785;0.8679182742226784;21;True
10746;10747;2.464929859719439;0.8676850055938211;21;True
10747;10748;2.474949899799599;0.867506743477529;21;True
10748;10749;2.4849699398797593;0.8673863104379846;21;True
10749;10750;2.49498997995992;0.8673256133861509;21;True
10750;10751;2.50501002004008;0.8673256133861509;21;True
10751;10752;2.51503006012024;0.8673863104379846;21;True
10752;10753;2.5250501002004007;0.867506743477529;21;True
10753;10754;2.535070140280561;0.8676850055938211;21;True
10754;10755;2.5450901803607215;0.8679182742226784;21;True
10755;10756;2.5551102204408815;0.8682028558385757;21;True
10756;10757;2.565130260521042;0.868534244437137;21;True
10757;10758;2.5751503006012024;0.8689071928822449;21;True
10758;10759;2.5851703406813624;0.8693157959880695;21;True
10759;10760;2.595190380761523;0.8697535840205174;21;True
10760;10761;2.6052104208416833;0.8702136251376152;21;True
10761;10762;2.6152304609218437;0.8706886351468122;21;True
10762;10763;2.6252505010020037;0.8711710928413245;21;True
10763;10764;2.635270541082164;0.8716533590893141;21;True
10764;10765;2.6452905811623246;0.8721277977902658;21;True
10765;10766;2.655310621242485;0.8725868967833685;21;True
10766;10767;2.665330661322645;0.873023386793461;21;True
10767;10768;2.6753507014028055;0.8734303565311781;21;True
10768;10769;2.685370741482966;0.873801362124827;21;True
10769;10770;2.695390781563126;0.874130529151272;21;True
10770;10771;2.7054108216432864;0.874412645650293;21;True
10771;10772;2.715430861723447;0.8746432446496467;21;True
10772;10773;2.7254509018036073;0.87481867489415;21;True
10773;10774;2.7354709418837673;0.8749361586588719;21;True
10774;10775;2.7454909819639277;0.8749938357310355;21;True
10775;10776;2.755511022044088;0.875;21;True
10776;10777;2.7655310621242486;0.875;21;True
10777;10778;2.7755511022044086;0.875;21;True
10778;10779;2.785571142284569;0.875;21;True
10779;10780;2.7955911823647295;0.875;21;True
10780;10781;2.8056112224448895;0.875;21;True
10781;10782;2.81563126252505;0.875;21;True
10782;10783;2.8256513026052104;0.875;21;True
10783;10784;2.835671342685371;0.875;21;True
10784;10785;2.845691382765531;0.875;21;True
10785;10786;2.8557114228456912;0.875;21;True
10786;10787;2.8657314629258517;0.875;21;True
10787;10788;2.875751503006012;0.875;21;True
10788;10789;2.885771543086172;0.875;21;True
10789;10790;2.8957915831663326;0.875;21;True
10790;10791;2.905811623246493;0.875;21;True
10791;10792;2.915831663326653;0.875;21;True
10792;10793;2.9258517034068134;0.875;21;True
10793;10794;2.935871743486974;0.875;21;True
10794;10795;2.9458917835671343;0.875;21;True
10795;10796;2.9559118236472943;0.875;21;True
10796;10797;2.9659318637274548;0.875;21;True
10797;10798;2.975951903807615;0.875;21;True
10798;10799;2.9859719438877756;0.875;21;True
10799;10800;2.9959919839679356;0.875;21;True
10800;10801;3.006012024048096;0.875;21;True
10801;10802;3.0160320641282565;0.875;21;True
10802;10803;3.0260521042084165;0.875;21;True
10803;10804;3.036072144288577;0.875;21;True
10804;10805;3.0460921843687374;0.875;21;True
10805;10806;3.056112224448898;0.875;21;True
10806;10807;3.066132264529058;0.875;21;True
10807;10808;3.0761523046092183;0.875;21;True
10808;10809;3.0861723446893787;0.875;21;True
10809;10810;3.096192384769539;0.875;21;True
10810;10811;3.106212424849699;0.875;21;True
10811;10812;3.1162324649298596;0.875;21;True
10812;10813;3.12625250501002;0.875;21;True
10813;10814;3.13627254509018;0.875;21;True
10814;10815;3.1462925851703405;0.875;21;True
10815;10816;3.156312625250501;0.875;21;True
10816;10817;3.1663326653306614;0.875;21;True
10817;10818;3.1763527054108214;0.875;21;True
10818;10819;3.186372745490982;0.875;21;True
10819;10820;3.1963927855711423;0.875;21;True
10820;10821;3.2064128256513023;0.875;21;True
10821;10822;3.2164328657314627;0.875;21;True
10822;10823;3.226452905811623;0.875;21;True
10823;10824;3.2364729458917836;0.875;21;True
10824;10825;3.2464929859719436;0.875;21;True
10825;10826;3.256513026052104;0.875;21;True
10826;10827;3.2665330661322645;0.875;21;True
10827;10828;3.276553106212425;0.875;21;True
10828;10829;3.286573146292585;0.875;21;True
10829;10830;3.2965931863727453;0.875;21;True
10830;10831;3.306613226452906;0.875;21;True
10831;10832;3.316633266533066;0.875;21;True
10832;10833;3.3266533066132262;0.875;21;True
10833;10834;3.3366733466933867;0.875;21;True
10834;10835;3.346693386773547;0.875;21;True
10835;10836;3.356713426853707;0.875;21;True
10836;10837;3.3667334669338675;0.875;21;True
10837;10838;3.376753507014028;0.875;21;True
10838;10839;3.3867735470941884;0.875;21;True
10839;10840;3.3967935871743484;0.875;21;True
10840;10841;3.406813627254509;0.875;21;True
10841;10842;3.4168336673346693;0.875;21;True
10842;10843;3.4268537074148293;0.875;21;True
10843;10844;3.4368737474949898;0.875;21;True
10844;10845;3.44689378757515;0.875;21;True
10845;10846;3.4569138276553106;0.875;21;True
10846;10847;3.4669338677354706;0.875;21;True
10847;10848;3.476953907815631;0.875;21;True
10848;10849;3.4869739478957915;0.875;21;True
10849;10850;3.496993987975952;0.875;21;True
10850;10851;3.507014028056112;0.875;21;True
10851;10852;3.5170340681362724;0.875;21;True
10852;10853;3.527054108216433;0.875;21;True
10853;10854;3.537074148296593;0.875;21;True
10854;10855;3.5470941883767533;0.875;21;True
10855;10856;3.5571142284569137;0.875;21;True
10856;10857;3.567134268537074;0.875;21;True
10857;10858;3.577154308617234;0.875;21;True
10858;10859;3.5871743486973946;0.875;21;True
10859;10860;3.597194388777555;0.875;21;True
10860;10861;3.6072144288577155;0.875;21;True
10861;10862;3.6172344689378755;0.875;21;True
10862;10863;3.627254509018036;0.875;21;True
10863;10864;3.6372745490981964;0.875;21;True
10864;10865;3.6472945891783564;0.875;21;True
10865;10866;3.657314629258517;0.875;21;True
10866;10867;3.6673346693386772;0.875;21;True
10867;10868;3.6773547094188377;0.875;21;True
10868;10869;3.6873747494989977;0.875;21;True
10869;10870;3.697394789579158;0.875;21;True
10870;10871;3.7074148296593186;0.875;21;True
10871;10872;3.717434869739479;0.875;21;True
10872;10873;3.727454909819639;0.875;21;True
10873;10874;3.7374749498997994;0.875;21;True
10874;10875;3.74749498997996;0.875;21;True
10875;10876;3.75751503006012;0.875;21;True
10876;10877;3.7675350701402803;0.875;21;True
10877;10878;3.7775551102204408;0.875;21;True
10878;10879;3.787575150300601;0.875;21;True
10879;10880;3.797595190380761;0.875;21;True
10880;10881;3.8076152304609217;0.875;21;True
10881;10882;3.817635270541082;0.875;21;True
10882;10883;3.8276553106212425;0.875;21;True
10883;10884;3.8376753507014025;0.875;21;True
10884;10885;3.847695390781563;0.875;21;True
10885;10886;3.8577154308617234;0.875;21;True
10886;10887;3.8677354709418834;0.875;21;True
10887;10888;3.877755511022044;0.875;21;True
10888;10889;3.8877755511022043;0.875;21;True
10889;10890;3.8977955911823647;0.875;21;True
10890;10891;3.9078156312625247;0.875;21;True
10891;10892;3.917835671342685;0.875;21;True
10892;10893;3.9278557114228456;0.875;21;True
10893;10894;3.937875751503006;0.875;21;True
10894;10895;3.947895791583166;0.875;21;True
10895;10896;3.9579158316633265;0.875;21;True
10896;10897;3.967935871743487;0.875;21;True
10897;10898;3.977955911823647;0.875;21;True
10898;10899;3.9879759519038074;0.875;21;True
10899;10900;3.997995991983968;0.875;21;True
10900;10901;4.008016032064128;0.875;21;True
10901;10902;4.018036072144288;0.875;21;True
10902;10903;4.028056112224449;0.875;21;True
10903;10904;4.038076152304609;0.875;21;True
10904;10905;4.04809619238477;0.875;21;True
10905;10906;4.05811623246493;0.875;21;True
10906;10907;4.06813627254509;0.875;21;True
10907;10908;4.07815631262525;0.875;21;True
10908;10909;4.0881763527054105;0.875;21;True
10909;10910;4.098196392785571;0.875;21;True
10910;10911;4.108216432865731;0.875;21;True
10911;10912;4.118236472945892;0.875;21;True
10912;10913;4.128256513026052;0.875;21;True
10913;10914;4.138276553106213;0.875;21;True
10914;10915;4.148296593186372;0.875;21;True
10915;10916;4.158316633266533;0.875;21;True
10916;10917;4.168336673346693;0.875;21;True
10917;10918;4.1783567134268536;0.875;21;True
10918;10919;4.188376753507014;0.875;21;True
10919;10920;4.198396793587174;0.875;21;True
10920;10921;4.208416833667335;0.875;21;True
10921;10922;4.218436873747494;0.875;21;True
10922;10923;4.228456913827655;0.875;21;True
10923;10924;4.238476953907815;0.875;21;True
10924;10925;4.248496993987976;0.875;21;True
10925;10926;4.258517034068136;0.875;21;True
10926;10927;4.268537074148297;0.875;21;True
10927;10928;4.278557114228457;0.875;21;True
10928;10929;4.288577154308617;0.875;21;True
10929;10930;4.298597194388777;0.875;21;True
10930;10931;4.3086172344689375;0.875;21;True
10931;10932;4.318637274549098;0.875;21;True
10932;10933;4.328657314629258;0.875;21;True
10933;10934;4.338677354709419;0.875;21;True
10934;10935;4.348697394789579;0.875;21;True
10935;10936;4.35871743486974;0.875;21;True
10936;10937;4.368737474949899;0.875;21;True
10937;10938;4.37875751503006;0.875;21;True
10938;10939;4.38877755511022;0.875;21;True
10939;10940;4.398797595190381;0.875;21;True
10940;10941;4.408817635270541;0.875;21;True
10941;10942;4.4188376753507015;0.875;21;True
10942;10943;4.428857715430862;0.875;21;True
10943;10944;4.4388777555110215;0.875;21;True
10944;10945;4.448897795591182;0.875;21;True
10945;10946;4.458917835671342;0.875;21;True
10946;10947;4.468937875751503;0.875;21;True
10947;10948;4.478957915831663;0.875;21;True
10948;10949;4.488977955911824;0.875;21;True
10949;10950;4.498997995991984;0.875;21;True
10950;10951;4.509018036072144;0.875;21;True
10951;10952;4.519038076152304;0.875;21;True
10952;10953;4.529058116232465;0.875;21;True
10953;10954;4.539078156312625;0.875;21;True
10954;10955;4.5490981963927855;0.875;21;True
10955;10956;4.559118236472946;0.875;21;True
10956;10957;4.569138276553106;0.875;21;True
10957;10958;4.579158316633267;0.875;21;True
10958;10959;4.589178356713426;0.875;21;True
10959;10960;4.599198396793587;0.875;21;True
10960;10961;4.609218436873747;0.875;21;True
10961;10962;4.619238476953908;0.875;21;True
10962;10963;4.629258517034068;0.875;21;True
10963;10964;4.6392785571142285;0.875;21;True
10964;10965;4.649298597194389;0.875;21;True
10965;10966;4.6593186372745485;0.875;21;True
10966;10967;4.669338677354709;0.875;21;True
10967;10968;4.679358717434869;0.875;21;True
10968;10969;4.68937875751503;0.875;21;True
10969;10970;4.69939879759519;0.875;21;True
10970;10971;4.709418837675351;0.875;21;True
10971;10972;4.719438877755511;0.875;21;True
10972;10973;4.729458917835671;0.875;21;True
10973;10974;4.739478957915831;0.875;21;True
10974;10975;4.749498997995992;0.875;21;True
10975;10976;4.759519038076152;0.875;21;True
10976;10977;4.7695390781563125;0.875;21;True
10977;10978;4.779559118236473;0.875;21;True
10978;10979;4.789579158316633;0.875;21;True
10979;10980;4.799599198396794;0.875;21;True
10980;10981;4.809619238476953;0.875;21;True
10981;10982;4.819639278557114;0.875;21;True
10982;10983;4.829659318637274;0.875;21;True
10983;10984;4.839679358717435;0.875;21;True
10984;10985;4.849699398797595;0.875;21;True
10985;10986;4.859719438877756;0.875;21;True
10986;10987;4.869739478957916;0.875;21;True
10987;10988;4.879759519038076;0.875;21;True
10988;10989;4.889779559118236;0.875;21;True
10989;10990;4.8997995991983965;0.875;21;True
10990;10991;4.909819639278557;0.875;21;True
10991;10992;4.919839679358717;0.875;21;True
10992;10993;4.929859719438878;0.875;21;True
10993;10994;4.939879759519038;0.875;21;True
10994;10995;4.949899799599198;0.875;21;True
10995;10996;4.959919839679358;0.875;21;True
10996;10997;4.969939879759519;0.875;21;True
10997;10998;4.979959919839679;0.875;21;True
10998;10999;4.98997995991984;0.875;21;True
10999;11000;5.0;0.875;21;True
11000;11001;0.0;0.9166666666666666;22;False
11001;11002;0.01002004008016032;0.9166666666666666;22;False
11002;11003;0.02004008016032064;0.9166666666666666;22;False
11003;11004;0.03006012024048096;0.9166666666666666;22;False
11004;11005;0.04008016032064128;0.9166666666666666;22;False
11005;11006;0.0501002004008016;0.9166666666666666;22;False
11006;11007;0.06012024048096192;0.9166666666666666;22;False
11007;11008;0.07014028056112225;0.9166666666666666;22;False
11008;11009;0.08016032064128256;0.9166666666666666;22;False
11009;11010;0.09018036072144288;0.9166666666666666;22;False
11010;11011;0.1002004008016032;0.9166666666666666;22;False
11011;11012;0.11022044088176353;0.9166666666666666;22;False
11012;11013;0.12024048096192384;0.9166666666666666;22;False
11013;11014;0.13026052104208416;0.9166666666666666;22;False
11014;11015;0.1402805611222445;0.9166666666666666;22;False
11015;11016;0.1503006012024048;0.9166666666666666;22;False
11016;11017;0.16032064128256512;0.9166666666666666;22;False
11017;11018;0.17034068136272545;0.9166666666666666;22;False
11018;11019;0.18036072144288576;0.9166666666666666;22;False
11019;11020;0.1903807615230461;0.9166666666666666;22;False
11020;11021;0.2004008016032064;0.9166666666666666;22;False
11021;11022;0.21042084168336672;0.9166666666666666;22;False
11022;11023;0.22044088176352705;0.9166666666666666;22;False
11023;11024;0.23046092184368736;0.9166666666666666;22;False
11024;11025;0.24048096192384769;0.9166666666666666;22;False
11025;11026;0.250501002004008;0.9166666666666666;22;False
11026;11027;0.2605210420841683;0.9166666666666666;22;False
11027;11028;0.27054108216432865;0.9166666666666666;22;False
11028;11029;0.280561122244489;0.9166666666666666;22;False
11029;11030;0.2905811623246493;0.9166666666666666;22;False
11030;11031;0.3006012024048096;0.9166666666666666;22;False
11031;11032;0.3106212424849699;0.9166666666666666;22;False
11032;11033;0.32064128256513025;0.9166666666666666;22;False
11033;11034;0.3306613226452906;0.9166666666666666;22;False
11034;11035;0.3406813627254509;0.9166666666666666;22;False
11035;11036;0.3507014028056112;0.9166666666666666;22;False
11036;11037;0.3607214428857715;0.9166666666666666;22;False
11037;11038;0.37074148296593185;0.9166666666666666;22;False
11038;11039;0.3807615230460922;0.9166666666666666;22;False
11039;11040;0.3907815631262525;0.9166666666666666;22;False
11040;11041;0.4008016032064128;0.9166666666666666;22;False
11041;11042;0.4108216432865731;0.9166666666666666;22;False
11042;11043;0.42084168336673344;0.9166666666666666;22;False
11043;11044;0.4308617234468938;0.9166666666666666;22;False
11044;11045;0.4408817635270541;0.9166666666666666;22;False
11045;11046;0.45090180360721444;0.9166666666666666;22;False
11046;11047;0.4609218436873747;0.9166666666666666;22;False
11047;11048;0.47094188376753504;0.9166666666666666;22;False
11048;11049;0.48096192384769537;0.9166666666666666;22;False
11049;11050;0.4909819639278557;0.9166666666666666;22;False
11050;11051;0.501002004008016;0.9166666666666666;22;False
11051;11052;0.5110220440881763;0.9166666666666666;22;False
11052;11053;0.5210420841683366;0.9166666666666666;22;False
11053;11054;0.531062124248497;0.9166666666666666;22;False
11054;11055;0.5410821643286573;0.9166666666666666;22;False
11055;11056;0.5511022044088176;0.9166666666666666;22;False
11056;11057;0.561122244488978;0.9166666666666666;22;False
11057;11058;0.5711422845691383;0.9166666666666666;22;False
11058;11059;0.5811623246492986;0.9166666666666666;22;False
11059;11060;0.5911823647294588;0.9166666666666666;22;False
11060;11061;0.6012024048096192;0.9166666666666666;22;False
11061;11062;0.6112224448897795;0.9166666666666666;22;False
11062;11063;0.6212424849699398;0.9166666666666666;22;False
11063;11064;0.6312625250501002;0.9166666666666666;22;False
11064;11065;0.6412825651302605;0.9166666666666666;22;False
11065;11066;0.6513026052104208;0.9166666666666666;22;False
11066;11067;0.6613226452905812;0.9166666666666666;22;False
11067;11068;0.6713426853707415;0.9166666666666666;22;False
11068;11069;0.6813627254509018;0.9166666666666666;22;False
11069;11070;0.6913827655310621;0.9166666666666666;22;False
11070;11071;0.7014028056112224;0.9166666666666666;22;False
11071;11072;0.7114228456913827;0.9166666666666666;22;False
11072;11073;0.721442885771543;0.9166666666666666;22;False
11073;11074;0.7314629258517034;0.9166666666666666;22;False
11074;11075;0.7414829659318637;0.9166666666666666;22;False
11075;11076;0.751503006012024;0.9166666666666666;22;False
11076;11077;0.7615230460921844;0.9166666666666666;22;False
11077;11078;0.7715430861723447;0.9166666666666666;22;False
11078;11079;0.781563126252505;0.9166666666666666;22;False
11079;11080;0.7915831663326653;0.9166666666666666;22;False
11080;11081;0.8016032064128256;0.9166666666666666;22;False
11081;11082;0.8116232464929859;0.9166666666666666;22;False
11082;11083;0.8216432865731462;0.9166666666666666;22;False
11083;11084;0.8316633266533066;0.9166666666666666;22;False
11084;11085;0.8416833667334669;0.9166666666666666;22;False
11085;11086;0.8517034068136272;0.9166666666666666;22;False
11086;11087;0.8617234468937875;0.9166666666666666;22;False
11087;11088;0.8717434869739479;0.9166666666666666;22;False
11088;11089;0.8817635270541082;0.9166666666666666;22;False
11089;11090;0.8917835671342685;0.9166666666666666;22;False
11090;11091;0.9018036072144289;0.9166666666666666;22;False
11091;11092;0.9118236472945891;0.9166666666666666;22;False
11092;11093;0.9218436873747494;0.9166666666666666;22;False
11093;11094;0.9318637274549098;0.9166666666666666;22;False
11094;11095;0.9418837675350701;0.9166666666666666;22;False
11095;11096;0.9519038076152304;0.9166666666666666;22;False
11096;11097;0.9619238476953907;0.9166666666666666;22;False
11097;11098;0.9719438877755511;0.9166666666666666;22;False
11098;11099;0.9819639278557114;0.9166666666666666;22;False
11099;11100;0.9919839679358717;0.9166666666666666;22;False
11100;11101;1.002004008016032;0.9166666666666666;22;False
11101;11102;1.0120240480961924;0.9166666666666666;22;False
11102;11103;1.0220440881763526;0.9166666666666666;22;False
11103;11104;1.032064128256513;0.9166666666666666;22;False
11104;11105;1.0420841683366733;0.9166666666666666;22;False
11105;11106;1.0521042084168337;0.9166666666666666;22;False
11106;11107;1.062124248496994;0.9166666666666666;22;False
11107;11108;1.0721442885771542;0.9166666666666666;22;False
11108;11109;1.0821643286573146;0.9166666666666666;22;False
11109;11110;1.0921843687374748;0.9166666666666666;22;False
11110;11111;1.1022044088176353;0.9166666666666666;22;False
11111;11112;1.1122244488977955;0.9166666666666666;22;False
11112;11113;1.122244488977956;0.9166666666666666;22;False
11113;11114;1.1322645290581161;0.9166666666666666;22;False
11114;11115;1.1422845691382766;0.9166666666666666;22;False
11115;11116;1.1523046092184368;0.9166666666666666;22;False
11116;11117;1.1623246492985972;0.9166666666666666;22;False
11117;11118;1.1723446893787575;0.9166666666666666;22;False
11118;11119;1.1823647294589177;0.9166666666666666;22;False
11119;11120;1.1923847695390781;0.9166666666666666;22;False
11120;11121;1.2024048096192383;0.9166666666666666;22;False
11121;11122;1.2124248496993988;0.9166666666666666;22;False
11122;11123;1.222444889779559;0.9166666666666666;22;False
11123;11124;1.2324649298597194;0.9166666666666666;22;False
11124;11125;1.2424849699398797;0.9166666666666666;22;False
11125;11126;1.25250501002004;0.9166666666666666;22;False
11126;11127;1.2625250501002003;0.9166666666666666;22;False
11127;11128;1.2725450901803608;0.9166666666666666;22;False
11128;11129;1.282565130260521;0.9166666666666666;22;False
11129;11130;1.2925851703406812;0.9166666666666666;22;False
11130;11131;1.3026052104208417;0.9166666666666666;22;False
11131;11132;1.3126252505010019;0.9166666666666666;22;False
11132;11133;1.3226452905811623;0.9166666666666666;22;False
11133;11134;1.3326653306613225;0.9166666666666666;22;False
11134;11135;1.342685370741483;0.9166666666666666;22;False
11135;11136;1.3527054108216432;0.9166666666666666;22;False
11136;11137;1.3627254509018036;0.9166666666666666;22;False
11137;11138;1.3727454909819639;0.9166666666666666;22;False
11138;11139;1.3827655310621243;0.9166666666666666;22;False
11139;11140;1.3927855711422845;0.9166666666666666;22;False
11140;11141;1.4028056112224447;0.9166666666666666;22;False
11141;11142;1.4128256513026052;0.9166666666666666;22;False
11142;11143;1.4228456913827654;0.9166666666666666;22;False
11143;11144;1.4328657314629258;0.9166666666666666;22;False
11144;11145;1.442885771543086;0.9166666666666666;22;False
11145;11146;1.4529058116232465;0.9166666666666666;22;False
11146;11147;1.4629258517034067;0.9166666666666666;22;False
11147;11148;1.4729458917835672;0.9166666666666666;22;False
11148;11149;1.4829659318637274;0.9166666666666666;22;False
11149;11150;1.4929859719438878;0.9166666666666666;22;False
11150;11151;1.503006012024048;0.9166666666666666;22;False
11151;11152;1.5130260521042083;0.9166666666666666;22;False
11152;11153;1.5230460921843687;0.9166666666666666;22;False
11153;11154;1.533066132264529;0.9166666666666666;22;False
11154;11155;1.5430861723446894;0.9166666666666666;22;False
11155;11156;1.5531062124248496;0.9166666666666666;22;False
11156;11157;1.56312625250501;0.9166666666666666;22;False
11157;11158;1.5731462925851702;0.9166666666666666;22;False
11158;11159;1.5831663326653307;0.9166666666666666;22;False
11159;11160;1.593186372745491;0.9166666666666666;22;False
11160;11161;1.6032064128256511;0.9166666666666666;22;False
11161;11162;1.6132264529058116;0.9166666666666666;22;False
11162;11163;1.6232464929859718;0.9166666666666666;22;False
11163;11164;1.6332665330661322;0.9166666666666666;22;False
11164;11165;1.6432865731462925;0.9166666666666666;22;False
11165;11166;1.653306613226453;0.9166666666666666;22;False
11166;11167;1.6633266533066131;0.9166666666666666;22;False
11167;11168;1.6733466933867736;0.9166666666666666;22;False
11168;11169;1.6833667334669338;0.9166666666666666;22;False
11169;11170;1.6933867735470942;0.9166666666666666;22;False
11170;11171;1.7034068136272544;0.9166666666666666;22;False
11171;11172;1.7134268537074147;0.9166666666666666;22;False
11172;11173;1.723446893787575;0.9166666666666666;22;False
11173;11174;1.7334669338677353;0.9166666666666666;22;False
11174;11175;1.7434869739478958;0.9166666666666666;22;False
11175;11176;1.753507014028056;0.9166666666666666;22;False
11176;11177;1.7635270541082164;0.9166666666666666;22;False
11177;11178;1.7735470941883766;0.9166666666666666;22;False
11178;11179;1.783567134268537;0.9166666666666666;22;False
11179;11180;1.7935871743486973;0.9166666666666666;22;False
11180;11181;1.8036072144288577;0.9166666666666666;22;False
11181;11182;1.813627254509018;0.9166666666666666;22;False
11182;11183;1.8236472945891782;0.9166666666666666;22;False
11183;11184;1.8336673346693386;0.9166666666666666;22;False
11184;11185;1.8436873747494988;0.9166666666666666;22;False
11185;11186;1.8537074148296593;0.9166666666666666;22;False
11186;11187;1.8637274549098195;0.9166666666666666;22;False
11187;11188;1.87374749498998;0.9166666666666666;22;False
11188;11189;1.8837675350701402;0.9166666666666666;22;False
11189;11190;1.8937875751503006;0.9166666666666666;22;False
11190;11191;1.9038076152304608;0.9166666666666666;22;False
11191;11192;1.9138276553106213;0.9166666666666666;22;False
11192;11193;1.9238476953907815;0.9166666666666666;22;False
11193;11194;1.9338677354709417;0.9166666666666666;22;False
11194;11195;1.9438877755511021;0.9166666666666666;22;False
11195;11196;1.9539078156312624;0.9166666666666666;22;False
11196;11197;1.9639278557114228;0.9166666666666666;22;False
11197;11198;1.973947895791583;0.9166666666666666;22;False
11198;11199;1.9839679358717435;0.9166666666666666;22;False
11199;11200;1.9939879759519037;0.9166666666666666;22;False
11200;11201;2.004008016032064;0.9166666666666666;22;False
11201;11202;2.0140280561122244;0.9166666666666666;22;False
11202;11203;2.024048096192385;0.9166666666666666;22;False
11203;11204;2.034068136272545;0.9166666666666666;22;False
11204;11205;2.0440881763527052;0.9166666666666666;22;False
11205;11206;2.0541082164328657;0.9166666666666666;22;False
11206;11207;2.064128256513026;0.9166666666666666;22;False
11207;11208;2.074148296593186;0.9166666666666666;22;False
11208;11209;2.0841683366733466;0.9166666666666666;22;False
11209;11210;2.094188376753507;0.9166666666666666;22;False
11210;11211;2.1042084168336674;0.9166666666666666;22;False
11211;11212;2.1142284569138274;0.9166666666666666;22;False
11212;11213;2.124248496993988;0.9166666666666666;22;False
11213;11214;2.1342685370741483;0.9166666666666666;22;False
11214;11215;2.1442885771543083;0.9166666666666666;22;False
11215;11216;2.1543086172344688;0.9166666666666666;22;False
11216;11217;2.164328657314629;0.9166666666666666;22;False
11217;11218;2.1743486973947896;0.9166666666666666;22;False
11218;11219;2.1843687374749496;0.9166666666666666;22;False
11219;11220;2.19438877755511;0.9166666666666666;22;False
11220;11221;2.2044088176352705;0.9166666666666666;22;False
11221;11222;2.214428857715431;0.9166666666666666;22;False
11222;11223;2.224448897795591;0.9166666666666666;22;False
11223;11224;2.2344689378757514;0.9166666666666666;22;False
11224;11225;2.244488977955912;0.9166666666666666;22;False
11225;11226;2.254509018036072;0.9166613716627536;22;False
11226;11227;2.2645290581162323;0.9166118280226951;22;False
11227;11228;2.2745490981963927;0.9165109114342875;22;False
11228;11229;2.284569138276553;0.9163602197891849;22;False
11229;11230;2.294589178356713;0.9161621391066321;22;False
11230;11231;2.3046092184368736;0.9159198057537464;22;False
11231;11232;2.314629258517034;0.9156370567849527;22;False
11232;11233;2.3246492985971945;0.9153183691868848;22;False
11233;11234;2.3346693386773545;0.914968788990738;22;False
11234;11235;2.344689378757515;0.914593851374491;22;False
11235;11236;2.3547094188376754;0.9141994930200837;22;False
11236;11237;2.3647294589178354;0.9137919581132654;22;False
11237;11238;2.374749498997996;0.9133776994744955;22;False
11238;11239;2.3847695390781563;0.9129632763863655;22;False
11239;11240;2.3947895791583167;0.9125552507353225;22;False
11240;11241;2.4048096192384767;0.912160083112165;22;False
11241;11242;2.414829659318637;0.9117840305164305;22;False
11242;11243;2.4248496993987976;0.9114330472844054;22;False
11243;11244;2.434869739478958;0.9111126908094379;22;False
11244;11245;2.444889779559118;0.910828033547363;22;False
11245;11246;2.4549098196392785;0.9105835827003215;22;False
11246;11247;2.464929859719439;0.9103832088506877;22;False
11247;11248;2.474949899799599;0.9102300846750954;22;False
11248;11249;2.4849699398797593;0.9101266347089562;22;False
11249;11250;2.49498997995992;0.910074496956885;22;False
11250;11251;2.50501002004008;0.910074496956885;22;False
11251;11252;2.51503006012024;0.9101266347089562;22;False
11252;11253;2.5250501002004007;0.9102300846750954;22;False
11253;11254;2.535070140280561;0.9103832088506877;22;False
11254;11255;2.5450901803607215;0.9105835827003215;22;False
11255;11256;2.5551102204408815;0.910828033547363;22;False
11256;11257;2.565130260521042;0.9111126908094379;22;False
11257;11258;2.5751503006012024;0.9114330472844054;22;False
11258;11259;2.5851703406813624;0.9117840305164305;22;False
11259;11260;2.595190380761523;0.912160083112165;22;False
11260;11261;2.6052104208416833;0.9125552507353225;22;False
11261;11262;2.6152304609218437;0.9129632763863655;22;False
11262;11263;2.6252505010020037;0.9133776994744955;22;False
11263;11264;2.635270541082164;0.9137919581132654;22;False
11264;11265;2.6452905811623246;0.9141994930200837;22;False
11265;11266;2.655310621242485;0.914593851374491;22;False
11266;11267;2.665330661322645;0.914968788990738;22;False
11267;11268;2.6753507014028055;0.9153183691868848;22;False
11268;11269;2.685370741482966;0.9156370567849527;22;False
11269;11270;2.695390781563126;0.9159198057537463;22;False
11270;11271;2.7054108216432864;0.9161621391066321;22;False
11271;11272;2.715430861723447;0.9163602197891849;22;False
11272;11273;2.7254509018036073;0.9165109114342875;22;False
11273;11274;2.7354709418837673;0.9166118280226951;22;False
11274;11275;2.7454909819639277;0.9166613716627536;22;False
11275;11276;2.755511022044088;0.9166666666666666;22;False
11276;11277;2.7655310621242486;0.9166666666666666;22;False
11277;11278;2.7755511022044086;0.9166666666666666;22;False
11278;11279;2.785571142284569;0.9166666666666666;22;False
11279;11280;2.7955911823647295;0.9166666666666666;22;False
11280;11281;2.8056112224448895;0.9166666666666666;22;False
11281;11282;2.81563126252505;0.9166666666666666;22;False
11282;11283;2.8256513026052104;0.9166666666666666;22;False
11283;11284;2.835671342685371;0.9166666666666666;22;False
11284;11285;2.845691382765531;0.9166666666666666;22;False
11285;11286;2.8557114228456912;0.9166666666666666;22;False
11286;11287;2.8657314629258517;0.9166666666666666;22;False
11287;11288;2.875751503006012;0.9166666666666666;22;False
11288;11289;2.885771543086172;0.9166666666666666;22;False
11289;11290;2.8957915831663326;0.9166666666666666;22;False
11290;11291;2.905811623246493;0.9166666666666666;22;False
11291;11292;2.915831663326653;0.9166666666666666;22;False
11292;11293;2.9258517034068134;0.9166666666666666;22;False
11293;11294;2.935871743486974;0.9166666666666666;22;False
11294;11295;2.9458917835671343;0.9166666666666666;22;False
11295;11296;2.9559118236472943;0.9166666666666666;22;False
11296;11297;2.9659318637274548;0.9166666666666666;22;False
11297;11298;2.975951903807615;0.9166666666666666;22;False
11298;11299;2.9859719438877756;0.9166666666666666;22;False
11299;11300;2.9959919839679356;0.9166666666666666;22;False
11300;11301;3.006012024048096;0.9166666666666666;22;False
11301;11302;3.0160320641282565;0.9166666666666666;22;False
11302;11303;3.0260521042084165;0.9166666666666666;22;False
11303;11304;3.036072144288577;0.9166666666666666;22;False
11304;11305;3.0460921843687374;0.9166666666666666;22;False
11305;11306;3.056112224448898;0.9166666666666666;22;False
11306;11307;3.066132264529058;0.9166666666666666;22;False
11307;11308;3.0761523046092183;0.9166666666666666;22;False
11308;11309;3.0861723446893787;0.9166666666666666;22;False
11309;11310;3.096192384769539;0.9166666666666666;22;False
11310;11311;3.106212424849699;0.9166666666666666;22;False
11311;11312;3.1162324649298596;0.9166666666666666;22;False
11312;11313;3.12625250501002;0.9166666666666666;22;False
11313;11314;3.13627254509018;0.9166666666666666;22;False
11314;11315;3.1462925851703405;0.9166666666666666;22;False
11315;11316;3.156312625250501;0.9166666666666666;22;False
11316;11317;3.1663326653306614;0.9166666666666666;22;False
11317;11318;3.1763527054108214;0.9166666666666666;22;False
11318;11319;3.186372745490982;0.9166666666666666;22;False
11319;11320;3.1963927855711423;0.9166666666666666;22;False
11320;11321;3.2064128256513023;0.9166666666666666;22;False
11321;11322;3.2164328657314627;0.9166666666666666;22;False
11322;11323;3.226452905811623;0.9166666666666666;22;False
11323;11324;3.2364729458917836;0.9166666666666666;22;False
11324;11325;3.2464929859719436;0.9166666666666666;22;False
11325;11326;3.256513026052104;0.9166666666666666;22;False
11326;11327;3.2665330661322645;0.9166666666666666;22;False
11327;11328;3.276553106212425;0.9166666666666666;22;False
11328;11329;3.286573146292585;0.9166666666666666;22;False
11329;11330;3.2965931863727453;0.9166666666666666;22;False
11330;11331;3.306613226452906;0.9166666666666666;22;False
11331;11332;3.316633266533066;0.9166666666666666;22;False
11332;11333;3.3266533066132262;0.9166666666666666;22;False
11333;11334;3.3366733466933867;0.9166666666666666;22;False
11334;11335;3.346693386773547;0.9166666666666666;22;False
11335;11336;3.356713426853707;0.9166666666666666;22;False
11336;11337;3.3667334669338675;0.9166666666666666;22;False
11337;11338;3.376753507014028;0.9166666666666666;22;False
11338;11339;3.3867735470941884;0.9166666666666666;22;False
11339;11340;3.3967935871743484;0.9166666666666666;22;False
11340;11341;3.406813627254509;0.9166666666666666;22;False
11341;11342;3.4168336673346693;0.9166666666666666;22;False
11342;11343;3.4268537074148293;0.9166666666666666;22;False
11343;11344;3.4368737474949898;0.9166666666666666;22;False
11344;11345;3.44689378757515;0.9166666666666666;22;False
11345;11346;3.4569138276553106;0.9166666666666666;22;False
11346;11347;3.4669338677354706;0.9166666666666666;22;False
11347;11348;3.476953907815631;0.9166666666666666;22;False
11348;11349;3.4869739478957915;0.9166666666666666;22;False
11349;11350;3.496993987975952;0.9166666666666666;22;False
11350;11351;3.507014028056112;0.9166666666666666;22;False
11351;11352;3.5170340681362724;0.9166666666666666;22;False
11352;11353;3.527054108216433;0.9166666666666666;22;False
11353;11354;3.537074148296593;0.9166666666666666;22;False
11354;11355;3.5470941883767533;0.9166666666666666;22;False
11355;11356;3.5571142284569137;0.9166666666666666;22;False
11356;11357;3.567134268537074;0.9166666666666666;22;False
11357;11358;3.577154308617234;0.9166666666666666;22;False
11358;11359;3.5871743486973946;0.9166666666666666;22;False
11359;11360;3.597194388777555;0.9166666666666666;22;False
11360;11361;3.6072144288577155;0.9166666666666666;22;False
11361;11362;3.6172344689378755;0.9166666666666666;22;False
11362;11363;3.627254509018036;0.9166666666666666;22;False
11363;11364;3.6372745490981964;0.9166666666666666;22;False
11364;11365;3.6472945891783564;0.9166666666666666;22;False
11365;11366;3.657314629258517;0.9166666666666666;22;False
11366;11367;3.6673346693386772;0.9166666666666666;22;False
11367;11368;3.6773547094188377;0.9166666666666666;22;False
11368;11369;3.6873747494989977;0.9166666666666666;22;False
11369;11370;3.697394789579158;0.9166666666666666;22;False
11370;11371;3.7074148296593186;0.9166666666666666;22;False
11371;11372;3.717434869739479;0.9166666666666666;22;False
11372;11373;3.727454909819639;0.9166666666666666;22;False
11373;11374;3.7374749498997994;0.9166666666666666;22;False
11374;11375;3.74749498997996;0.9166666666666666;22;False
11375;11376;3.75751503006012;0.9166666666666666;22;False
11376;11377;3.7675350701402803;0.9166666666666666;22;False
11377;11378;3.7775551102204408;0.9166666666666666;22;False
11378;11379;3.787575150300601;0.9166666666666666;22;False
11379;11380;3.797595190380761;0.9166666666666666;22;False
11380;11381;3.8076152304609217;0.9166666666666666;22;False
11381;11382;3.817635270541082;0.9166666666666666;22;False
11382;11383;3.8276553106212425;0.9166666666666666;22;False
11383;11384;3.8376753507014025;0.9166666666666666;22;False
11384;11385;3.847695390781563;0.9166666666666666;22;False
11385;11386;3.8577154308617234;0.9166666666666666;22;False
11386;11387;3.8677354709418834;0.9166666666666666;22;False
11387;11388;3.877755511022044;0.9166666666666666;22;False
11388;11389;3.8877755511022043;0.9166666666666666;22;False
11389;11390;3.8977955911823647;0.9166666666666666;22;False
11390;11391;3.9078156312625247;0.9166666666666666;22;False
11391;11392;3.917835671342685;0.9166666666666666;22;False
11392;11393;3.9278557114228456;0.9166666666666666;22;False
11393;11394;3.937875751503006;0.9166666666666666;22;False
11394;11395;3.947895791583166;0.9166666666666666;22;False
11395;11396;3.9579158316633265;0.9166666666666666;22;False
11396;11397;3.967935871743487;0.9166666666666666;22;False
11397;11398;3.977955911823647;0.9166666666666666;22;False
11398;11399;3.9879759519038074;0.9166666666666666;22;False
11399;11400;3.997995991983968;0.9166666666666666;22;False
11400;11401;4.008016032064128;0.9166666666666666;22;False
11401;11402;4.018036072144288;0.9166666666666666;22;False
11402;11403;4.028056112224449;0.9166666666666666;22;False
11403;11404;4.038076152304609;0.9166666666666666;22;False
11404;11405;4.04809619238477;0.9166666666666666;22;False
11405;11406;4.05811623246493;0.9166666666666666;22;False
11406;11407;4.06813627254509;0.9166666666666666;22;False
11407;11408;4.07815631262525;0.9166666666666666;22;False
11408;11409;4.0881763527054105;0.9166666666666666;22;False
11409;11410;4.098196392785571;0.9166666666666666;22;False
11410;11411;4.108216432865731;0.9166666666666666;22;False
11411;11412;4.118236472945892;0.9166666666666666;22;False
11412;11413;4.128256513026052;0.9166666666666666;22;False
11413;11414;4.138276553106213;0.9166666666666666;22;False
11414;11415;4.148296593186372;0.9166666666666666;22;False
11415;11416;4.158316633266533;0.9166666666666666;22;False
11416;11417;4.168336673346693;0.9166666666666666;22;False
11417;11418;4.1783567134268536;0.9166666666666666;22;False
11418;11419;4.188376753507014;0.9166666666666666;22;False
11419;11420;4.198396793587174;0.9166666666666666;22;False
11420;11421;4.208416833667335;0.9166666666666666;22;False
11421;11422;4.218436873747494;0.9166666666666666;22;False
11422;11423;4.228456913827655;0.9166666666666666;22;False
11423;11424;4.238476953907815;0.9166666666666666;22;False
11424;11425;4.248496993987976;0.9166666666666666;22;False
11425;11426;4.258517034068136;0.9166666666666666;22;False
11426;11427;4.268537074148297;0.9166666666666666;22;False
11427;11428;4.278557114228457;0.9166666666666666;22;False
11428;11429;4.288577154308617;0.9166666666666666;22;False
11429;11430;4.298597194388777;0.9166666666666666;22;False
11430;11431;4.3086172344689375;0.9166666666666666;22;False
11431;11432;4.318637274549098;0.9166666666666666;22;False
11432;11433;4.328657314629258;0.9166666666666666;22;False
11433;11434;4.338677354709419;0.9166666666666666;22;False
11434;11435;4.348697394789579;0.9166666666666666;22;False
11435;11436;4.35871743486974;0.9166666666666666;22;False
11436;11437;4.368737474949899;0.9166666666666666;22;False
11437;11438;4.37875751503006;0.9166666666666666;22;False
11438;11439;4.38877755511022;0.9166666666666666;22;False
11439;11440;4.398797595190381;0.9166666666666666;22;False
11440;11441;4.408817635270541;0.9166666666666666;22;False
11441;11442;4.4188376753507015;0.9166666666666666;22;False
11442;11443;4.428857715430862;0.9166666666666666;22;False
11443;11444;4.4388777555110215;0.9166666666666666;22;False
11444;11445;4.448897795591182;0.9166666666666666;22;False
11445;11446;4.458917835671342;0.9166666666666666;22;False
11446;11447;4.468937875751503;0.9166666666666666;22;False
11447;11448;4.478957915831663;0.9166666666666666;22;False
11448;11449;4.488977955911824;0.9166666666666666;22;False
11449;11450;4.498997995991984;0.9166666666666666;22;False
11450;11451;4.509018036072144;0.9166666666666666;22;False
11451;11452;4.519038076152304;0.9166666666666666;22;False
11452;11453;4.529058116232465;0.9166666666666666;22;False
11453;11454;4.539078156312625;0.9166666666666666;22;False
11454;11455;4.5490981963927855;0.9166666666666666;22;False
11455;11456;4.559118236472946;0.9166666666666666;22;False
11456;11457;4.569138276553106;0.9166666666666666;22;False
11457;11458;4.579158316633267;0.9166666666666666;22;False
11458;11459;4.589178356713426;0.9166666666666666;22;False
11459;11460;4.599198396793587;0.9166666666666666;22;False
11460;11461;4.609218436873747;0.9166666666666666;22;False
11461;11462;4.619238476953908;0.9166666666666666;22;False
11462;11463;4.629258517034068;0.9166666666666666;22;False
11463;11464;4.6392785571142285;0.9166666666666666;22;False
11464;11465;4.649298597194389;0.9166666666666666;22;False
11465;11466;4.6593186372745485;0.9166666666666666;22;False
11466;11467;4.669338677354709;0.9166666666666666;22;False
11467;11468;4.679358717434869;0.9166666666666666;22;False
11468;11469;4.68937875751503;0.9166666666666666;22;False
11469;11470;4.69939879759519;0.9166666666666666;22;False
11470;11471;4.709418837675351;0.9166666666666666;22;False
11471;11472;4.719438877755511;0.9166666666666666;22;False
11472;11473;4.729458917835671;0.9166666666666666;22;False
11473;11474;4.739478957915831;0.9166666666666666;22;False
11474;11475;4.749498997995992;0.9166666666666666;22;False
11475;11476;4.759519038076152;0.9166666666666666;22;False
11476;11477;4.7695390781563125;0.9166666666666666;22;False
11477;11478;4.779559118236473;0.9166666666666666;22;False
11478;11479;4.789579158316633;0.9166666666666666;22;False
11479;11480;4.799599198396794;0.9166666666666666;22;False
11480;11481;4.809619238476953;0.9166666666666666;22;False
11481;11482;4.819639278557114;0.9166666666666666;22;False
11482;11483;4.829659318637274;0.9166666666666666;22;False
11483;11484;4.839679358717435;0.9166666666666666;22;False
11484;11485;4.849699398797595;0.9166666666666666;22;False
11485;11486;4.859719438877756;0.9166666666666666;22;False
11486;11487;4.869739478957916;0.9166666666666666;22;False
11487;11488;4.879759519038076;0.9166666666666666;22;False
11488;11489;4.889779559118236;0.9166666666666666;22;False
11489;11490;4.8997995991983965;0.9166666666666666;22;False
11490;11491;4.909819639278557;0.9166666666666666;22;False
11491;11492;4.919839679358717;0.9166666666666666;22;False
11492;11493;4.929859719438878;0.9166666666666666;22;False
11493;11494;4.939879759519038;0.9166666666666666;22;False
11494;11495;4.949899799599198;0.9166666666666666;22;False
11495;11496;4.959919839679358;0.9166666666666666;22;False
11496;11497;4.969939879759519;0.9166666666666666;22;False
11497;11498;4.979959919839679;0.9166666666666666;22;False
11498;11499;4.98997995991984;0.9166666666666666;22;False
11499;11500;5.0;0.9166666666666666;22;False
11500;11501;0.0;0.9583333333333334;23;False
11501;11502;0.01002004008016032;0.9583333333333334;23;False
11502;11503;0.02004008016032064;0.9583333333333334;23;False
11503;11504;0.03006012024048096;0.9583333333333334;23;False
11504;11505;0.04008016032064128;0.9583333333333334;23;False
11505;11506;0.0501002004008016;0.9583333333333334;23;False
11506;11507;0.06012024048096192;0.9583333333333334;23;False
11507;11508;0.07014028056112225;0.9583333333333334;23;False
11508;11509;0.08016032064128256;0.9583333333333334;23;False
11509;11510;0.09018036072144288;0.9583333333333334;23;False
11510;11511;0.1002004008016032;0.9583333333333334;23;False
11511;11512;0.11022044088176353;0.9583333333333334;23;False
11512;11513;0.12024048096192384;0.9583333333333334;23;False
11513;11514;0.13026052104208416;0.9583333333333334;23;False
11514;11515;0.1402805611222445;0.9583333333333334;23;False
11515;11516;0.1503006012024048;0.9583333333333334;23;False
11516;11517;0.16032064128256512;0.9583333333333334;23;False
11517;11518;0.17034068136272545;0.9583333333333334;23;False
11518;11519;0.18036072144288576;0.9583333333333334;23;False
11519;11520;0.1903807615230461;0.9583333333333334;23;False
11520;11521;0.2004008016032064;0.9583333333333334;23;False
11521;11522;0.21042084168336672;0.9583333333333334;23;False
11522;11523;0.22044088176352705;0.9583333333333334;23;False
11523;11524;0.23046092184368736;0.9583333333333334;23;False
11524;11525;0.24048096192384769;0.9583333333333334;23;False
11525;11526;0.250501002004008;0.9583333333333334;23;False
11526;11527;0.2605210420841683;0.9583333333333334;23;False
11527;11528;0.27054108216432865;0.9583333333333334;23;False
11528;11529;0.280561122244489;0.9583333333333334;23;False
11529;11530;0.2905811623246493;0.9583333333333334;23;False
11530;11531;0.3006012024048096;0.9583333333333334;23;False
11531;11532;0.3106212424849699;0.9583333333333334;23;False
11532;11533;0.32064128256513025;0.9583333333333334;23;False
11533;11534;0.3306613226452906;0.9583333333333334;23;False
11534;11535;0.3406813627254509;0.9583333333333334;23;False
11535;11536;0.3507014028056112;0.9583333333333334;23;False
11536;11537;0.3607214428857715;0.9583333333333334;23;False
11537;11538;0.37074148296593185;0.9583333333333334;23;False
11538;11539;0.3807615230460922;0.9583333333333334;23;False
11539;11540;0.3907815631262525;0.9583333333333334;23;False
11540;11541;0.4008016032064128;0.9583333333333334;23;False
11541;11542;0.4108216432865731;0.9583333333333334;23;False
11542;11543;0.42084168336673344;0.9583333333333334;23;False
11543;11544;0.4308617234468938;0.9583333333333334;23;False
11544;11545;0.4408817635270541;0.9583333333333334;23;False
11545;11546;0.45090180360721444;0.9583333333333334;23;False
11546;11547;0.4609218436873747;0.9583333333333334;23;False
11547;11548;0.47094188376753504;0.9583333333333334;23;False
11548;11549;0.48096192384769537;0.9583333333333334;23;False
11549;11550;0.4909819639278557;0.9583333333333334;23;False
11550;11551;0.501002004008016;0.9583333333333334;23;False
11551;11552;0.5110220440881763;0.9583333333333334;23;False
11552;11553;0.5210420841683366;0.9583333333333334;23;False
11553;11554;0.531062124248497;0.9583333333333334;23;False
11554;11555;0.5410821643286573;0.9583333333333334;23;False
11555;11556;0.5511022044088176;0.9583333333333334;23;False
11556;11557;0.561122244488978;0.9583333333333334;23;False
11557;11558;0.5711422845691383;0.9583333333333334;23;False
11558;11559;0.5811623246492986;0.9583333333333334;23;False
11559;11560;0.5911823647294588;0.9583333333333334;23;False
11560;11561;0.6012024048096192;0.9583333333333334;23;False
11561;11562;0.6112224448897795;0.9583333333333334;23;False
11562;11563;0.6212424849699398;0.9583333333333334;23;False
11563;11564;0.6312625250501002;0.9583333333333334;23;False
11564;11565;0.6412825651302605;0.9583333333333334;23;False
11565;11566;0.6513026052104208;0.9583333333333334;23;False
11566;11567;0.6613226452905812;0.9583333333333334;23;False
11567;11568;0.6713426853707415;0.9583333333333334;23;False
11568;11569;0.6813627254509018;0.9583333333333334;23;False
11569;11570;0.6913827655310621;0.9583333333333334;23;False
11570;11571;0.7014028056112224;0.9583333333333334;23;False
11571;11572;0.7114228456913827;0.9583333333333334;23;False
11572;11573;0.721442885771543;0.9583333333333334;23;False
11573;11574;0.7314629258517034;0.9583333333333334;23;False
11574;11575;0.7414829659318637;0.9583333333333334;23;False
11575;11576;0.751503006012024;0.9583333333333334;23;False
11576;11577;0.7615230460921844;0.9583333333333334;23;False
11577;11578;0.7715430861723447;0.9583333333333334;23;False
11578;11579;0.781563126252505;0.9583333333333334;23;False
11579;11580;0.7915831663326653;0.9583333333333334;23;False
11580;11581;0.8016032064128256;0.9583333333333334;23;False
11581;11582;0.8116232464929859;0.9583333333333334;23;False
11582;11583;0.8216432865731462;0.9583333333333334;23;False
11583;11584;0.8316633266533066;0.9583333333333334;23;False
11584;11585;0.8416833667334669;0.9583333333333334;23;False
11585;11586;0.8517034068136272;0.9583333333333334;23;False
11586;11587;0.8617234468937875;0.9583333333333334;23;False
11587;11588;0.8717434869739479;0.9583333333333334;23;False
11588;11589;0.8817635270541082;0.9583333333333334;23;False
11589;11590;0.8917835671342685;0.9583333333333334;23;False
11590;11591;0.9018036072144289;0.9583333333333334;23;False
11591;11592;0.9118236472945891;0.9583333333333334;23;False
11592;11593;0.9218436873747494;0.9583333333333334;23;False
11593;11594;0.9318637274549098;0.9583333333333334;23;False
11594;11595;0.9418837675350701;0.9583333333333334;23;False
11595;11596;0.9519038076152304;0.9583333333333334;23;False
11596;11597;0.9619238476953907;0.9583333333333334;23;False
11597;11598;0.9719438877755511;0.9583333333333334;23;False
11598;11599;0.9819639278557114;0.9583333333333334;23;False
11599;11600;0.9919839679358717;0.9583333333333334;23;False
11600;11601;1.002004008016032;0.9583333333333334;23;False
11601;11602;1.0120240480961924;0.9583333333333334;23;False
11602;11603;1.0220440881763526;0.9583333333333334;23;False
11603;11604;1.032064128256513;0.9583333333333334;23;False
11604;11605;1.0420841683366733;0.9583333333333334;23;False
11605;11606;1.0521042084168337;0.9583333333333334;23;False
11606;11607;1.062124248496994;0.9583333333333334;23;False
11607;11608;1.0721442885771542;0.9583333333333334;23;False
11608;11609;1.0821643286573146;0.9583333333333334;23;False
11609;11610;1.0921843687374748;0.9583333333333334;23;False
11610;11611;1.1022044088176353;0.9583333333333334;23;False
11611;11612;1.1122244488977955;0.9583333333333334;23;False
11612;11613;1.122244488977956;0.9583333333333334;23;False
11613;11614;1.1322645290581161;0.9583333333333334;23;False
11614;11615;1.1422845691382766;0.9583333333333334;23;False
11615;11616;1.1523046092184368;0.9583333333333334;23;False
11616;11617;1.1623246492985972;0.9583333333333334;23;False
11617;11618;1.1723446893787575;0.9583333333333334;23;False
11618;11619;1.1823647294589177;0.9583333333333334;23;False
11619;11620;1.1923847695390781;0.9583333333333334;23;False
11620;11621;1.2024048096192383;0.9583333333333334;23;False
11621;11622;1.2124248496993988;0.9583333333333334;23;False
11622;11623;1.222444889779559;0.9583333333333334;23;False
11623;11624;1.2324649298597194;0.9583333333333334;23;False
11624;11625;1.2424849699398797;0.9583333333333334;23;False
11625;11626;1.25250501002004;0.9583333333333334;23;False
11626;11627;1.2625250501002003;0.9583333333333334;23;False
11627;11628;1.2725450901803608;0.9583333333333334;23;False
11628;11629;1.282565130260521;0.9583333333333334;23;False
11629;11630;1.2925851703406812;0.9583333333333334;23;False
11630;11631;1.3026052104208417;0.9583333333333334;23;False
11631;11632;1.3126252505010019;0.9583333333333334;23;False
11632;11633;1.3226452905811623;0.9583333333333334;23;False
11633;11634;1.3326653306613225;0.9583333333333334;23;False
11634;11635;1.342685370741483;0.9583333333333334;23;False
11635;11636;1.3527054108216432;0.9583333333333334;23;False
11636;11637;1.3627254509018036;0.9583333333333334;23;False
11637;11638;1.3727454909819639;0.9583333333333334;23;False
11638;11639;1.3827655310621243;0.9583333333333334;23;False
11639;11640;1.3927855711422845;0.9583333333333334;23;False
11640;11641;1.4028056112224447;0.9583333333333334;23;False
11641;11642;1.4128256513026052;0.9583333333333334;23;False
11642;11643;1.4228456913827654;0.9583333333333334;23;False
11643;11644;1.4328657314629258;0.9583333333333334;23;False
11644;11645;1.442885771543086;0.9583333333333334;23;False
11645;11646;1.4529058116232465;0.9583333333333334;23;False
11646;11647;1.4629258517034067;0.9583333333333334;23;False
11647;11648;1.4729458917835672;0.9583333333333334;23;False
11648;11649;1.4829659318637274;0.9583333333333334;23;False
11649;11650;1.4929859719438878;0.9583333333333334;23;False
11650;11651;1.503006012024048;0.9583333333333334;23;False
11651;11652;1.5130260521042083;0.9583333333333334;23;False
11652;11653;1.5230460921843687;0.9583333333333334;23;False
11653;11654;1.533066132264529;0.9583333333333334;23;False
11654;11655;1.5430861723446894;0.9583333333333334;23;False
11655;11656;1.5531062124248496;0.9583333333333334;23;False
11656;11657;1.56312625250501;0.9583333333333334;23;False
11657;11658;1.5731462925851702;0.9583333333333334;23;False
11658;11659;1.5831663326653307;0.9583333333333334;23;False
11659;11660;1.593186372745491;0.9583333333333334;23;False
11660;11661;1.6032064128256511;0.9583333333333334;23;False
11661;11662;1.6132264529058116;0.9583333333333334;23;False
11662;11663;1.6232464929859718;0.9583333333333334;23;False
11663;11664;1.6332665330661322;0.9583333333333334;23;False
11664;11665;1.6432865731462925;0.9583333333333334;23;False
11665;11666;1.653306613226453;0.9583333333333334;23;False
11666;11667;1.6633266533066131;0.9583333333333334;23;False
11667;11668;1.6733466933867736;0.9583333333333334;23;False
11668;11669;1.6833667334669338;0.9583333333333334;23;False
11669;11670;1.6933867735470942;0.9583333333333334;23;False
11670;11671;1.7034068136272544;0.9583333333333334;23;False
11671;11672;1.7134268537074147;0.9583333333333334;23;False
11672;11673;1.723446893787575;0.9583333333333334;23;False
11673;11674;1.7334669338677353;0.9583333333333334;23;False
11674;11675;1.7434869739478958;0.9583333333333334;23;False
11675;11676;1.753507014028056;0.9583333333333334;23;False
11676;11677;1.7635270541082164;0.9583333333333334;23;False
11677;11678;1.7735470941883766;0.9583333333333334;23;False
11678;11679;1.783567134268537;0.9583333333333334;23;False
11679;11680;1.7935871743486973;0.9583333333333334;23;False
11680;11681;1.8036072144288577;0.9583333333333334;23;False
11681;11682;1.813627254509018;0.9583333333333334;23;False
11682;11683;1.8236472945891782;0.9583333333333334;23;False
11683;11684;1.8336673346693386;0.9583333333333334;23;False
11684;11685;1.8436873747494988;0.9583333333333334;23;False
11685;11686;1.8537074148296593;0.9583333333333334;23;False
11686;11687;1.8637274549098195;0.9583333333333334;23;False
11687;11688;1.87374749498998;0.9583333333333334;23;False
11688;11689;1.8837675350701402;0.9583333333333334;23;False
11689;11690;1.8937875751503006;0.9583333333333334;23;False
11690;11691;1.9038076152304608;0.9583333333333334;23;False
11691;11692;1.9138276553106213;0.9583333333333334;23;False
11692;11693;1.9238476953907815;0.9583333333333334;23;False
11693;11694;1.9338677354709417;0.9583333333333334;23;False
11694;11695;1.9438877755511021;0.9583333333333334;23;False
11695;11696;1.9539078156312624;0.9583333333333334;23;False
11696;11697;1.9639278557114228;0.9583333333333334;23;False
11697;11698;1.973947895791583;0.9583333333333334;23;False
11698;11699;1.9839679358717435;0.9583333333333334;23;False
11699;11700;1.9939879759519037;0.9583333333333334;23;False
11700;11701;2.004008016032064;0.9583333333333334;23;False
11701;11702;2.0140280561122244;0.9583333333333334;23;False
11702;11703;2.024048096192385;0.9583333333333334;23;False
11703;11704;2.034068136272545;0.9583333333333334;23;False
11704;11705;2.0440881763527052;0.9583333333333334;23;False
11705;11706;2.0541082164328657;0.9583333333333334;23;False
11706;11707;2.064128256513026;0.9583333333333334;23;False
11707;11708;2.074148296593186;0.9583333333333334;23;False
11708;11709;2.0841683366733466;0.9583333333333334;23;False
11709;11710;2.094188376753507;0.9583333333333334;23;False
11710;11711;2.1042084168336674;0.9583333333333334;23;False
11711;11712;2.1142284569138274;0.9583333333333334;23;False
11712;11713;2.124248496993988;0.9583333333333334;23;False
11713;11714;2.1342685370741483;0.9583333333333334;23;False
11714;11715;2.1442885771543083;0.9583333333333334;23;False
11715;11716;2.1543086172344688;0.9583333333333334;23;False
11716;11717;2.164328657314629;0.9583333333333334;23;False
11717;11718;2.1743486973947896;0.9583333333333334;23;False
11718;11719;2.1843687374749496;0.9583333333333334;23;False
11719;11720;2.19438877755511;0.9583333333333334;23;False
11720;11721;2.2044088176352705;0.9583333333333334;23;False
11721;11722;2.214428857715431;0.9583333333333334;23;False
11722;11723;2.224448897795591;0.9583333333333334;23;False
11723;11724;2.2344689378757514;0.9583333333333334;23;False
11724;11725;2.244488977955912;0.9583333333333334;23;False
11725;11726;2.254509018036072;0.9583289075944716;23;False
11726;11727;2.2645290581162323;0.9582874973865184;23;False
11727;11728;2.2745490981963927;0.9582031479744251;23;False
11728;11729;2.284569138276553;0.9580771949287232;23;False
11729;11730;2.294589178356713;0.9579116325629712;23;False
11730;11731;2.3046092184368736;0.9577090823562208;23;False
11731;11732;2.314629258517034;0.9574727514450784;23;False
11732;11733;2.3246492985971945;0.9572063818425914;23;False
11733;11734;2.3346693386773545;0.9569141911880148;23;False
11734;11735;2.344689378757515;0.9566008059656135;23;False
11735;11736;2.3547094188376754;0.9562711882499015;23;False
11736;11737;2.3647294589178354;0.9559305571372169;23;False
11737;11738;2.374749498997996;0.9555843061076666;23;False
11738;11739;2.3847695390781563;0.9552379176259188;23;False
11739;11740;2.3947895791583167;0.9548968763330299;23;False
11740;11741;2.4048096192384767;0.9545665822038127;23;False
11741;11742;2.414829659318637;0.9542522650447917;23;False
11742;11743;2.4248496993987976;0.9539589016865658;23;False
11743;11744;2.434869739478958;0.9536911371817387;23;False
11744;11745;2.444889779559118;0.9534532112561501;23;False
11745;11746;2.4549098196392785;0.9532488911779646;23;False
11746;11747;2.464929859719439;0.9530814121075541;23;False
11747;11748;2.474949899799599;0.9529534258726616;23;False
11748;11749;2.4849699398797593;0.9528669589799278;23;False
11749;11750;2.49498997995992;0.9528233805276191;23;False
11750;11751;2.50501002004008;0.9528233805276191;23;False
11751;11752;2.51503006012024;0.9528669589799278;23;False
11752;11753;2.5250501002004007;0.9529534258726616;23;False
11753;11754;2.535070140280561;0.9530814121075541;23;False
11754;11755;2.5450901803607215;0.9532488911779646;23;False
11755;11756;2.5551102204408815;0.9534532112561501;23;False
11756;11757;2.565130260521042;0.9536911371817387;23;False
11757;11758;2.5751503006012024;0.9539589016865658;23;False
11758;11759;2.5851703406813624;0.9542522650447917;23;False
11759;11760;2.595190380761523;0.9545665822038127;23;False
11760;11761;2.6052104208416833;0.9548968763330299;23;False
11761;11762;2.6152304609218437;0.9552379176259188;23;False
11762;11763;2.6252505010020037;0.9555843061076666;23;False
11763;11764;2.635270541082164;0.9559305571372169;23;False
11764;11765;2.6452905811623246;0.9562711882499015;23;False
11765;11766;2.655310621242485;0.9566008059656135;23;False
11766;11767;2.665330661322645;0.9569141911880148;23;False
11767;11768;2.6753507014028055;0.9572063818425914;23;False
11768;11769;2.685370741482966;0.9574727514450784;23;False
11769;11770;2.695390781563126;0.9577090823562207;23;False
11770;11771;2.7054108216432864;0.9579116325629712;23;False
11771;11772;2.715430861723447;0.9580771949287232;23;False
11772;11773;2.7254509018036073;0.9582031479744251;23;False
11773;11774;2.7354709418837673;0.9582874973865184;23;False
11774;11775;2.7454909819639277;0.9583289075944716;23;False
11775;11776;2.755511022044088;0.9583333333333334;23;False
11776;11777;2.7655310621242486;0.9583333333333334;23;False
11777;11778;2.7755511022044086;0.9583333333333334;23;False
11778;11779;2.785571142284569;0.9583333333333334;23;False
11779;11780;2.7955911823647295;0.9583333333333334;23;False
11780;11781;2.8056112224448895;0.9583333333333334;23;False
11781;11782;2.81563126252505;0.9583333333333334;23;False
11782;11783;2.8256513026052104;0.9583333333333334;23;False
11783;11784;2.835671342685371;0.9583333333333334;23;False
11784;11785;2.845691382765531;0.9583333333333334;23;False
11785;11786;2.8557114228456912;0.9583333333333334;23;False
11786;11787;2.8657314629258517;0.9583333333333334;23;False
11787;11788;2.875751503006012;0.9583333333333334;23;False
11788;11789;2.885771543086172;0.9583333333333334;23;False
11789;11790;2.8957915831663326;0.9583333333333334;23;False
11790;11791;2.905811623246493;0.9583333333333334;23;False
11791;11792;2.915831663326653;0.9583333333333334;23;False
11792;11793;2.9258517034068134;0.9583333333333334;23;False
11793;11794;2.935871743486974;0.9583333333333334;23;False
11794;11795;2.9458917835671343;0.9583333333333334;23;False
11795;11796;2.9559118236472943;0.9583333333333334;23;False
11796;11797;2.9659318637274548;0.9583333333333334;23;False
11797;11798;2.975951903807615;0.9583333333333334;23;False
11798;11799;2.9859719438877756;0.9583333333333334;23;False
11799;11800;2.9959919839679356;0.9583333333333334;23;False
11800;11801;3.006012024048096;0.9583333333333334;23;False
11801;11802;3.0160320641282565;0.9583333333333334;23;False
11802;11803;3.0260521042084165;0.9583333333333334;23;False
11803;11804;3.036072144288577;0.9583333333333334;23;False
11804;11805;3.0460921843687374;0.9583333333333334;23;False
11805;11806;3.056112224448898;0.9583333333333334;23;False
11806;11807;3.066132264529058;0.9583333333333334;23;False
11807;11808;3.0761523046092183;0.9583333333333334;23;False
11808;11809;3.0861723446893787;0.9583333333333334;23;False
11809;11810;3.096192384769539;0.9583333333333334;23;False
11810;11811;3.106212424849699;0.9583333333333334;23;False
11811;11812;3.1162324649298596;0.9583333333333334;23;False
11812;11813;3.12625250501002;0.9583333333333334;23;False
11813;11814;3.13627254509018;0.9583333333333334;23;False
11814;11815;3.1462925851703405;0.9583333333333334;23;False
11815;11816;3.156312625250501;0.9583333333333334;23;False
11816;11817;3.1663326653306614;0.9583333333333334;23;False
11817;11818;3.1763527054108214;0.9583333333333334;23;False
11818;11819;3.186372745490982;0.9583333333333334;23;False
11819;11820;3.1963927855711423;0.9583333333333334;23;False
11820;11821;3.2064128256513023;0.9583333333333334;23;False
11821;11822;3.2164328657314627;0.9583333333333334;23;False
11822;11823;3.226452905811623;0.9583333333333334;23;False
11823;11824;3.2364729458917836;0.9583333333333334;23;False
11824;11825;3.2464929859719436;0.9583333333333334;23;False
11825;11826;3.256513026052104;0.9583333333333334;23;False
11826;11827;3.2665330661322645;0.9583333333333334;23;False
11827;11828;3.276553106212425;0.9583333333333334;23;False
11828;11829;3.286573146292585;0.9583333333333334;23;False
11829;11830;3.2965931863727453;0.9583333333333334;23;False
11830;11831;3.306613226452906;0.9583333333333334;23;False
11831;11832;3.316633266533066;0.9583333333333334;23;False
11832;11833;3.3266533066132262;0.9583333333333334;23;False
11833;11834;3.3366733466933867;0.9583333333333334;23;False
11834;11835;3.346693386773547;0.9583333333333334;23;False
11835;11836;3.356713426853707;0.9583333333333334;23;False
11836;11837;3.3667334669338675;0.9583333333333334;23;False
11837;11838;3.376753507014028;0.9583333333333334;23;False
11838;11839;3.3867735470941884;0.9583333333333334;23;False
11839;11840;3.3967935871743484;0.9583333333333334;23;False
11840;11841;3.406813627254509;0.9583333333333334;23;False
11841;11842;3.4168336673346693;0.9583333333333334;23;False
11842;11843;3.4268537074148293;0.9583333333333334;23;False
11843;11844;3.4368737474949898;0.9583333333333334;23;False
11844;11845;3.44689378757515;0.9583333333333334;23;False
11845;11846;3.4569138276553106;0.9583333333333334;23;False
11846;11847;3.4669338677354706;0.9583333333333334;23;False
11847;11848;3.476953907815631;0.9583333333333334;23;False
11848;11849;3.4869739478957915;0.9583333333333334;23;False
11849;11850;3.496993987975952;0.9583333333333334;23;False
11850;11851;3.507014028056112;0.9583333333333334;23;False
11851;11852;3.5170340681362724;0.9583333333333334;23;False
11852;11853;3.527054108216433;0.9583333333333334;23;False
11853;11854;3.537074148296593;0.9583333333333334;23;False
11854;11855;3.5470941883767533;0.9583333333333334;23;False
11855;11856;3.5571142284569137;0.9583333333333334;23;False
11856;11857;3.567134268537074;0.9583333333333334;23;False
11857;11858;3.577154308617234;0.9583333333333334;23;False
11858;11859;3.5871743486973946;0.9583333333333334;23;False
11859;11860;3.597194388777555;0.9583333333333334;23;False
11860;11861;3.6072144288577155;0.9583333333333334;23;False
11861;11862;3.6172344689378755;0.9583333333333334;23;False
11862;11863;3.627254509018036;0.9583333333333334;23;False
11863;11864;3.6372745490981964;0.9583333333333334;23;False
11864;11865;3.6472945891783564;0.9583333333333334;23;False
11865;11866;3.657314629258517;0.9583333333333334;23;False
11866;11867;3.6673346693386772;0.9583333333333334;23;False
11867;11868;3.6773547094188377;0.9583333333333334;23;False
11868;11869;3.6873747494989977;0.9583333333333334;23;False
11869;11870;3.697394789579158;0.9583333333333334;23;False
11870;11871;3.7074148296593186;0.9583333333333334;23;False
11871;11872;3.717434869739479;0.9583333333333334;23;False
11872;11873;3.727454909819639;0.9583333333333334;23;False
11873;11874;3.7374749498997994;0.9583333333333334;23;False
11874;11875;3.74749498997996;0.9583333333333334;23;False
11875;11876;3.75751503006012;0.9583333333333334;23;False
11876;11877;3.7675350701402803;0.9583333333333334;23;False
11877;11878;3.7775551102204408;0.9583333333333334;23;False
11878;11879;3.787575150300601;0.9583333333333334;23;False
11879;11880;3.797595190380761;0.9583333333333334;23;False
11880;11881;3.8076152304609217;0.9583333333333334;23;False
11881;11882;3.817635270541082;0.9583333333333334;23;False
11882;11883;3.8276553106212425;0.9583333333333334;23;False
11883;11884;3.8376753507014025;0.9583333333333334;23;False
11884;11885;3.847695390781563;0.9583333333333334;23;False
11885;11886;3.8577154308617234;0.9583333333333334;23;False
11886;11887;3.8677354709418834;0.9583333333333334;23;False
11887;11888;3.877755511022044;0.9583333333333334;23;False
11888;11889;3.8877755511022043;0.9583333333333334;23;False
11889;11890;3.8977955911823647;0.9583333333333334;23;False
11890;11891;3.9078156312625247;0.9583333333333334;23;False
11891;11892;3.917835671342685;0.9583333333333334;23;False
11892;11893;3.9278557114228456;0.9583333333333334;23;False
11893;11894;3.937875751503006;0.9583333333333334;23;False
11894;11895;3.947895791583166;0.9583333333333334;23;False
11895;11896;3.9579158316633265;0.9583333333333334;23;False
11896;11897;3.967935871743487;0.9583333333333334;23;False
11897;11898;3.977955911823647;0.9583333333333334;23;False
11898;11899;3.9879759519038074;0.9583333333333334;23;False
11899;11900;3.997995991983968;0.9583333333333334;23;False
11900;11901;4.008016032064128;0.9583333333333334;23;False
11901;11902;4.018036072144288;0.9583333333333334;23;False
11902;11903;4.028056112224449;0.9583333333333334;23;False
11903;11904;4.038076152304609;0.9583333333333334;23;False
11904;11905;4.04809619238477;0.9583333333333334;23;False
11905;11906;4.05811623246493;0.9583333333333334;23;False
11906;11907;4.06813627254509;0.9583333333333334;23;False
11907;11908;4.07815631262525;0.9583333333333334;23;False
11908;11909;4.0881763527054105;0.9583333333333334;23;False
11909;11910;4.098196392785571;0.9583333333333334;23;False
11910;11911;4.108216432865731;0.9583333333333334;23;False
11911;11912;4.118236472945892;0.9583333333333334;23;False
11912;11913;4.128256513026052;0.9583333333333334;23;False
11913;11914;4.138276553106213;0.9583333333333334;23;False
11914;11915;4.148296593186372;0.9583333333333334;23;False
11915;11916;4.158316633266533;0.9583333333333334;23;False
11916;11917;4.168336673346693;0.9583333333333334;23;False
11917;11918;4.1783567134268536;0.9583333333333334;23;False
11918;11919;4.188376753507014;0.9583333333333334;23;False
11919;11920;4.198396793587174;0.9583333333333334;23;False
11920;11921;4.208416833667335;0.9583333333333334;23;False
11921;11922;4.218436873747494;0.9583333333333334;23;False
11922;11923;4.228456913827655;0.9583333333333334;23;False
11923;11924;4.238476953907815;0.9583333333333334;23;False
11924;11925;4.248496993987976;0.9583333333333334;23;False
11925;11926;4.258517034068136;0.9583333333333334;23;False
11926;11927;4.268537074148297;0.9583333333333334;23;False
11927;11928;4.278557114228457;0.9583333333333334;23;False
11928;11929;4.288577154308617;0.9583333333333334;23;False
11929;11930;4.298597194388777;0.9583333333333334;23;False
11930;11931;4.3086172344689375;0.9583333333333334;23;False
11931;11932;4.318637274549098;0.9583333333333334;23;False
11932;11933;4.328657314629258;0.9583333333333334;23;False
11933;11934;4.338677354709419;0.9583333333333334;23;False
11934;11935;4.348697394789579;0.9583333333333334;23;False
11935;11936;4.35871743486974;0.9583333333333334;23;False
11936;11937;4.368737474949899;0.9583333333333334;23;False
11937;11938;4.37875751503006;0.9583333333333334;23;False
11938;11939;4.38877755511022;0.9583333333333334;23;False
11939;11940;4.398797595190381;0.9583333333333334;23;False
11940;11941;4.408817635270541;0.9583333333333334;23;False
11941;11942;4.4188376753507015;0.9583333333333334;23;False
11942;11943;4.428857715430862;0.9583333333333334;23;False
11943;11944;4.4388777555110215;0.9583333333333334;23;False
11944;11945;4.448897795591182;0.9583333333333334;23;False
11945;11946;4.458917835671342;0.9583333333333334;23;False
11946;11947;4.468937875751503;0.9583333333333334;23;False
11947;11948;4.478957915831663;0.9583333333333334;23;False
11948;11949;4.488977955911824;0.9583333333333334;23;False
11949;11950;4.498997995991984;0.9583333333333334;23;False
11950;11951;4.509018036072144;0.9583333333333334;23;False
11951;11952;4.519038076152304;0.9583333333333334;23;False
11952;11953;4.529058116232465;0.9583333333333334;23;False
11953;11954;4.539078156312625;0.9583333333333334;23;False
11954;11955;4.5490981963927855;0.9583333333333334;23;False
11955;11956;4.559118236472946;0.9583333333333334;23;False
11956;11957;4.569138276553106;0.9583333333333334;23;False
11957;11958;4.579158316633267;0.9583333333333334;23;False
11958;11959;4.589178356713426;0.9583333333333334;23;False
11959;11960;4.599198396793587;0.9583333333333334;23;False
11960;11961;4.609218436873747;0.9583333333333334;23;False
11961;11962;4.619238476953908;0.9583333333333334;23;False
11962;11963;4.629258517034068;0.9583333333333334;23;False
11963;11964;4.6392785571142285;0.9583333333333334;23;False
11964;11965;4.649298597194389;0.9583333333333334;23;False
11965;11966;4.6593186372745485;0.9583333333333334;23;False
11966;11967;4.669338677354709;0.9583333333333334;23;False
11967;11968;4.679358717434869;0.9583333333333334;23;False
11968;11969;4.68937875751503;0.9583333333333334;23;False
11969;11970;4.69939879759519;0.9583333333333334;23;False
11970;11971;4.709418837675351;0.9583333333333334;23;False
11971;11972;4.719438877755511;0.9583333333333334;23;False
11972;11973;4.729458917835671;0.9583333333333334;23;False
11973;11974;4.739478957915831;0.9583333333333334;23;False
11974;11975;4.749498997995992;0.9583333333333334;23;False
11975;11976;4.759519038076152;0.9583333333333334;23;False
11976;11977;4.7695390781563125;0.9583333333333334;23;False
11977;11978;4.779559118236473;0.9583333333333334;23;False
11978;11979;4.789579158316633;0.9583333333333334;23;False
11979;11980;4.799599198396794;0.9583333333333334;23;False
11980;11981;4.809619238476953;0.9583333333333334;23;False
11981;11982;4.819639278557114;0.9583333333333334;23;False
11982;11983;4.829659318637274;0.9583333333333334;23;False
11983;11984;4.839679358717435;0.9583333333333334;23;False
11984;11985;4.849699398797595;0.9583333333333334;23;False
11985;11986;4.859719438877756;0.9583333333333334;23;False
11986;11987;4.869739478957916;0.9583333333333334;23;False
11987;11988;4.879759519038076;0.9583333333333334;23;False
11988;11989;4.889779559118236;0.9583333333333334;23;False
11989;11990;4.8997995991983965;0.9583333333333334;23;False
11990;11991;4.909819639278557;0.9583333333333334;23;False
11991;11992;4.919839679358717;0.9583333333333334;23;False
11992;11993;4.929859719438878;0.9583333333333334;23;False
11993;11994;4.939879759519038;0.9583333333333334;23;False
11994;11995;4.949899799599198;0.9583333333333334;23;False
11995;11996;4.959919839679358;0.9583333333333334;23;False
11996;11997;4.969939879759519;0.9583333333333334;23;False
11997;11998;4.979959919839679;0.9583333333333334;23;False
11998;11999;4.98997995991984;0.9583333333333334;23;False
11999;12000;5.0;0.9583333333333334;23;False
12000;12001;0.0;1.0;24;True
12001;12002;0.01002004008016032;1.0;24;True
12002;12003;0.02004008016032064;1.0;24;True
12003;12004;0.03006012024048096;1.0;24;True
12004;12005;0.04008016032064128;1.0;24;True
12005;12006;0.0501002004008016;1.0;24;True
12006;12007;0.06012024048096192;1.0;24;True
12007;12008;0.07014028056112225;1.0;24;True
12008;12009;0.08016032064128256;1.0;24;True
12009;12010;0.09018036072144288;1.0;24;True
12010;12011;0.1002004008016032;1.0;24;True
12011;12012;0.11022044088176353;1.0;24;True
12012;12013;0.12024048096192384;1.0;24;True
12013;12014;0.13026052104208416;1.0;24;True
12014;12015;0.1402805611222445;1.0;24;True
12015;12016;0.1503006012024048;1.0;24;True
12016;12017;0.16032064128256512;1.0;24;True
12017;12018;0.17034068136272545;1.0;24;True
12018;12019;0.18036072144288576;1.0;24;True
12019;12020;0.1903807615230461;1.0;24;True
12020;12021;0.2004008016032064;1.0;24;True
12021;12022;0.21042084168336672;1.0;24;True
12022;12023;0.22044088176352705;1.0;24;True
12023;12024;0.23046092184368736;1.0;24;True
12024;12025;0.24048096192384769;1.0;24;True
12025;12026;0.250501002004008;1.0;24;True
12026;12027;0.2605210420841683;1.0;24;True
12027;12028;0.27054108216432865;1.0;24;True
12028;12029;0.280561122244489;1.0;24;True
12029;12030;0.2905811623246493;1.0;24;True
12030;12031;0.3006012024048096;1.0;24;True
12031;12032;0.3106212424849699;1.0;24;True
12032;12033;0.32064128256513025;1.0;24;True
12033;12034;0.3306613226452906;1.0;24;True
12034;12035;0.3406813627254509;1.0;24;True
12035;12036;0.3507014028056112;1.0;24;True
12036;12037;0.3607214428857715;1.0;24;True
12037;12038;0.37074148296593185;1.0;24;True
12038;12039;0.3807615230460922;1.0;24;True
12039;12040;0.3907815631262525;1.0;24;True
12040;12041;0.4008016032064128;1.0;24;True
12041;12042;0.4108216432865731;1.0;24;True
12042;12043;0.42084168336673344;1.0;24;True
12043;12044;0.4308617234468938;1.0;24;True
12044;12045;0.4408817635270541;1.0;24;True
12045;12046;0.45090180360721444;1.0;24;True
12046;12047;0.4609218436873747;1.0;24;True
12047;12048;0.47094188376753504;1.0;24;True
12048;12049;0.48096192384769537;1.0;24;True
12049;12050;0.4909819639278557;1.0;24;True
12050;12051;0.501002004008016;1.0;24;True
12051;12052;0.5110220440881763;1.0;24;True
12052;12053;0.5210420841683366;1.0;24;True
12053;12054;0.531062124248497;1.0;24;True
12054;12055;0.5410821643286573;1.0;24;True
12055;12056;0.5511022044088176;1.0;24;True
12056;12057;0.561122244488978;1.0;24;True
12057;12058;0.5711422845691383;1.0;24;True
12058;12059;0.5811623246492986;1.0;24;True
12059;12060;0.5911823647294588;1.0;24;True
12060;12061;0.6012024048096192;1.0;24;True
12061;12062;0.6112224448897795;1.0;24;True
12062;12063;0.6212424849699398;1.0;24;True
12063;12064;0.6312625250501002;1.0;24;True
12064;12065;0.6412825651302605;1.0;24;True
12065;12066;0.6513026052104208;1.0;24;True
12066;12067;0.6613226452905812;1.0;24;True
12067;12068;0.6713426853707415;1.0;24;True
12068;12069;0.6813627254509018;1.0;24;True
12069;12070;0.6913827655310621;1.0;24;True
12070;12071;0.7014028056112224;1.0;24;True
12071;12072;0.7114228456913827;1.0;24;True
12072;12073;0.721442885771543;1.0;24;True
12073;12074;0.7314629258517034;1.0;24;True
12074;12075;0.7414829659318637;1.0;24;True
12075;12076;0.751503006012024;1.0;24;True
12076;12077;0.7615230460921844;1.0;24;True
12077;12078;0.7715430861723447;1.0;24;True
12078;12079;0.781563126252505;1.0;24;True
12079;12080;0.7915831663326653;1.0;24;True
12080;12081;0.8016032064128256;1.0;24;True
12081;12082;0.8116232464929859;1.0;24;True
12082;12083;0.8216432865731462;1.0;24;True
12083;12084;0.8316633266533066;1.0;24;True
12084;12085;0.8416833667334669;1.0;24;True
12085;12086;0.8517034068136272;1.0;24;True
12086;12087;0.8617234468937875;1.0;24;True
12087;12088;0.8717434869739479;1.0;24;True
12088;12089;0.8817635270541082;1.0;24;True
12089;12090;0.8917835671342685;1.0;24;True
12090;12091;0.9018036072144289;1.0;24;True
12091;12092;0.9118236472945891;1.0;24;True
12092;12093;0.9218436873747494;1.0;24;True
12093;12094;0.9318637274549098;1.0;24;True
12094;12095;0.9418837675350701;1.0;24;True
12095;12096;0.9519038076152304;1.0;24;True
12096;12097;0.9619238476953907;1.0;24;True
12097;12098;0.9719438877755511;1.0;24;True
12098;12099;0.9819639278557114;1.0;24;True
12099;12100;0.9919839679358717;1.0;24;True
12100;12101;1.002004008016032;1.0;24;True
12101;12102;1.0120240480961924;1.0;24;True
12102;12103;1.0220440881763526;1.0;24;True
12103;12104;1.032064128256513;1.0;24;True
12104;12105;1.0420841683366733;1.0;24;True
12105;12106;1.0521042084168337;1.0;24;True
12106;12107;1.062124248496994;1.0;24;True
12107;12108;1.0721442885771542;1.0;24;True
12108;12109;1.0821643286573146;1.0;24;True
12109;12110;1.0921843687374748;1.0;24;True
12110;12111;1.1022044088176353;1.0;24;True
12111;12112;1.1122244488977955;1.0;24;True
12112;12113;1.122244488977956;1.0;24;True
12113;12114;1.1322645290581161;1.0;24;True
12114;12115;1.1422845691382766;1.0;24;True
12115;12116;1.1523046092184368;1.0;24;True
12116;12117;1.1623246492985972;1.0;24;True
12117;12118;1.1723446893787575;1.0;24;True
12118;12119;1.1823647294589177;1.0;24;True
12119;12120;1.1923847695390781;1.0;24;True
12120;12121;1.2024048096192383;1.0;24;True
12121;12122;1.2124248496993988;1.0;24;True
12122;12123;1.222444889779559;1.0;24;True
12123;12124;1.2324649298597194;1.0;24;True
12124;12125;1.2424849699398797;1.0;24;True
12125;12126;1.25250501002004;1.0;24;True
12126;12127;1.2625250501002003;1.0;24;True
12127;12128;1.2725450901803608;1.0;24;True
12128;12129;1.282565130260521;1.0;24;True
12129;12130;1.2925851703406812;1.0;24;True
12130;12131;1.3026052104208417;1.0;24;True
12131;12132;1.3126252505010019;1.0;24;True
12132;12133;1.3226452905811623;1.0;24;True
12133;12134;1.3326653306613225;1.0;24;True
12134;12135;1.342685370741483;1.0;24;True
12135;12136;1.3527054108216432;1.0;24;True
12136;12137;1.3627254509018036;1.0;24;True
12137;12138;1.3727454909819639;1.0;24;True
12138;12139;1.3827655310621243;1.0;24;True
12139;12140;1.3927855711422845;1.0;24;True
12140;12141;1.4028056112224447;1.0;24;True
12141;12142;1.4128256513026052;1.0;24;True
12142;12143;1.4228456913827654;1.0;24;True
12143;12144;1.4328657314629258;1.0;24;True
12144;12145;1.442885771543086;1.0;24;True
12145;12146;1.4529058116232465;1.0;24;True
12146;12147;1.4629258517034067;1.0;24;True
12147;12148;1.4729458917835672;1.0;24;True
12148;12149;1.4829659318637274;1.0;24;True
12149;12150;1.4929859719438878;1.0;24;True
12150;12151;1.503006012024048;1.0;24;True
12151;12152;1.5130260521042083;1.0;24;True
12152;12153;1.5230460921843687;1.0;24;True
12153;12154;1.533066132264529;1.0;24;True
12154;12155;1.5430861723446894;1.0;24;True
12155;12156;1.5531062124248496;1.0;24;True
12156;12157;1.56312625250501;1.0;24;True
12157;12158;1.5731462925851702;1.0;24;True
12158;12159;1.5831663326653307;1.0;24;True
12159;12160;1.593186372745491;1.0;24;True
12160;12161;1.6032064128256511;1.0;24;True
12161;12162;1.6132264529058116;1.0;24;True
12162;12163;1.6232464929859718;1.0;24;True
12163;12164;1.6332665330661322;1.0;24;True
12164;12165;1.6432865731462925;1.0;24;True
12165;12166;1.653306613226453;1.0;24;True
12166;12167;1.6633266533066131;1.0;24;True
12167;12168;1.6733466933867736;1.0;24;True
12168;12169;1.6833667334669338;1.0;24;True
12169;12170;1.6933867735470942;1.0;24;True
12170;12171;1.7034068136272544;1.0;24;True
12171;12172;1.7134268537074147;1.0;24;True
12172;12173;1.723446893787575;1.0;24;True
12173;12174;1.7334669338677353;1.0;24;True
12174;12175;1.7434869739478958;1.0;24;True
12175;12176;1.753507014028056;1.0;24;True
12176;12177;1.7635270541082164;1.0;24;True
12177;12178;1.7735470941883766;1.0;24;True
12178;12179;1.783567134268537;1.0;24;True
12179;12180;1.7935871743486973;1.0;24;True
12180;12181;1.8036072144288577;1.0;24;True
12181;12182;1.813627254509018;1.0;24;True
12182;12183;1.8236472945891782;1.0;24;True
12183;12184;1.8336673346693386;1.0;24;True
12184;12185;1.8436873747494988;1.0;24;True
12185;12186;1.8537074148296593;1.0;24;True
12186;12187;1.8637274549098195;1.0;24;True
12187;12188;1.87374749498998;1.0;24;True
12188;12189;1.8837675350701402;1.0;24;True
12189;12190;1.8937875751503006;1.0;24;True
12190;12191;1.9038076152304608;1.0;24;True
12191;12192;1.9138276553106213;1.0;24;True
12192;12193;1.9238476953907815;1.0;24;True
12193;12194;1.9338677354709417;1.0;24;True
12194;12195;1.9438877755511021;1.0;24;True
12195;12196;1.9539078156312624;1.0;24;True
12196;12197;1.9639278557114228;1.0;24;True
12197;12198;1.973947895791583;1.0;24;True
12198;12199;1.9839679358717435;1.0;24;True
12199;12200;1.9939879759519037;1.0;24;True
12200;12201;2.004008016032064;1.0;24;True
12201;12202;2.0140280561122244;1.0;24;True
12202;12203;2.024048096192385;1.0;24;True
12203;12204;2.034068136272545;1.0;24;True
12204;12205;2.0440881763527052;1.0;24;True
12205;12206;2.0541082164328657;1.0;24;True
12206;12207;2.064128256513026;1.0;24;True
12207;12208;2.074148296593186;1.0;24;True
12208;12209;2.0841683366733466;1.0;24;True
12209;12210;2.094188376753507;1.0;24;True
12210;12211;2.1042084168336674;1.0;24;True
12211;12212;2.1142284569138274;1.0;24;True
12212;12213;2.124248496993988;1.0;24;True
12213;12214;2.1342685370741483;1.0;24;True
12214;12215;2.1442885771543083;1.0;24;True
12215;12216;2.1543086172344688;1.0;24;True
12216;12217;2.164328657314629;1.0;24;True
12217;12218;2.1743486973947896;1.0;24;True
12218;12219;2.1843687374749496;1.0;24;True
12219;12220;2.19438877755511;1.0;24;True
12220;12221;2.2044088176352705;1.0;24;True
12221;12222;2.214428857715431;1.0;24;True
12222;12223;2.224448897795591;1.0;24;True
12223;12224;2.2344689378757514;1.0;24;True
12224;12225;2.244488977955912;1.0;24;True
12225;12226;2.254509018036072;0.9999964435261898;24;True
12226;12227;2.2645290581162323;0.9999631667503417;24;True
12227;12228;2.2745490981963927;0.9998953845145626;24;True
12228;12229;2.284569138276553;0.9997941700682614;24;True
12229;12230;2.294589178356713;0.9996611260193103;24;True
12230;12231;2.3046092184368736;0.9994983589586951;24;True
12231;12232;2.314629258517034;0.9993084461052041;24;True
12232;12233;2.3246492985971945;0.9990943944982982;24;True
12233;12234;2.3346693386773545;0.9988595933852917;24;True
12234;12235;2.344689378757515;0.998607760556736;24;True
12235;12236;2.3547094188376754;0.9983428834797194;24;True
12236;12237;2.3647294589178354;0.9980691561611682;24;True
12237;12238;2.374749498997996;0.9977909127408376;24;True
12238;12239;2.3847695390781563;0.9975125588654722;24;True
12239;12240;2.3947895791583167;0.9972385019307372;24;True
12240;12241;2.4048096192384767;0.9969730812954604;24;True
12241;12242;2.414829659318637;0.9967204995731527;24;True
12242;12243;2.4248496993987976;0.9964847560887263;24;True
12243;12244;2.434869739478958;0.9962695835540396;24;True
12244;12245;2.444889779559118;0.9960783889649374;24;True
12245;12246;2.4549098196392785;0.9959141996556077;24;True
12246;12247;2.464929859719439;0.9957796153644207;24;True
12247;12248;2.474949899799599;0.995676767070228;24;True
12248;12249;2.4849699398797593;0.9956072832508993;24;True
12249;12250;2.49498997995992;0.9955722640983532;24;True
12250;12251;2.50501002004008;0.9955722640983532;24;True
12251;12252;2.51503006012024;0.9956072832508993;24;True
12252;12253;2.5250501002004007;0.995676767070228;24;True
12253;12254;2.535070140280561;0.9957796153644207;24;True
12254;12255;2.5450901803607215;0.9959141996556077;24;True
12255;12256;2.5551102204408815;0.9960783889649374;24;True
12256;12257;2.565130260521042;0.9962695835540396;24;True
12257;12258;2.5751503006012024;0.9964847560887263;24;True
12258;12259;2.5851703406813624;0.9967204995731527;24;True
12259;12260;2.595190380761523;0.9969730812954604;24;True
12260;12261;2.6052104208416833;0.9972385019307372;24;True
12261;12262;2.6152304609218437;0.9975125588654722;24;True
12262;12263;2.6252505010020037;0.9977909127408376;24;True
12263;12264;2.635270541082164;0.9980691561611682;24;True
12264;12265;2.6452905811623246;0.9983428834797194;24;True
12265;12266;2.655310621242485;0.998607760556736;24;True
12266;12267;2.665330661322645;0.9988595933852917;24;True
12267;12268;2.6753507014028055;0.9990943944982982;24;True
12268;12269;2.685370741482966;0.9993084461052041;24;True
12269;12270;2.695390781563126;0.999498358958695;24;True
12270;12271;2.7054108216432864;0.9996611260193103;24;True
12271;12272;2.715430861723447;0.9997941700682614;24;True
12272;12273;2.7254509018036073;0.9998953845145626;24;True
12273;12274;2.7354709418837673;0.9999631667503417;24;True
12274;12275;2.7454909819639277;0.9999964435261898;24;True
12275;12276;2.755511022044088;1.0;24;True
12276;12277;2.7655310621242486;1.0;24;True
12277;12278;2.7755511022044086;1.0;24;True
12278;12279;2.785571142284569;1.0;24;True
12279;12280;2.7955911823647295;1.0;24;True
12280;12281;2.8056112224448895;1.0;24;True
12281;12282;2.81563126252505;1.0;24;True
12282;12283;2.8256513026052104;1.0;24;True
12283;12284;2.835671342685371;1.0;24;True
12284;12285;2.845691382765531;1.0;24;True
12285;12286;2.8557114228456912;1.0;24;True
12286;12287;2.8657314629258517;1.0;24;True
12287;12288;2.875751503006012;1.0;24;True
12288;12289;2.885771543086172;1.0;24;True
12289;12290;2.8957915831663326;1.0;24;True
12290;12291;2.905811623246493;1.0;24;True
12291;12292;2.915831663326653;1.0;24;True
12292;12293;2.9258517034068134;1.0;24;True
12293;12294;2.935871743486974;1.0;24;True
12294;12295;2.9458917835671343;1.0;24;True
12295;12296;2.9559118236472943;1.0;24;True
12296;12297;2.9659318637274548;1.0;24;True
12297;12298;2.975951903807615;1.0;24;True
12298;12299;2.9859719438877756;1.0;24;True
12299;12300;2.9959919839679356;1.0;24;True
12300;12301;3.006012024048096;1.0;24;True
12301;12302;3.0160320641282565;1.0;24;True
12302;12303;3.0260521042084165;1.0;24;True
12303;12304;3.036072144288577;1.0;24;True
12304;12305;3.0460921843687374;1.0;24;True
12305;12306;3.056112224448898;1.0;24;True
12306;12307;3.066132264529058;1.0;24;True
12307;12308;3.0761523046092183;1.0;24;True
12308;12309;3.0861723446893787;1.0;24;True
12309;12310;3.096192384769539;1.0;24;True
12310;12311;3.106212424849699;1.0;24;True
12311;12312;3.1162324649298596;1.0;24;True
12312;12313;3.12625250501002;1.0;24;True
12313;12314;3.13627254509018;1.0;24;True
12314;12315;3.1462925851703405;1.0;24;True
12315;12316;3.156312625250501;1.0;24;True
12316;12317;3.1663326653306614;1.0;24;True
12317;12318;3.1763527054108214;1.0;24;True
12318;12319;3.186372745490982;1.0;24;True
12319;12320;3.1963927855711423;1.0;24;True
12320;12321;3.2064128256513023;1.0;24;True
12321;12322;3.2164328657314627;1.0;24;True
12322;12323;3.226452905811623;1.0;24;True
12323;12324;3.2364729458917836;1.0;24;True
12324;12325;3.2464929859719436;1.0;24;True
12325;12326;3.256513026052104;1.0;24;True
12326;12327;3.2665330661322645;1.0;24;True
12327;12328;3.276553106212425;1.0;24;True
12328;12329;3.286573146292585;1.0;24;True
12329;12330;3.2965931863727453;1.0;24;True
12330;12331;3.306613226452906;1.0;24;True
12331;12332;3.316633266533066;1.0;24;True
12332;12333;3.3266533066132262;1.0;24;True
12333;12334;3.3366733466933867;1.0;24;True
12334;12335;3.346693386773547;1.0;24;True
12335;12336;3.356713426853707;1.0;24;True
12336;12337;3.3667334669338675;1.0;24;True
12337;12338;3.376753507014028;1.0;24;True
12338;12339;3.3867735470941884;1.0;24;True
12339;12340;3.3967935871743484;1.0;24;True
12340;12341;3.406813627254509;1.0;24;True
12341;12342;3.4168336673346693;1.0;24;True
12342;12343;3.4268537074148293;1.0;24;True
12343;12344;3.4368737474949898;1.0;24;True
12344;12345;3.44689378757515;1.0;24;True
12345;12346;3.4569138276553106;1.0;24;True
12346;12347;3.4669338677354706;1.0;24;True
12347;12348;3.476953907815631;1.0;24;True
12348;12349;3.4869739478957915;1.0;24;True
12349;12350;3.496993987975952;1.0;24;True
12350;12351;3.507014028056112;1.0;24;True
12351;12352;3.5170340681362724;1.0;24;True
12352;12353;3.527054108216433;1.0;24;True
12353;12354;3.537074148296593;1.0;24;True
12354;12355;3.5470941883767533;1.0;24;True
12355;12356;3.5571142284569137;1.0;24;True
12356;12357;3.567134268537074;1.0;24;True
12357;12358;3.577154308617234;1.0;24;True
12358;12359;3.5871743486973946;1.0;24;True
12359;12360;3.597194388777555;1.0;24;True
12360;12361;3.6072144288577155;1.0;24;True
12361;12362;3.6172344689378755;1.0;24;True
12362;12363;3.627254509018036;1.0;24;True
12363;12364;3.6372745490981964;1.0;24;True
12364;12365;3.6472945891783564;1.0;24;True
12365;12366;3.657314629258517;1.0;24;True
12366;12367;3.6673346693386772;1.0;24;True
12367;12368;3.6773547094188377;1.0;24;True
12368;12369;3.6873747494989977;1.0;24;True
12369;12370;3.697394789579158;1.0;24;True
12370;12371;3.7074148296593186;1.0;24;True
12371;12372;3.717434869739479;1.0;24;True
12372;12373;3.727454909819639;1.0;24;True
12373;12374;3.7374749498997994;1.0;24;True
12374;12375;3.74749498997996;1.0;24;True
12375;12376;3.75751503006012;1.0;24;True
12376;12377;3.7675350701402803;1.0;24;True
12377;12378;3.7775551102204408;1.0;24;True
12378;12379;3.787575150300601;1.0;24;True
12379;12380;3.797595190380761;1.0;24;True
12380;12381;3.8076152304609217;1.0;24;True
12381;12382;3.817635270541082;1.0;24;True
12382;12383;3.8276553106212425;1.0;24;True
12383;12384;3.8376753507014025;1.0;24;True
12384;12385;3.847695390781563;1.0;24;True
12385;12386;3.8577154308617234;1.0;24;True
12386;12387;3.8677354709418834;1.0;24;True
12387;12388;3.877755511022044;1.0;24;True
12388;12389;3.8877755511022043;1.0;24;True
12389;12390;3.8977955911823647;1.0;24;True
12390;12391;3.9078156312625247;1.0;24;True
12391;12392;3.917835671342685;1.0;24;True
12392;12393;3.9278557114228456;1.0;24;True
12393;12394;3.937875751503006;1.0;24;True
12394;12395;3.947895791583166;1.0;24;True
12395;12396;3.9579158316633265;1.0;24;True
12396;12397;3.967935871743487;1.0;24;True
12397;12398;3.977955911823647;1.0;24;True
12398;12399;3.9879759519038074;1.0;24;True
12399;12400;3.997995991983968;1.0;24;True
12400;12401;4.008016032064128;1.0;24;True
12401;12402;4.018036072144288;1.0;24;True
12402;12403;4.028056112224449;1.0;24;True
12403;12404;4.038076152304609;1.0;24;True
12404;12405;4.04809619238477;1.0;24;True
12405;12406;4.05811623246493;1.0;24;True
12406;12407;4.06813627254509;1.0;24;True
12407;12408;4.07815631262525;1.0;24;True
12408;12409;4.0881763527054105;1.0;24;True
12409;12410;4.098196392785571;1.0;24;True
12410;12411;4.108216432865731;1.0;24;True
12411;12412;4.118236472945892;1.0;24;True
12412;12413;4.128256513026052;1.0;24;True
12413;12414;4.138276553106213;1.0;24;True
12414;12415;4.148296593186372;1.0;24;True
12415;12416;4.158316633266533;1.0;24;True
12416;12417;4.168336673346693;1.0;24;True
12417;12418;4.1783567134268536;1.0;24;True
12418;12419;4.188376753507014;1.0;24;True
12419;12420;4.198396793587174;1.0;24;True
12420;12421;4.208416833667335;1.0;24;True
12421;12422;4.218436873747494;1.0;24;True
12422;12423;4.228456913827655;1.0;24;True
12423;12424;4.238476953907815;1.0;24;True
12424;12425;4.248496993987976;1.0;24;True
12425;12426;4.258517034068136;1.0;24;True
12426;12427;4.268537074148297;1.0;24;True
12427;12428;4.278557114228457;1.0;24;True
12428;12429;4.288577154308617;1.0;24;True
12429;12430;4.298597194388777;1.0;24;True
12430;12431;4.3086172344689375;1.0;24;True
12431;12432;4.318637274549098;1.0;24;True
12432;12433;4.328657314629258;1.0;24;True
12433;12434;4.338677354709419;1.0;24;True
12434;12435;4.348697394789579;1.0;24;True
12435;12436;4.35871743486974;1.0;24;True
12436;12437;4.368737474949899;1.0;24;True
12437;12438;4.37875751503006;1.0;24;True
12438;12439;4.38877755511022;1.0;24;True
12439;12440;4.398797595190381;1.0;24;True
12440;12441;4.408817635270541;1.0;24;True
12441;12442;4.4188376753507015;1.0;24;True
12442;12443;4.428857715430862;1.0;24;True
12443;12444;4.4388777555110215;1.0;24;True
12444;12445;4.448897795591182;1.0;24;True
12445;12446;4.458917835671342;1.0;24;True
12446;12447;4.468937875751503;1.0;24;True
12447;12448;4.478957915831663;1.0;24;True
12448;12449;4.488977955911824;1.0;24;True
12449;12450;4.498997995991984;1.0;24;True
12450;12451;4.509018036072144;1.0;24;True
12451;12452;4.519038076152304;1.0;24;True
12452;12453;4.529058116232465;1.0;24;True
12453;12454;4.539078156312625;1.0;24;True
12454;12455;4.5490981963927855;1.0;24;True
12455;12456;4.559118236472946;1.0;24;True
12456;12457;4.569138276553106;1.0;24;True
12457;12458;4.579158316633267;1.0;24;True
12458;12459;4.589178356713426;1.0;24;True
12459;12460;4.599198396793587;1.0;24;True
12460;12461;4.609218436873747;1.0;24;True
12461;12462;4.619238476953908;1.0;24;True
12462;12463;4.629258517034068;1.0;24;True
12463;12464;4.6392785571142285;1.0;24;True
12464;12465;4.649298597194389;1.0;24;True
12465;12466;4.6593186372745485;1.0;24;True
12466;12467;4.669338677354709;1.0;24;True
12467;12468;4.679358717434869;1.0;24;True
12468;12469;4.68937875751503;1.0;24;True
12469;12470;4.69939879759519;1.0;24;True
12470;12471;4.709418837675351;1.0;24;True
12471;12472;4.719438877755511;1.0;24;True
12472;12473;4.729458917835671;1.0;24;True
12473;12474;4.739478957915831;1.0;24;True
12474;12475;4.749498997995992;1.0;24;True
12475;12476;4.759519038076152;1.0;24;True
12476;12477;4.7695390781563125;1.0;24;True
12477;12478;4.779559118236473;1.0;24;True
12478;12479;4.789579158316633;1.0;24;True
12479;12480;4.799599198396794;1.0;24;True
12480;12481;4.809619238476953;1.0;24;True
12481;12482;4.819639278557114;1.0;24;True
12482;12483;4.829659318637274;1.0;24;True
12483;12484;4.839679358717435;1.0;24;True
12484;12485;4.849699398797595;1.0;24;True
12485;12486;4.859719438877756;1.0;24;True
12486;12487;4.869739478957916;1.0;24;True
12487;12488;4.879759519038076;1.0;24;True
12488;12489;4.889779559118236;1.0;24;True
12489;12490;4.8997995991983965;1.0;24;True
12490;12491;4.909819639278557;1.0;24;True
12491;12492;4.919839679358717;1.0;24;True
12492;12493;4.929859719438878;1.0;24;True
12493;12494;4.939879759519038;1.0;24;True
12494;12495;4.949899799599198;1.0;24;True
12495;12496;4.959919839679358;1.0;24;True
12496;12497;4.969939879759519;1.0;24;True
12497;12498;4.979959919839679;1.0;24;True
12498;12499;4.98997995991984;1.0;24;True
12499;12500;5.0;1.0;24;True
